word,mass,drag,restitution,warmth,age,intensity
the,0.0,0.0,0.0,0.0,0.0,0.0
to,0.0,-0.1,0.0,0.0,0.0,0.0
and,0.0,0.0,0.0,0.0,0.0,0.0
of,0.0,0.0,0.0,0.0,0.0,0.0
a,0.0,0.1,0.0,0.0,0.0,0.0
in,0.0,0.0,0.0,0.0,0.0,0.0
i,-0.1,-0.2,0.1,0.1,-0.1,0.0
is,0.0,0.0,0.0,0.0,0.0,0.0
for,0.0,0.0,0.0,0.0,0.0,0.0
that,0.0,0.0,0.0,0.0,0.0,0.0
you,0.0,0.0,0.1,0.1,-0.1,0.0
it,0.0,0.0,0.0,0.0,0.0,0.0
on,0.0,0.0,0.0,0.0,0.0,0.0
with,0.0,0.0,0.0,0.1,0.0,0.0
this,0.0,0.0,0.0,0.0,-0.1,0.0
was,0.0,0.0,0.0,0.0,0.1,0.0
be,0.0,0.0,0.0,0.0,0.0,0.0
as,0.0,0.0,0.0,0.0,0.0,0.0
are,0.0,0.0,0.0,0.0,0.0,0.0
have,0.0,0.0,0.0,0.0,0.0,0.0
at,0.0,-0.1,0.0,0.0,0.0,0.0
he,0.0,0.0,0.0,0.0,0.0,0.0
not,0.0,0.0,0.0,-0.1,0.0,0.1
by,0.0,0.0,0.0,0.0,0.0,0.0
but,0.0,0.0,0.0,0.0,0.0,0.0
from,0.0,0.0,0.0,0.0,0.0,0.0
my,0.0,0.0,0.0,0.1,0.0,0.0
or,0.0,0.0,0.0,0.0,0.0,0.0
we,0.0,0.0,0.1,0.1,0.0,0.0
an,0.0,0.0,0.0,0.0,0.0,0.0
your,0.0,0.0,0.0,0.1,0.0,0.0
all,0.1,0.2,0.0,0.0,0.0,0.1
so,0.0,0.1,0.0,0.0,0.0,0.0
his,0.0,0.0,0.0,0.0,0.0,0.0
they,0.0,0.0,0.0,0.0,0.0,0.0
me,-0.1,0.0,0.1,0.1,-0.1,0.0
if,0.0,0.2,0.0,0.0,0.0,0.0
one,0.0,0.0,0.0,0.0,0.0,0.0
can,0.0,0.0,0.0,0.0,0.0,0.0
will,0.0,0.0,0.0,0.0,0.0,0.0
just,-0.1,-0.1,0.0,0.0,0.0,0.0
like,0.0,0.0,0.0,0.0,0.0,0.0
about,0.0,0.2,0.0,0.0,0.0,0.0
up,-0.1,0.3,0.1,0.0,0.0,0.0
out,0.0,0.0,0.0,0.0,0.0,0.0
what,0.0,0.1,0.0,0.0,0.0,0.1
has,0.0,0.0,0.0,0.0,0.0,0.0
when,0.0,0.0,0.0,0.0,0.0,0.0
more,0.1,0.0,0.0,0.0,0.0,0.0
do,0.0,-0.1,0.0,0.0,0.0,0.0
no,-0.1,-0.2,-0.2,-0.1,0.0,0.2
were,0.0,0.0,0.0,0.0,0.0,0.0
who,0.0,0.1,0.0,0.1,0.0,0.0
had,0.0,0.0,0.0,0.0,0.1,0.0
their,0.0,0.0,0.0,0.0,0.0,0.0
there,0.0,0.0,0.0,0.0,0.0,0.0
her,0.0,0.1,0.1,0.2,0.0,0.0
which,0.0,0.1,0.0,0.0,0.0,0.0
time,0.3,0.0,-0.2,-0.1,0.6,-0.2
get,0.1,-0.1,0.3,0.1,-0.2,0.2
been,0.0,0.0,0.0,0.0,0.2,0.0
would,0.0,0.0,0.0,0.0,0.0,0.0
she,0.0,0.1,0.1,0.2,0.0,0.0
new,-0.2,0.2,0.4,0.1,-0.8,0.3
people,0.2,0.0,0.1,0.4,0.2,0.1
how,0.0,0.1,0.1,0.0,0.0,0.1
some,0.0,0.1,0.0,0.0,0.0,0.0
also,0.0,0.0,0.0,0.0,0.0,0.0
them,0.0,0.0,0.0,0.0,0.0,0.0
now,-0.1,-0.2,0.2,0.2,-0.7,0.2
other,0.0,0.0,0.0,0.0,0.0,0.0
its,0.0,0.0,0.0,0.0,0.0,0.0
our,0.0,0.0,0.0,0.3,0.0,0.0
than,0.0,0.0,0.0,0.0,0.0,0.0
good,0.1,0.1,0.2,0.5,0.0,0.1
only,-0.1,0.1,0.0,-0.1,0.0,-0.2
after,0.0,0.1,0.0,0.0,0.1,0.0
first,0.2,-0.1,0.2,0.1,-0.3,0.2
him,0.0,0.0,0.0,0.1,0.0,0.0
into,0.0,-0.2,0.1,0.0,0.0,0.0
know,0.2,0.0,-0.1,0.2,0.3,-0.2
see,-0.2,-0.1,0.1,0.1,0.0,-0.1
two,0.1,0.0,0.1,0.0,0.0,0.0
make,0.2,0.0,0.2,0.2,0.0,0.1
over,0.0,0.2,0.2,0.0,0.0,0.0
think,0.1,0.2,-0.2,-0.1,0.1,-0.3
any,0.0,0.1,0.0,0.0,0.0,0.0
then,0.0,0.0,0.0,0.0,0.0,0.0
could,0.0,0.1,0.0,0.0,0.0,0.0
back,0.1,-0.1,0.3,0.0,0.0,0.1
these,0.0,0.0,0.0,0.0,0.0,0.0
us,0.0,0.0,0.1,0.4,0.0,0.0
want,0.1,0.0,0.2,0.3,-0.2,0.3
because,0.1,0.0,0.0,0.0,0.0,0.0
go,-0.1,-0.3,0.5,0.1,-0.2,0.3
well,0.1,0.0,0.1,0.3,0.1,0.0
said,0.0,0.0,-0.1,0.1,0.1,0.1
way,0.0,0.1,0.1,0.0,0.1,0.0
most,0.2,0.0,0.0,0.1,0.1,0.2
much,0.2,0.0,-0.1,0.1,0.0,0.1
very,0.0,0.1,0.0,0.0,0.0,0.1
where,0.0,0.1,0.0,0.0,0.0,0.0
even,0.0,0.0,0.0,0.0,0.0,0.0
should,0.1,0.1,0.0,0.0,0.0,0.0
may,0.0,0.3,0.0,0.1,0.0,0.0
here,0.1,-0.1,0.0,0.1,0.0,0.0
need,0.4,-0.1,-0.2,0.2,0.0,0.5
really,-0.1,0.1,0.2,0.1,-0.1,0.3
did,0.1,-0.2,0.0,0.0,0.0,0.2
right,0.2,-0.1,0.3,0.0,0.0,0.3
work,0.5,0.0,-0.4,0.2,0.2,0.1
year,0.3,0.2,-0.1,0.0,0.4,-0.2
years,0.6,0.1,-0.2,-0.1,0.6,-0.2
being,0.1,0.3,0.2,0.3,0.3,-0.3
day,-0.1,0.2,0.2,0.6,0.0,0.0
too,0.0,0.0,0.0,0.0,0.0,0.0
going,-0.2,0.0,0.5,0.1,-0.3,0.2
before,0.1,0.1,0.0,0.0,0.1,0.0
off,0.0,-0.2,0.1,0.0,0.0,0.0
why,0.0,0.2,0.0,0.0,0.0,0.0
made,0.3,0.0,-0.2,0.1,0.2,0.1
still,0.3,0.4,-0.7,-0.3,0.3,-0.8
take,0.2,-0.1,-0.1,0.0,0.0,0.2
got,0.2,-0.1,0.2,0.1,-0.2,0.3
many,0.4,0.3,0.1,0.0,0.2,0.1
never,0.6,-0.1,-0.8,-0.5,0.7,0.2
those,0.1,0.1,0.0,0.0,0.1,0.0
life,0.2,0.3,0.6,0.7,0.4,0.3
say,-0.2,0.2,0.1,0.1,0.0,0.2
world,0.9,0.0,-0.4,0.2,0.8,0.1
down,0.5,-0.3,-0.5,-0.1,0.0,-0.2
great,0.6,0.2,0.3,0.4,0.3,0.6
through,0.0,-0.4,0.0,0.0,0.0,0.0
last,0.5,0.0,-0.6,-0.3,0.6,0.1
while,0.0,0.3,0.0,0.0,0.0,-0.1
best,0.3,0.1,0.5,0.5,0.1,0.4
such,0.0,0.0,0.0,0.0,0.0,0.0
love,0.3,0.4,0.3,0.9,0.6,0.4
man,0.5,0.0,-0.1,0.4,0.4,0.2
home,0.4,0.2,-0.2,0.8,0.3,-0.3
long,0.4,0.2,-0.2,0.0,0.5,-0.2
look,-0.1,-0.2,0.3,0.0,-0.1,0.1
something,0.1,0.1,0.0,0.0,-0.1,-0.2
use,0.2,0.0,-0.1,0.0,0.1,0.0
same,0.2,0.0,-0.4,-0.1,0.2,-0.3
used,0.3,0.0,-0.5,-0.1,0.4,-0.2
both,0.1,0.0,0.0,0.0,0.0,0.0
every,0.1,0.1,0.0,0.0,0.0,0.0
am,0.0,0.0,0.0,0.1,0.0,0.0
come,0.1,0.0,0.2,0.3,0.0,0.3
part,-0.1,0.1,0.1,0.0,0.0,-0.1
state,0.3,0.0,-0.2,-0.1,0.2,0.1
three,0.0,0.0,0.0,0.0,0.0,0.0
around,-0.2,0.3,0.3,0.0,0.0,-0.1
between,0.0,0.0,0.1,-0.1,0.0,-0.2
always,0.2,0.1,-0.1,0.1,0.5,0.1
better,-0.1,0.1,0.3,0.3,-0.1,0.2
find,0.1,-0.1,0.2,0.2,0.0,0.2
help,0.1,0.2,0.2,0.6,0.0,0.3
high,-0.4,0.5,0.4,0.1,0.0,0.2
little,-0.5,0.3,0.3,0.2,-0.4,-0.3
old,0.3,0.0,-0.3,0.1,0.8,-0.2
since,0.0,0.0,0.0,0.0,0.1,0.0
another,0.0,0.0,0.1,0.0,-0.1,0.0
does,0.0,0.0,0.0,0.0,0.0,0.0
own,0.2,0.0,-0.2,0.2,0.1,0.1
things,0.1,0.0,0.0,0.0,0.0,0.0
under,0.2,-0.1,-0.3,-0.2,0.0,-0.2
during,0.0,0.1,0.0,0.0,0.0,0.0
game,-0.2,0.2,0.7,0.3,-0.3,0.4
thing,0.1,0.0,0.0,0.0,0.0,0.0
give,-0.1,0.1,0.2,0.5,0.0,0.1
house,0.6,0.0,-0.4,0.6,0.2,-0.1
place,0.2,0.0,-0.1,0.1,0.1,-0.1
school,0.5,0.0,-0.2,0.1,0.3,0.3
again,-0.1,0.1,0.5,0.0,-0.1,0.2
next,-0.2,-0.2,0.4,-0.1,-0.5,0.1
each,0.0,0.0,0.0,0.0,0.0,0.0
mr,0.1,0.0,-0.1,0.0,0.3,0.0
without,-0.3,0.3,-0.1,-0.4,0.0,-0.3
against,0.4,0.2,-0.3,-0.1,0.0,0.4
end,0.4,-0.2,-0.5,-0.2,0.2,0.1
found,0.2,0.0,-0.1,0.3,0.1,0.2
must,0.5,-0.1,-0.4,0.0,0.1,0.6
show,-0.1,0.2,0.3,0.2,-0.2,0.5
big,0.6,0.0,0.1,0.1,0.0,0.3
feel,-0.2,0.3,0.2,0.5,0.0,-0.2
sure,0.3,0.0,-0.2,0.2,0.0,0.2
team,0.3,0.0,0.3,0.4,-0.1,0.4
ever,-0.1,0.4,0.1,0.0,0.6,0.1
family,0.4,0.0,-0.1,0.8,0.4,0.2
keep,0.3,0.0,-0.3,0.2,0.1,0.1
might,0.1,0.3,0.1,0.0,0.0,0.1
please,-0.3,0.4,0.2,0.4,0.0,-0.2
put,0.1,-0.1,-0.2,0.0,0.0,0.0
money,0.3,0.2,0.1,-0.2,0.3,0.2
free,-0.6,0.6,0.6,0.3,0.0,0.3
second,-0.1,-0.1,0.2,-0.1,-0.3,0.1
someone,0.1,0.0,0.0,0.2,0.0,0.0
away,-0.4,0.5,0.2,-0.2,0.0,-0.3
left,-0.1,0.0,0.1,0.0,0.0,0.0
number,0.0,0.0,0.2,-0.2,0.2,0.0
city,0.7,0.0,-0.4,0.3,0.3,0.5
days,0.0,0.2,0.0,0.1,0.1,-0.2
lot,0.2,0.0,0.0,0.0,0.0,0.1
name,0.1,0.1,0.1,0.2,0.3,0.1
night,0.3,0.3,-0.2,-0.5,0.4,-0.5
play,-0.3,0.1,0.7,0.4,-0.2,0.4
until,0.0,0.0,0.0,0.0,0.0,0.0
company,0.3,0.0,-0.1,0.1,0.1,0.2
doing,-0.1,0.0,0.2,0.1,-0.2,0.1
few,-0.4,0.2,0.1,-0.1,0.0,-0.3
let,-0.2,0.1,0.3,0.0,0.0,0.0
real,0.3,0.0,0.1,0.1,0.2,0.1
called,0.0,0.1,0.0,0.0,0.0,0.2
different,0.0,0.0,0.2,0.0,-0.1,0.1
having,0.0,0.0,0.0,0.1,0.0,0.0
set,0.3,-0.1,-0.2,0.0,0.1,0.1
thought,0.1,0.5,0.1,0.2,0.1,-0.4
done,0.4,0.0,-0.5,0.1,0.2,0.2
however,0.0,0.1,0.0,0.0,0.0,0.0
getting,-0.1,0.0,0.2,0.1,-0.1,0.1
god,0.9,0.2,0.1,0.3,0.9,0.6
government,0.8,0.3,-0.6,-0.3,0.4,0.3
group,0.3,0.0,0.1,0.2,0.0,0.2
looking,-0.1,-0.3,0.0,0.0,0.0,-0.2
public,0.4,0.1,-0.1,0.0,0.1,0.3
top,0.1,-0.1,0.5,0.1,0.0,0.2
women,0.2,0.0,0.1,0.5,0.3,0.2
business,0.5,0.0,-0.3,-0.2,0.2,0.2
care,0.1,0.4,0.2,0.7,0.1,-0.3
start,-0.1,-0.3,0.6,0.2,-0.5,0.4
system,0.5,0.0,-0.2,-0.4,0.2,0.0
times,0.2,0.1,0.0,0.0,0.5,0.1
week,0.1,0.1,0.1,0.0,0.0,-0.1
already,0.1,0.0,0.0,0.0,0.1,0.1
anything,-0.2,0.2,0.1,0.0,-0.1,0.0
case,0.3,0.0,-0.2,-0.1,0.1,0.0
nothing,-0.8,-0.2,-0.5,-0.6,0.2,-0.8
person,0.2,0.0,0.2,0.4,0.1,0.1
today,-0.2,0.0,0.2,0.2,-0.7,0.1
change,0.1,0.2,0.5,0.1,-0.2,0.3
enough,0.3,0.0,-0.3,0.1,0.0,0.2
everything,0.8,0.1,0.0,0.2,0.3,0.4
full,0.6,0.1,-0.1,0.2,0.0,0.2
live,0.2,0.2,0.4,0.6,0.2,0.3
making,0.2,0.0,0.2,0.3,-0.1,0.2
point,0.0,-0.6,0.3,-0.1,0.0,0.1
read,0.1,0.2,0.1,0.2,0.2,-0.4
told,0.2,0.1,-0.1,0.1,0.1,0.3
yet,-0.1,0.1,0.1,0.0,-0.1,0.0
bad,0.2,-0.1,-0.3,-0.2,0.0,0.3
four,0.0,0.0,0.0,0.0,0.0,0.0
hard,0.6,-0.2,0.3,-0.2,0.2,0.4
mean,0.2,-0.1,-0.2,-0.3,0.0,0.2
once,-0.2,0.2,-0.1,0.1,0.3,-0.2
support,0.4,0.0,-0.1,0.3,0.1,0.1
tell,-0.1,0.0,0.2,0.2,0.0,0.3
including,0.0,0.1,0.0,0.0,0.0,0.0
music,0.1,0.4,0.4,0.5,0.4,0.5
power,0.6,-0.2,0.1,0.3,0.2,0.7
seen,-0.1,0.0,0.0,0.0,0.1,-0.2
states,0.5,0.0,-0.3,-0.1,0.3,0.2
stop,0.4,-0.3,-0.4,-0.1,0.0,0.6
water,0.2,0.1,-0.2,-0.2,0.6,0.1
based,0.3,-0.1,-0.3,0.0,0.1,0.0
believe,0.2,0.3,0.1,0.4,0.3,0.2
call,0.0,0.1,0.3,0.1,0.0,0.5
head,0.3,0.0,0.1,0.3,0.2,0.1
men,0.4,0.0,-0.1,0.2,0.3,0.2
national,0.4,0.1,-0.2,-0.1,0.2,0.2
small,-0.5,0.1,0.3,0.1,-0.1,-0.4
took,0.1,-0.1,-0.1,0.0,0.1,0.1
white,-0.2,0.4,0.1,-0.5,0.1,-0.1
came,0.0,0.0,0.1,0.1,0.1,0.1
far,-0.2,0.3,0.0,-0.2,0.2,-0.1
job,0.3,0.0,-0.2,0.1,0.1,0.1
side,0.1,0.0,0.0,0.0,0.0,0.0
though,0.0,0.2,0.0,0.0,0.0,0.0
try,0.1,0.1,0.4,0.2,-0.1,0.3
went,0.0,-0.1,0.1,0.0,0.1,0.1
yes,-0.1,0.1,0.5,0.4,0.0,0.4
actually,0.0,0.2,0.0,0.0,-0.2,0.0
american,0.3,0.0,0.0,0.1,-0.2,0.3
later,-0.2,0.3,0.1,0.0,-0.3,-0.2
less,-0.3,0.1,-0.1,-0.1,0.0,-0.3
line,-0.1,-0.3,0.2,-0.2,0.1,-0.1
order,0.4,-0.1,-0.3,-0.2,0.3,0.2
party,0.2,0.4,0.6,0.6,-0.1,0.7
run,0.1,-0.3,0.5,0.3,0.0,0.5
says,-0.1,0.0,0.2,0.1,0.0,0.2
service,0.2,0.0,-0.1,0.1,0.1,0.0
country,0.6,0.1,-0.2,0.3,0.5,0.2
open,-0.2,0.3,0.3,0.3,-0.1,0.2
season,0.2,0.2,0.1,0.2,0.4,0.1
shit,0.3,-0.2,-0.7,0.2,-0.1,0.7
thank,-0.1,0.1,0.3,0.6,0.1,0.2
children,-0.2,0.2,0.6,0.7,-0.6,0.6
everyone,0.2,0.1,0.1,0.3,0.0,0.3
general,0.5,0.0,-0.2,-0.1,0.3,0.4
trying,0.2,0.1,-0.2,0.2,0.0,0.3
united,0.4,0.0,0.1,0.4,0.2,0.3
using,0.0,0.0,0.0,0.0,0.0,0.0
area,0.1,0.3,0.0,0.0,0.1,-0.2
black,0.3,-0.1,-0.4,-0.3,0.3,0.2
following,0.0,0.2,0.1,0.0,-0.1,-0.2
law,0.7,-0.1,-0.6,-0.2,0.6,0.4
makes,0.0,0.0,0.2,0.1,0.0,0.1
together,0.3,0.1,0.3,0.6,0.1,0.2
war,0.8,-0.2,-0.7,0.7,0.5,0.9
whole,0.4,0.0,0.1,0.2,0.1,0.1
car,0.6,-0.1,0.2,0.2,-0.2,0.5
face,0.2,0.2,0.2,0.4,0.1,0.2
five,0.0,0.0,0.2,0.0,0.0,0.0
kind,-0.1,0.3,0.2,0.6,0.1,-0.3
maybe,-0.2,0.4,0.4,0.0,-0.1,-0.3
per,0.0,0.0,0.0,0.0,0.0,0.0
president,0.6,0.0,-0.2,0.1,0.3,0.4
story,0.1,0.3,0.2,0.4,0.4,0.1
working,0.3,0.0,-0.1,0.2,0.0,0.2
course,0.2,0.1,0.1,0.0,0.1,0.0
games,-0.1,0.2,0.7,0.3,-0.2,0.4
health,0.2,0.0,0.3,0.5,0.2,0.1
hope,-0.4,0.5,0.5,0.6,0.2,0.1
important,0.5,0.0,-0.2,0.1,0.1,0.3
least,-0.4,0.1,-0.1,-0.2,0.0,-0.4
means,0.1,0.0,0.0,0.0,0.1,0.0
news,-0.1,0.3,0.3,0.1,-0.6,0.4
within,0.0,0.0,0.0,0.1,0.1,-0.3
able,0.0,0.1,0.3,0.2,0.0,0.1
book,0.2,0.2,0.0,0.2,0.3,-0.3
early,-0.2,0.2,0.2,0.1,-0.4,-0.2
friends,0.1,0.2,0.4,0.8,0.1,0.3
information,0.1,0.3,-0.2,-0.3,-0.3,0.0
local,0.1,0.0,0.1,0.3,0.1,-0.1
oh,-0.5,0.4,0.6,0.3,0.0,0.4
post,0.2,-0.3,0.1,0.0,0.1,0.1
thanks,-0.2,0.2,0.4,0.6,0.0,0.3
video,0.0,0.1,0.2,0.1,-0.7,0.3
young,-0.3,0.2,0.6,0.3,-0.8,0.3
ago,0.1,0.2,-0.2,-0.1,0.4,-0.3
others,0.1,0.0,0.1,0.1,0.0,0.0
social,0.0,0.2,0.3,0.4,-0.2,0.2
talk,0.0,0.2,0.2,0.3,0.0,0.3
court,0.6,0.0,-0.3,-0.2,0.5,0.3
fact,0.5,-0.2,-0.4,-0.4,0.2,0.2
given,0.0,0.0,0.0,0.0,0.1,-0.1
guys,0.0,0.0,0.4,0.4,-0.3,0.3
half,-0.1,0.0,0.1,0.0,0.0,-0.1
hand,0.2,0.3,0.2,0.5,0.3,0.1
level,0.1,0.1,0.2,-0.1,0.0,-0.2
mind,-0.3,0.3,0.4,0.3,0.3,0.1
often,-0.2,0.1,0.1,0.0,0.0,-0.1
single,-0.1,-0.1,0.2,-0.2,-0.1,0.0
become,0.0,0.0,0.3,0.2,-0.2,0.2
body,0.5,0.0,-0.1,0.6,0.2,0.1
coming,0.0,-0.1,0.3,0.2,-0.3,0.3
control,0.6,-0.2,-0.4,-0.3,0.2,0.4
death,0.8,-0.3,-0.7,-0.8,0.8,0.2
food,0.2,0.0,-0.2,0.5,0.1,0.1
guy,0.2,0.0,0.1,0.3,-0.1,0.1
hours,0.3,0.2,-0.2,0.0,0.3,-0.3
office,0.4,0.0,-0.2,-0.3,0.1,-0.2
pay,0.2,-0.2,0.1,0.1,0.2,0.2
problem,0.5,0.0,-0.3,-0.2,0.1,0.3
south,0.2,-0.2,0.0,0.6,0.2,0.0
true,0.4,-0.2,-0.1,0.3,0.5,0.1
almost,-0.4,0.3,0.2,0.0,-0.1,-0.3
fuck,0.3,-0.2,0.5,0.5,-0.2,0.9
history,0.7,0.0,-0.5,0.2,0.8,-0.1
known,0.3,0.0,-0.2,0.2,0.4,0.0
large,0.7,0.0,-0.2,0.0,0.2,0.3
lost,0.2,0.3,-0.4,-0.5,0.3,-0.2
research,0.4,0.0,-0.3,-0.3,0.3,-0.2
room,0.5,0.0,-0.1,0.3,0.1,-0.3
several,0.1,0.1,0.0,0.0,0.0,-0.1
started,0.0,-0.1,0.4,0.2,-0.6,0.4
taking,0.2,-0.1,0.1,0.1,-0.2,0.2
university,0.7,0.0,-0.4,0.0,0.6,-0.1
win,0.2,-0.1,0.7,0.6,-0.2,0.7
wrong,0.4,-0.2,-0.4,-0.4,0.1,0.4
along,-0.3,0.2,0.3,0.2,0.0,-0.1
anyone,-0.2,0.2,0.1,0.1,0.0,0.0
else,-0.3,0.2,0.2,-0.1,0.0,0.1
girl,-0.2,0.1,0.4,0.5,-0.5,0.2
john,0.3,0.0,0.0,0.2,0.5,0.1
matter,0.8,0.0,-0.5,-0.1,0.6,0.1
pretty,-0.4,0.4,0.5,0.4,-0.3,0.1
remember,0.3,0.2,-0.2,0.4,0.5,-0.3
air,-0.8,0.7,0.3,0.0,0.7,-0.5
bit,-0.6,0.2,0.4,0.0,-0.2,-0.2
friend,0.2,0.0,0.3,0.8,0.2,0.2
hit,0.3,-0.5,0.6,0.2,0.0,0.8
needs,0.4,-0.1,-0.2,0.3,0.1,0.3
nice,-0.2,0.2,0.3,0.6,-0.1,-0.2
playing,-0.1,0.2,0.7,0.5,-0.4,0.4
probably,-0.2,0.3,0.0,0.0,0.0,-0.3
saying,-0.3,0.3,0.2,0.2,-0.1,0.2
understand,0.5,0.0,-0.2,0.4,0.3,-0.2
yeah,-0.4,0.3,0.5,0.4,-0.5,0.3
york,0.3,0.0,-0.1,0.1,0.6,0.1
class,0.2,0.0,-0.2,-0.1,0.2,0.2
close,0.1,-0.1,-0.1,0.2,0.0,-0.2
comes,0.0,0.0,0.1,0.1,-0.2,0.1
idea,-0.6,0.3,0.4,0.2,-0.3,0.1
international,0.4,0.1,-0.2,-0.2,0.1,0.3
looks,-0.2,-0.1,0.2,0.1,-0.1,0.0
past,0.4,-0.1,-0.5,-0.3,0.7,-0.4
possible,-0.3,0.2,0.5,0.1,-0.2,0.0
wanted,0.1,0.0,0.0,0.3,0.0,0.3
cause,0.3,-0.1,-0.1,0.0,0.1,0.2
due,0.2,-0.1,-0.3,-0.1,0.0,0.1
happy,-0.4,0.4,0.7,0.6,-0.1,0.4
human,0.1,0.0,0.1,0.5,0.4,0.2
members,0.2,0.0,-0.1,0.1,0.1,0.1
months,0.1,0.2,-0.2,0.0,0.2,-0.1
move,0.0,-0.1,0.3,0.1,-0.2,0.2
question,-0.1,0.3,0.3,0.0,0.1,0.2
series,0.2,0.0,-0.1,-0.1,0.0,0.0
wait,0.3,0.3,-0.4,-0.1,0.1,-0.5
woman,0.1,0.0,0.1,0.5,0.2,0.2
ask,-0.2,0.2,0.2,0.1,0.0,0.2
community,0.3,0.1,-0.2,0.5,0.3,0.1
data,-0.1,0.2,0.1,-0.5,-0.6,-0.2
late,0.2,0.2,-0.3,-0.2,0.2,0.1
leave,-0.1,0.5,0.1,-0.1,0.0,0.0
north,0.3,-0.3,-0.2,-0.7,0.4,0.1
saw,0.2,-0.4,0.0,0.0,0.1,0.4
special,-0.2,0.2,0.4,0.3,-0.1,0.3
watch,0.1,0.0,0.1,0.0,0.1,-0.3
either,0.0,0.1,0.0,0.0,0.0,0.0
fucking,0.2,-0.3,0.2,0.4,-0.2,0.9
future,-0.3,0.3,0.4,-0.2,-0.8,0.2
light,-0.8,0.6,0.3,0.4,0.0,0.1
low,0.2,0.0,-0.4,-0.2,0.0,-0.5
million,0.5,0.0,-0.1,0.0,0.1,0.5
morning,-0.3,0.4,0.3,0.3,-0.4,-0.1
police,0.4,-0.1,-0.3,-0.3,0.2,0.6
short,-0.3,-0.2,0.2,0.0,-0.2,0.1
stay,0.3,0.2,-0.5,0.2,0.1,-0.2
taken,0.2,-0.2,-0.3,-0.2,0.1,0.1
age,0.4,0.2,-0.4,-0.1,0.8,-0.2
buy,0.0,-0.1,0.2,0.1,-0.1,0.1
deal,0.2,0.2,-0.1,0.1,0.0,0.3
rather,0.0,0.0,0.0,0.0,0.0,0.0
reason,0.2,0.0,-0.2,-0.1,0.3,0.0
red,0.1,-0.1,0.2,0.8,0.0,0.6
report,0.2,0.2,-0.3,-0.3,0.1,0.2
soon,-0.4,-0.3,0.4,0.1,-0.5,0.1
third,0.1,0.0,-0.1,0.0,0.1,0.0
turn,0.0,0.2,0.3,0.0,-0.1,0.1
whether,0.0,0.2,0.0,0.0,0.0,0.0
among,0.0,0.0,0.0,0.0,0.0,0.0
check,0.1,0.1,0.2,-0.1,-0.1,0.2
development,0.3,0.0,-0.2,0.1,-0.2,0.1
form,0.2,0.1,0.1,-0.1,0.2,0.0
further,0.0,-0.1,0.0,0.0,0.0,0.0
heart,0.3,-0.1,0.2,0.8,0.2,0.4
minutes,-0.2,0.0,0.1,-0.1,-0.2,-0.2
myself,0.0,0.0,0.0,0.0,0.0,0.0
services,0.0,0.1,0.0,-0.1,-0.2,0.0
yourself,0.0,0.0,0.0,0.0,0.0,0.0
act,0.2,-0.2,0.2,0.1,0.1,0.3
although,0.0,0.2,0.0,0.0,0.0,0.0
asked,0.0,0.1,0.1,0.1,0.0,0.2
child,-0.2,0.1,0.5,0.6,-0.7,0.3
fire,-0.4,0.6,0.1,1.0,0.5,0.7
fun,-0.4,0.4,0.7,0.5,-0.5,0.5
living,0.1,0.1,0.3,0.5,-0.1,0.2
major,0.5,0.0,-0.2,0.0,0.1,0.4
media,0.1,0.3,0.1,-0.2,-0.5,0.3
phone,0.1,0.0,0.2,-0.2,-0.6,0.3
players,0.1,0.0,0.4,0.2,-0.3,0.3
art,0.2,0.2,0.2,0.3,0.6,0.1
behind,0.0,0.0,0.0,0.0,0.0,-0.1
building,0.7,0.0,-0.5,-0.1,0.2,0.0
easy,-0.5,0.4,0.4,0.3,-0.2,-0.3
gonna,-0.3,0.2,0.4,0.2,-0.7,0.2
market,0.3,0.0,-0.1,0.3,0.3,0.3
near,0.0,0.0,0.0,0.1,0.0,-0.1
non,0.0,0.0,0.0,0.0,0.0,0.0
plan,0.1,0.2,0.1,-0.2,-0.2,0.0
political,0.3,0.2,-0.3,-0.2,0.1,0.3
quite,-0.1,0.0,0.1,0.0,0.0,-0.2
six,0.0,0.0,0.2,0.0,0.0,0.0
talking,-0.1,0.3,0.2,0.3,-0.1,0.3
west,0.3,0.0,0.0,0.2,0.2,0.1
works,0.4,0.0,-0.1,0.1,0.2,0.1
according,0.0,0.1,0.0,0.0,0.0,0.0
available,-0.1,0.2,0.2,0.0,-0.3,0.0
education,0.4,0.1,-0.1,0.2,0.3,0.1
final,0.5,-0.2,-0.4,-0.3,0.2,0.4
former,0.2,0.1,-0.2,-0.3,0.4,-0.2
front,0.2,-0.2,0.1,0.0,0.0,0.2
kids,-0.3,0.1,0.6,0.6,-0.7,0.4
list,-0.1,0.3,0.0,-0.3,-0.2,-0.2
ready,0.0,-0.1,0.4,0.2,-0.3,0.3
sometimes,0.0,0.2,0.1,0.0,0.0,-0.2
son,0.1,0.0,0.3,0.6,-0.4,0.2
street,0.5,0.0,-0.3,-0.1,0.3,0.3
bring,0.1,0.0,0.0,0.2,-0.2,0.2
college,0.4,0.0,0.1,0.1,0.3,0.1
current,-0.2,-0.2,0.3,-0.1,-0.5,0.3
example,-0.1,0.0,0.0,0.0,-0.1,-0.1
experience,0.5,0.1,0.1,0.3,0.4,0.1
heard,-0.2,0.1,0.2,0.1,0.0,-0.2
london,0.6,0.0,-0.2,0.2,0.6,0.2
meet,0.0,-0.1,0.3,0.4,0.0,0.1
program,0.1,0.0,0.1,-0.3,-0.6,0.0
type,-0.2,-0.2,0.2,-0.3,-0.4,0.1
baby,-0.3,0.2,0.4,0.8,-0.9,0.6
chance,-0.4,0.1,0.7,0.1,-0.2,0.2
father,0.6,0.0,0.0,0.6,0.5,0.3
march,0.4,-0.1,-0.1,0.1,0.3,0.5
process,0.2,0.0,-0.1,-0.2,0.0,-0.1
song,-0.3,0.5,0.5,0.5,0.2,0.4
study,0.3,0.0,-0.1,0.0,0.2,-0.3
word,-0.1,0.2,0.2,0.1,0.3,0.0
across,0.0,-0.1,0.2,0.0,0.0,0.0
action,0.2,-0.2,0.6,0.2,-0.1,0.6
clear,-0.5,0.1,0.3,-0.4,0.0,-0.1
gave,0.1,0.0,0.1,0.3,0.1,0.1
gets,0.0,-0.1,0.2,0.1,-0.2,0.1
himself,0.2,0.0,0.0,0.2,0.1,0.0
month,0.2,0.1,-0.2,0.0,0.2,-0.2
outside,-0.1,0.2,0.1,-0.2,0.0,0.1
self,0.3,0.1,0.1,0.2,0.3,-0.2
students,0.1,0.0,0.3,0.3,-0.6,0.3
words,-0.1,0.2,0.2,0.1,0.3,0.1
board,0.4,0.3,0.2,0.1,0.1,0.0
cost,0.3,0.0,-0.3,-0.3,0.1,0.1
cut,0.1,-0.5,-0.2,-0.2,0.0,0.5
dr,0.2,0.0,0.0,0.1,0.3,0.0
field,0.3,0.2,-0.2,0.3,0.4,-0.3
held,0.4,0.0,-0.1,0.4,0.1,0.0
instead,0.0,0.0,0.1,0.0,0.0,0.0
main,0.4,0.0,0.0,0.1,0.2,0.2
moment,-0.4,0.3,0.4,0.2,-0.8,-0.2
mother,0.6,0.1,0.0,0.8,0.5,0.2
road,0.6,0.0,-0.4,0.1,0.4,0.2
seems,-0.3,0.4,0.1,-0.1,0.0,-0.4
thinking,0.1,0.2,0.0,0.1,0.1,-0.5
town,0.5,0.0,-0.3,0.3,0.4,0.1
wants,0.1,-0.1,0.3,0.3,-0.2,0.3
de,0.0,0.0,0.0,0.0,0.0,0.0
department,0.5,0.0,-0.2,-0.3,0.2,0.0
energy,-0.3,-0.4,0.8,0.5,-0.2,0.7
fight,0.4,-0.3,0.2,0.4,0.2,0.8
fine,-0.3,0.4,0.2,0.1,0.0,-0.3
force,0.7,-0.3,0.1,0.1,0.3,0.7
hear,-0.4,0.2,0.1,0.1,0.0,0.2
issue,0.1,0.0,-0.2,-0.2,-0.2,0.1
played,-0.2,0.0,0.6,0.3,-0.1,0.2
points,-0.3,-0.3,0.4,-0.1,0.0,0.1
price,0.2,0.0,-0.3,-0.3,0.1,0.1
re,0.0,0.0,0.0,0.0,0.0,0.0
rest,-0.3,0.3,-0.5,0.4,0.0,-0.7
results,0.2,0.0,0.1,-0.1,-0.2,0.1
running,-0.1,-0.2,0.5,0.3,-0.3,0.4
shows,-0.1,0.0,0.2,0.1,-0.2,0.2
space,-0.8,0.7,-0.2,-0.8,0.8,-0.8
summer,-0.2,0.4,0.3,0.8,0.0,0.2
term,0.3,0.0,-0.4,-0.2,0.2,-0.1
wife,0.1,0.0,-0.1,0.6,0.2,0.0
america,0.6,0.0,-0.2,0.2,-0.2,0.4
beautiful,-0.3,0.4,0.2,0.5,0.1,0.1
date,-0.2,0.0,0.2,0.3,-0.2,0.0
goes,-0.3,-0.2,0.3,0.0,-0.2,0.1
killed,0.5,-0.3,-0.8,-0.7,0.1,0.7
land,0.7,0.0,-0.5,0.1,0.6,-0.2
miss,-0.4,0.2,0.2,0.1,-0.1,-0.2
project,0.2,0.0,-0.1,-0.1,-0.4,0.1
sex,-0.1,0.0,0.3,0.9,0.5,0.6
shot,0.3,-0.7,-0.1,0.3,-0.1,0.8
site,0.3,0.0,-0.4,-0.2,0.1,-0.2
strong,0.6,0.0,0.1,0.2,0.2,0.5
account,0.1,0.1,-0.2,-0.2,0.1,-0.2
co,0.0,0.0,0.0,0.0,0.0,0.0
especially,0.0,0.2,0.0,0.0,0.0,0.0
eyes,-0.3,0.2,0.2,0.5,0.2,-0.2
include,0.0,0.0,0.0,0.1,0.0,-0.1
june,-0.2,0.3,0.2,0.7,0.0,0.0
parents,0.2,0.0,-0.2,0.7,0.4,0.0
period,0.2,-0.1,-0.3,-0.2,0.3,-0.3
position,0.2,0.0,-0.2,-0.1,0.0,-0.1
record,0.3,0.2,-0.1,-0.2,0.2,0.2
similar,0.0,0.0,0.1,0.0,0.0,-0.2
total,0.4,0.0,-0.3,-0.2,0.0,0.2
above,-0.5,0.6,0.1,0.0,0.0,0.0
club,0.2,-0.1,0.4,0.4,-0.2,0.6
common,0.1,0.0,-0.2,0.1,0.3,-0.2
died,0.5,-0.2,-0.8,-0.8,0.3,-0.5
film,-0.4,0.6,0.1,0.0,-0.3,-0.1
happened,0.1,0.0,-0.1,0.0,0.1,0.2
knew,0.1,0.0,-0.2,0.2,0.2,-0.3
lead,0.8,0.0,-0.7,-0.4,0.4,0.2
likely,-0.2,0.2,0.2,0.1,-0.1,-0.1
military,0.7,0.0,-0.5,-0.4,0.5,0.7
perfect,-0.1,-0.1,0.3,0.2,0.1,0.2
personal,-0.2,0.1,-0.1,0.5,-0.1,-0.3
security,0.4,0.1,-0.2,0.2,0.1,-0.2
share,-0.1,0.2,0.3,0.3,0.0,0.1
st,0.0,0.0,0.0,0.0,0.3,0.0
tv,0.1,0.0,0.1,0.1,-0.4,0.4
won,0.2,0.2,0.4,0.4,-0.1,0.6
april,-0.3,0.4,0.2,0.3,0.1,-0.2
center,0.2,0.0,0.0,0.0,0.0,0.0
county,0.4,0.0,-0.3,0.1,0.4,-0.1
couple,0.1,0.0,0.2,0.4,0.0,0.0
dead,0.6,-0.2,-0.8,-0.8,0.5,-0.7
english,0.2,0.0,0.1,0.1,0.5,0.0
happen,-0.2,0.1,0.4,0.0,-0.2,0.3
hold,0.3,0.0,-0.1,0.3,0.1,0.0
industry,0.7,0.0,-0.4,0.2,0.2,0.5
inside,0.0,0.0,0.0,0.2,0.0,-0.3
issues,0.3,0.2,-0.2,-0.1,0.0,0.2
online,-0.5,0.5,0.3,-0.2,-0.8,0.1
player,0.0,-0.1,0.5,0.2,-0.3,0.3
private,0.2,0.0,-0.1,-0.2,0.1,-0.4
problems,0.5,0.2,-0.3,-0.2,0.1,0.3
return,0.1,0.1,0.6,0.0,0.1,0.0
rights,0.4,0.0,0.1,0.2,0.4,0.4
sense,0.1,0.2,0.1,0.2,0.2,-0.3
star,0.8,0.6,0.2,0.8,0.9,0.2
test,0.1,0.1,0.3,-0.3,-0.2,0.2
view,-0.2,0.3,0.1,0.1,0.1,-0.2
weeks,0.1,0.3,-0.1,0.0,-0.1,-0.1
break,0.3,-0.2,0.2,-0.1,0.0,0.7
british,0.3,0.0,-0.1,-0.1,0.5,0.0
companies,0.5,0.0,-0.2,-0.1,0.1,0.2
event,0.2,0.0,0.4,0.2,-0.2,0.4
higher,-0.3,0.5,0.3,-0.1,0.0,0.3
hour,0.1,0.2,-0.2,0.0,0.2,-0.2
member,0.2,0.0,0.0,0.2,0.1,0.0
middle,0.1,0.0,0.0,0.0,0.0,-0.1
needed,0.3,0.0,-0.2,0.1,0.0,0.3
present,0.0,0.1,0.3,0.3,-0.4,0.1
result,0.3,0.0,0.1,-0.1,0.0,0.2
sorry,0.1,0.3,-0.4,0.2,0.0,-0.4
takes,0.2,-0.1,0.1,0.0,0.0,0.2
training,0.4,0.0,0.2,0.1,-0.1,0.3
wish,-0.5,0.7,0.2,0.4,0.2,-0.5
answer,0.2,-0.2,0.2,0.1,0.1,0.2
boy,-0.1,-0.1,0.6,0.4,-0.6,0.4
design,-0.1,0.2,0.1,-0.1,-0.3,-0.1
finally,0.2,0.3,0.1,0.2,0.1,0.4
girls,-0.1,0.2,0.6,0.4,-0.6,0.4
gold,0.7,0.0,0.1,0.6,0.7,0.1
gone,0.2,0.4,-0.5,-0.4,0.3,-0.4
guess,-0.3,0.3,0.3,0.0,-0.1,-0.3
interest,-0.2,0.1,0.1,0.2,0.0,0.0
july,-0.2,0.2,0.1,0.8,0.1,0.2
king,0.6,0.0,-0.2,0.1,0.7,0.4
learn,-0.1,0.0,0.3,0.3,0.1,0.1
policy,0.3,0.2,-0.5,-0.4,0.2,-0.2
society,0.5,0.0,-0.2,0.2,0.5,0.1
added,-0.1,0.0,0.2,0.0,-0.2,0.0
al,0.0,0.0,0.0,0.0,0.0,0.0
alone,-0.1,0.2,-0.3,-0.5,0.2,-0.5
average,0.0,0.0,0.0,0.0,0.0,-0.1
bank,0.6,0.0,-0.4,-0.3,0.3,0.0
brought,0.1,0.0,0.0,0.1,0.0,0.1
certain,0.2,-0.1,-0.1,0.0,0.0,0.2
church,0.8,0.0,-0.5,-0.1,0.7,-0.3
east,0.1,0.1,0.1,0.3,0.4,0.0
hands,0.1,0.2,0.1,0.6,0.2,0.1
hot,0.0,0.3,0.3,0.9,0.0,0.5
longer,0.1,0.1,0.0,-0.1,0.2,-0.1
medical,0.1,-0.1,-0.2,-0.6,0.0,0.1
movie,-0.3,0.1,0.4,0.3,-0.5,0.4
original,0.2,0.0,0.1,0.1,0.5,0.1
park,0.2,0.2,0.3,0.4,0.1,-0.2
performance,0.1,0.1,0.4,0.3,-0.1,0.6
press,0.5,0.0,-0.4,0.1,0.2,0.5
received,0.0,0.0,-0.1,0.1,0.0,-0.1
role,-0.2,0.1,0.2,0.0,0.1,0.1
sent,-0.2,-0.2,0.4,0.0,-0.1,0.2
themselves,0.0,0.0,0.0,0.0,0.0,0.0
tried,0.2,0.0,0.1,0.2,0.0,0.2
worked,0.4,0.0,-0.2,0.3,0.1,0.2
worth,0.3,0.0,0.0,0.3,0.3,0.1
areas,0.0,0.1,0.0,0.0,0.0,-0.1
became,0.1,0.0,0.2,0.1,0.1,0.1
bill,-0.4,0.4,-0.5,-0.2,-0.1,0.1
books,0.3,0.1,-0.2,0.4,0.4,-0.4
cool,-0.1,0.2,0.3,-0.6,-0.3,-0.2
director,0.3,0.0,-0.1,0.0,0.1,0.4
exactly,0.1,-0.3,-0.2,-0.2,-0.1,0.3
giving,-0.1,0.1,0.3,0.6,0.1,0.1
ground,0.7,0.0,-0.5,0.1,0.8,-0.2
meeting,0.2,0.0,-0.1,0.2,0.0,0.1
provide,0.1,0.0,0.1,0.3,0.0,0.0
questions,-0.1,0.2,0.4,0.1,0.1,0.3
relationship,0.4,0.0,0.1,0.6,0.2,0.2
september,0.0,0.3,0.0,0.1,0.1,-0.2
sound,-0.6,0.0,0.7,0.0,0.2,0.6
source,0.3,0.0,0.1,0.2,0.6,0.1
usually,0.0,0.0,0.0,0.0,0.0,-0.1
value,0.3,0.0,0.1,0.2,0.3,0.1
evidence,0.4,0.1,-0.4,-0.4,0.2,0.2
follow,-0.1,0.1,0.1,0.1,0.0,-0.1
lives,0.2,0.0,0.3,0.5,0.1,0.2
official,0.4,0.0,-0.4,-0.3,0.2,0.3
ok,-0.3,0.0,0.2,0.1,-0.3,-0.2
production,0.5,0.0,-0.2,0.1,-0.1,0.3
rate,0.0,0.0,0.1,-0.2,0.0,0.0
reading,-0.1,0.2,-0.2,0.3,0.2,-0.4
round,0.2,-0.1,0.7,0.1,0.0,0.0
save,0.1,0.0,0.3,0.4,0.1,0.1
stand,0.4,0.0,-0.2,0.0,0.1,0.2
stuff,0.1,0.2,0.0,0.1,-0.2,-0.1
tax,0.5,-0.1,-0.6,-0.4,0.3,0.2
whatever,-0.4,0.3,0.1,-0.2,-0.4,-0.3
amount,0.2,0.0,-0.1,-0.1,0.0,0.0
blue,-0.2,0.2,0.1,-0.5,0.0,-0.1
countries,0.6,0.0,-0.3,0.1,0.4,0.1
david,0.2,0.0,0.0,0.3,0.5,0.1
drive,0.3,-0.2,0.2,0.2,-0.2,0.4
eat,0.1,0.0,-0.2,0.4,0.1,0.1
fall,-0.1,-0.1,-0.3,-0.2,0.1,0.2
fast,-0.3,-0.4,0.6,0.2,-0.3,0.5
federal,0.6,0.0,-0.5,-0.4,0.2,0.2
feeling,-0.2,0.3,0.2,0.6,0.0,-0.1
felt,-0.3,0.3,-0.4,0.5,0.1,-0.3
green,-0.1,0.2,0.2,0.3,0.0,0.0
league,0.4,0.0,-0.1,0.1,0.3,0.3
management,0.5,0.0,-0.4,-0.3,-0.1,0.1
match,-0.2,0.1,0.4,0.7,0.0,0.3
model,0.1,0.0,0.1,-0.2,-0.2,-0.1
picture,-0.1,0.2,-0.2,0.2,0.1,-0.2
size,0.2,0.0,0.0,0.0,0.0,0.0
step,0.2,-0.1,0.1,0.0,0.0,0.1
trust,0.5,0.0,-0.2,0.6,0.3,0.1
central,0.3,0.0,-0.2,0.0,0.1,0.1
changes,0.1,0.1,0.4,0.1,-0.2,0.2
england,0.5,0.0,-0.3,0.0,0.7,0.1
forward,0.2,-0.3,0.3,0.1,-0.2,0.3
groups,0.3,0.0,0.0,0.2,0.1,0.2
hey,-0.4,0.2,0.7,0.5,-0.5,0.6
key,0.2,-0.2,0.3,-0.2,0.2,-0.1
mom,0.2,0.0,0.2,0.9,0.2,0.2
page,-0.3,0.4,-0.2,0.1,0.3,-0.4
paid,0.3,0.0,-0.3,0.0,0.1,0.1
range,0.4,0.1,0.1,-0.1,0.1,0.1
review,0.0,0.1,-0.1,-0.2,-0.2,-0.1
science,0.4,0.0,-0.3,-0.6,0.3,-0.2
trade,0.3,0.0,0.1,0.1,0.4,0.2
uk,0.4,0.0,-0.2,-0.1,0.5,0.1
upon,-0.1,0.2,0.0,0.0,0.5,-0.3
various,-0.2,0.2,0.3,0.0,-0.1,-0.1
attention,-0.1,-0.1,0.3,0.1,-0.2,0.4
brother,0.3,0.0,0.2,0.6,0.1,0.2
cannot,0.2,0.0,-0.4,-0.2,0.0,0.1
character,0.3,0.0,0.1,0.1,0.2,0.1
chief,0.4,0.0,-0.1,0.2,0.5,0.4
cup,0.1,0.1,0.3,0.2,0.1,-0.2
football,0.2,0.0,0.8,0.3,-0.1,0.5
hate,0.5,-0.3,-0.6,0.8,0.3,0.8
james,0.1,0.0,0.0,0.1,0.2,-0.1
led,0.1,-0.1,-0.2,0.0,0.0,0.0
looked,-0.2,-0.2,0.1,0.0,0.0,-0.3
lower,0.3,-0.1,-0.3,-0.2,0.0,-0.2
natural,0.1,0.2,0.0,0.3,0.7,-0.3
october,0.2,0.3,-0.3,0.4,0.2,-0.2
property,0.4,0.0,-0.4,-0.1,0.3,0.0
quality,0.2,0.1,0.2,0.1,0.1,0.0
send,-0.2,-0.3,0.4,0.1,-0.2,0.2
style,-0.2,-0.1,0.5,0.1,-0.2,0.2
vote,0.2,0.2,0.2,0.1,0.3,0.3
amazing,-0.3,0.4,0.7,0.5,-0.3,0.7
august,0.3,0.0,-0.2,0.8,0.2,0.1
blood,0.4,-0.2,-0.5,0.7,0.6,0.5
china,0.5,0.0,-0.2,0.2,0.8,0.1
complete,0.5,0.0,-0.3,0.0,0.1,0.3
dog,0.2,0.0,0.4,0.7,0.3,0.3
economic,0.3,0.0,-0.2,-0.3,-0.1,0.0
hell,0.6,-0.5,-0.5,1.0,0.8,0.8
involved,0.2,0.2,-0.2,0.1,0.0,0.1
itself,0.0,0.0,0.0,0.0,0.0,0.0
language,0.3,0.1,0.1,0.2,0.8,0.1
lord,0.7,0.0,-0.3,0.2,0.8,0.5
november,0.2,0.3,-0.4,-0.5,0.2,-0.3
oil,0.2,-0.2,-0.7,0.4,0.5,-0.1
related,0.0,0.0,0.0,0.0,0.0,0.0
serious,0.5,0.0,-0.5,-0.2,0.2,0.1
stage,0.4,0.0,0.1,0.2,0.3,0.4
terms,0.1,0.0,-0.1,-0.1,0.1,0.0
title,0.1,0.0,0.1,-0.1,0.2,0.1
add,-0.1,0.0,0.2,0.1,-0.1,0.1
article,0.1,0.3,-0.1,-0.2,-0.2,-0.1
attack,0.6,-0.4,-0.2,0.5,0.3,0.9
born,0.1,0.1,0.3,0.6,-0.8,0.4
damn,0.4,-0.2,-0.3,0.5,0.2,0.7
decided,0.4,-0.2,-0.4,0.0,0.0,0.3
decision,0.5,-0.2,-0.4,-0.1,0.1,0.2
enjoy,-0.3,0.3,0.6,0.6,-0.3,0.4
entire,0.5,0.0,-0.2,0.0,0.1,0.3
french,0.1,0.0,0.2,0.3,0.5,0.1
january,0.2,0.2,-0.4,-0.8,0.2,-0.2
kill,0.7,-0.6,-0.8,0.2,0.5,0.9
met,-0.1,0.0,0.0,0.2,0.0,0.1
perhaps,-0.3,0.2,0.1,-0.1,0.1,-0.4
poor,0.2,0.1,-0.4,-0.2,0.2,-0.2
release,-0.2,0.4,0.4,0.1,-0.1,0.3
situation,0.1,0.0,-0.1,-0.1,0.0,0.0
technology,0.1,0.0,0.2,-0.4,-0.7,0.2
turned,0.0,0.0,0.2,0.0,0.0,0.1
website,-0.5,0.2,0.3,-0.3,-0.8,0.1
written,0.1,0.2,-0.2,-0.1,0.3,-0.3
choice,0.0,0.0,0.2,0.0,0.1,0.1
code,0.1,-0.1,0.1,-0.4,-0.6,-0.2
considered,0.2,0.0,-0.2,-0.1,0.2,-0.3
continue,0.1,-0.1,0.3,0.0,0.0,0.1
council,0.4,0.0,-0.3,-0.2,0.4,0.2
cover,0.1,0.3,0.0,0.1,0.0,-0.1
currently,-0.1,0.1,0.1,0.0,-0.5,0.0
door,0.4,0.0,0.1,0.2,0.2,0.1
election,0.3,0.1,-0.2,0.1,0.3,0.4
european,0.2,0.0,-0.1,-0.1,0.5,0.0
events,0.1,0.0,0.2,0.1,0.0,0.2
financial,0.3,0.0,-0.3,-0.5,0.1,0.0
foreign,0.2,0.0,-0.1,-0.2,0.2,0.1
hair,-0.5,0.5,-0.2,0.3,0.0,-0.4
increase,0.2,0.3,0.3,0.1,-0.1,0.3
legal,0.3,-0.1,-0.3,-0.4,0.3,0.1
lose,-0.1,0.1,-0.4,-0.3,0.0,-0.1
michael,0.1,0.0,0.0,0.2,0.3,0.0
pick,-0.2,-0.3,0.3,0.0,-0.1,0.1
race,0.1,-0.4,0.4,0.3,0.1,0.6
seem,-0.3,0.3,0.0,-0.1,0.0,-0.5
seven,0.0,0.0,0.1,0.0,0.2,0.0
sign,0.1,0.1,0.0,0.0,0.1,0.1
simple,-0.2,0.0,0.1,0.1,0.1,-0.3
simply,-0.3,0.1,0.1,0.0,0.0,-0.3
staff,0.3,-0.2,0.2,0.2,0.3,0.1
super,-0.2,0.4,0.6,0.3,-0.4,0.5
union,0.4,0.0,-0.1,0.3,0.4,0.2
walk,0.1,0.0,0.2,0.2,0.1,0.0
washington,0.4,0.0,-0.2,-0.1,0.3,0.1
bed,0.3,0.1,-0.2,0.6,0.2,-0.4
began,0.1,0.0,0.2,0.1,0.1,0.2
built,0.5,0.0,-0.2,0.1,0.4,0.1
career,0.3,0.0,-0.1,0.1,0.2,0.1
changed,0.1,0.0,0.3,0.0,0.0,0.2
crazy,-0.1,0.2,0.7,0.4,-0.2,0.7
daily,-0.1,0.0,0.1,0.1,0.0,-0.1
daughter,0.1,0.0,0.1,0.6,-0.2,0.1
december,0.2,0.3,-0.2,-0.6,0.1,-0.1
die,0.5,-0.2,-0.7,-0.7,0.5,0.2
difficult,0.4,0.2,-0.4,-0.2,0.1,0.2
figure,0.1,0.0,0.1,0.0,0.1,0.0
hospital,0.6,0.0,-0.2,-0.4,0.1,0.3
knows,0.0,0.0,0.0,0.1,0.0,-0.2
loss,0.5,0.0,-0.6,-0.5,0.2,-0.3
modern,-0.1,0.0,0.2,-0.3,-0.7,0.1
ones,-0.1,0.0,0.0,0.0,-0.1,-0.1
paper,-0.5,0.3,-0.3,0.1,0.1,-0.4
parts,0.0,0.0,0.1,0.0,0.0,0.0
popular,0.0,0.1,0.4,0.3,-0.4,0.4
published,0.1,0.0,-0.1,0.0,0.2,0.1
safe,0.2,0.1,0.1,0.4,0.1,-0.5
starting,-0.2,-0.1,0.5,0.1,-0.6,0.3
systems,0.3,0.0,0.0,-0.2,0.1,0.0
version,-0.1,0.0,0.1,-0.1,-0.5,-0.1
voice,-0.2,0.3,0.2,0.4,0.1,0.4
whose,0.0,0.0,0.0,0.0,0.0,0.0
writing,-0.1,0.1,-0.1,0.2,0.4,-0.3
army,0.7,0.0,-0.3,0.1,0.5,0.7
australia,0.5,0.0,0.0,0.6,0.3,0.1
earth,0.9,0.0,-0.4,0.2,0.9,0.0
forget,-0.3,0.2,-0.2,-0.3,0.1,-0.4
goal,0.2,-0.1,0.6,0.2,0.0,0.4
huge,0.8,0.0,-0.1,0.1,0.1,0.6
internet,-0.7,0.2,0.3,-0.3,-0.8,0.2
listen,-0.2,0.2,0.0,0.2,0.1,-0.7
okay,-0.2,0.0,0.3,0.2,-0.2,-0.1
practice,0.1,0.0,0.3,0.1,0.1,0.1
rules,0.4,0.0,-0.4,-0.2,0.5,0.2
sea,0.7,0.1,0.1,-0.1,0.8,0.3
sir,0.2,0.0,-0.1,0.0,0.4,0.2
success,0.3,0.1,0.5,0.5,0.1,0.5
towards,0.0,-0.2,0.0,0.0,0.0,0.0
waiting,0.3,0.2,-0.5,-0.1,0.2,-0.6
ways,-0.2,0.1,0.2,0.0,0.1,-0.1
access,0.1,-0.1,0.2,-0.1,-0.3,0.1
base,0.6,0.0,-0.2,0.0,0.3,0.1
below,0.2,-0.2,-0.2,-0.2,0.1,-0.3
created,0.2,0.0,0.1,0.3,-0.2,0.2
deep,0.6,-0.1,-0.3,-0.3,0.6,-0.4
followed,0.1,-0.1,-0.1,0.0,0.0,-0.2
la,-0.4,0.3,0.5,0.2,0.0,0.1
lol,-0.6,0.2,0.8,0.3,-0.8,0.4
mark,0.1,-0.1,0.1,0.0,0.2,0.1
missing,-0.3,0.2,-0.4,-0.4,0.0,-0.2
offer,-0.1,0.1,0.3,0.4,-0.1,0.1
pass,-0.2,-0.2,0.4,0.0,0.0,0.0
professional,0.3,0.0,-0.2,-0.4,0.0,0.1
released,-0.3,0.3,0.6,0.1,-0.4,0.3
risk,0.2,-0.2,0.4,0.2,0.1,0.5
schools,0.5,0.0,-0.1,0.2,0.3,0.3
sleep,-0.3,0.4,-0.5,0.3,0.1,-0.8
table,0.4,0.0,0.1,0.1,0.1,0.0
ten,-0.2,0.0,0.0,0.0,0.0,0.0
truth,0.6,0.0,-0.2,0.1,0.7,0.2
ball,0.0,0.0,0.8,0.0,-0.1,0.1
box,0.2,0.0,0.2,0.0,0.0,0.0
build,0.5,0.0,-0.3,0.2,0.1,0.3
card,-0.4,0.5,0.3,0.0,0.0,0.0
cases,0.1,0.0,-0.1,-0.1,0.0,0.0
dark,0.3,0.2,-0.6,-0.5,0.3,-0.5
district,0.2,0.0,-0.2,-0.1,0.1,0.0
europe,0.7,0.0,-0.4,0.1,0.7,0.1
george,0.1,0.0,0.0,0.2,0.4,0.0
india,0.6,0.0,-0.3,0.6,0.8,0.2
mine,0.6,0.0,-0.5,-0.2,0.3,0.3
minister,0.3,0.0,-0.3,0.0,0.3,0.2
note,-0.5,0.4,0.1,0.1,0.0,-0.2
percent,-0.2,0.0,0.0,-0.3,-0.2,0.0
piece,-0.2,0.1,0.1,0.0,0.0,0.0
products,0.1,0.0,0.1,-0.2,-0.3,0.0
recent,-0.3,0.0,0.2,0.0,-0.8,0.0
seeing,-0.4,0.1,0.0,0.1,0.0,-0.1
straight,0.1,-0.4,0.2,-0.1,0.0,0.1
visit,-0.1,0.0,0.3,0.4,0.0,0.1
wall,0.7,0.0,-0.4,-0.1,0.3,-0.2
wanna,-0.4,0.0,0.5,0.3,-0.7,0.3
wrote,0.1,0.0,-0.2,0.2,0.2,-0.1
allowed,0.0,0.0,0.1,0.0,0.0,0.0
boys,-0.1,0.0,0.6,0.4,-0.6,0.5
culture,0.5,0.0,-0.3,0.3,0.7,0.1
etc,-0.1,0.2,0.0,-0.1,0.0,-0.2
fans,-0.2,0.4,0.5,0.5,-0.3,0.6
february,0.1,0.0,-0.2,-0.6,0.2,-0.2
gives,-0.1,0.0,0.2,0.4,0.0,0.1
growth,0.3,0.2,0.2,0.4,-0.2,0.2
included,0.0,0.0,0.0,0.1,0.0,0.0
married,0.4,0.0,-0.2,0.6,0.3,0.2
officer,0.3,0.0,-0.3,-0.2,0.1,0.4
pain,0.6,-0.3,-0.7,0.5,0.1,0.8
paul,0.1,0.0,0.0,0.2,0.3,0.0
places,0.2,0.0,0.1,0.1,0.2,0.0
respect,0.4,0.0,-0.3,0.3,0.4,0.2
response,0.0,0.0,0.4,0.0,0.0,0.2
river,0.6,-0.1,-0.5,-0.2,0.6,0.3
rock,0.7,0.0,-0.3,-0.1,0.8,0.2
shall,0.2,0.0,-0.1,-0.1,0.6,0.2
speak,0.0,0.2,0.1,0.2,0.0,0.3
specific,0.1,-0.3,-0.1,-0.3,0.0,0.1
standard,0.3,0.0,-0.2,-0.1,0.2,0.0
tonight,-0.2,0.2,0.1,0.2,-0.8,0.2
write,-0.2,0.0,-0.2,0.1,0.2,0.0
album,0.2,0.0,0.1,0.3,0.2,0.1
century,0.7,0.1,-0.4,0.0,0.8,-0.2
charge,0.3,-0.3,0.5,0.4,-0.2,0.6
cold,0.1,-0.1,-0.2,-0.9,0.0,-0.3
create,0.1,0.2,0.3,0.5,-0.1,0.2
effect,-0.1,0.0,0.1,0.0,-0.1,0.0
eight,0.0,0.0,0.0,0.0,0.0,0.0
except,0.0,-0.1,0.0,0.0,0.0,0.0
eye,0.1,0.1,-0.2,0.3,0.3,-0.2
funny,-0.4,0.3,0.6,0.4,-0.4,0.3
limited,0.3,0.0,-0.4,-0.2,0.0,-0.1
moving,0.1,-0.2,0.4,0.3,-0.2,0.2
network,0.0,0.4,0.2,-0.2,-0.6,-0.1
peace,-0.5,0.5,-0.6,0.2,0.4,-0.9
provided,0.0,0.0,0.0,0.0,0.0,0.0
recently,-0.3,-0.1,0.0,0.0,-0.8,-0.2
required,0.4,0.0,-0.5,-0.3,0.1,0.3
sales,0.1,0.1,0.2,0.1,-0.2,0.3
spent,0.5,0.1,-0.8,-0.2,0.3,-0.5
store,0.3,0.0,0.1,0.2,0.1,0.1
student,0.0,0.0,0.2,0.3,-0.6,0.2
tomorrow,-0.3,0.3,0.4,0.2,-0.9,-0.1
track,0.4,-0.3,0.2,-0.2,0.1,0.4
via,0.0,-0.4,0.0,0.0,0.0,0.0
watching,-0.2,0.2,-0.2,0.0,-0.2,-0.7
weight,0.8,0.0,-0.5,-0.1,0.1,0.0
addition,0.0,0.0,0.1,0.0,0.0,0.0
ahead,-0.2,-0.3,0.3,0.0,-0.4,0.1
allow,-0.1,0.2,0.2,0.2,0.0,-0.2
anti,-0.2,-0.2,-0.3,-0.5,-0.3,0.3
association,0.2,0.2,-0.2,0.0,0.2,0.0
beat,0.2,-0.2,0.8,0.4,0.3,0.7
brown,0.2,0.0,-0.4,0.4,0.3,-0.2
capital,0.6,0.0,-0.2,-0.2,0.5,0.2
chinese,0.2,0.1,0.1,0.2,0.8,0.1
committee,0.4,0.1,-0.5,-0.2,0.3,-0.2
conference,0.3,0.0,-0.3,-0.1,0.1,0.3
difference,-0.1,0.1,0.2,-0.1,0.0,0.0
double,0.2,0.0,0.5,0.0,0.0,0.2
expect,-0.1,0.2,0.2,-0.1,-0.1,-0.2
gas,-0.8,0.8,0.3,0.2,0.5,-0.1
island,0.8,0.0,-0.6,0.4,0.7,-0.3
moved,0.1,-0.1,0.2,0.2,0.1,0.0
normal,0.0,0.0,0.0,0.0,0.0,0.0
plans,-0.2,0.3,-0.2,0.0,-0.5,-0.3
population,0.7,0.0,-0.4,0.5,0.4,0.4
potential,-0.2,0.2,0.6,0.2,-0.3,-0.2
pressure,0.6,-0.3,-0.3,0.5,0.0,0.6
radio,0.2,0.3,0.2,0.4,0.3,0.5
russian,0.3,0.0,-0.2,-0.3,0.3,0.2
station,0.6,0.0,-0.1,-0.1,0.1,0.3
text,-0.5,0.2,0.2,-0.2,0.1,-0.3
treatment,0.1,0.0,-0.1,0.2,0.0,-0.1
western,0.2,0.1,0.1,0.3,0.2,0.1
ass,0.2,0.0,0.5,0.3,0.0,0.4
beginning,-0.2,0.1,0.3,0.1,-0.5,0.2
california,0.1,0.1,0.3,0.7,-0.2,0.2
campaign,0.3,0.0,-0.2,0.1,0.0,0.5
certainly,0.2,-0.1,-0.1,0.0,0.0,0.3
completely,0.4,0.0,-0.3,0.0,0.0,0.4
content,-0.1,0.0,0.1,0.3,0.0,-0.4
credit,-0.3,0.1,0.2,-0.1,0.1,-0.1
cross,0.4,-0.1,-0.3,0.1,0.7,0.1
described,-0.1,0.0,0.0,-0.1,0.0,-0.2
despite,0.1,0.0,-0.1,-0.1,0.0,0.1
female,0.0,0.0,0.1,0.2,0.0,0.0
focus,-0.1,-0.2,0.2,0.0,0.0,0.2
hi,-0.6,0.2,0.7,0.4,-0.6,0.3
husband,0.3,0.0,0.0,0.6,0.2,-0.1
ice,0.1,-0.2,0.3,-0.9,0.1,-0.3
individual,0.0,0.0,0.1,-0.1,0.0,0.0
interesting,-0.1,0.1,0.2,0.1,0.0,-0.1
join,0.1,-0.1,0.3,0.2,0.0,0.1
kept,0.2,0.0,-0.2,0.0,0.2,-0.2
leading,0.1,-0.2,0.2,0.1,-0.1,0.3
loved,0.1,0.2,0.2,0.9,0.1,0.2
message,-0.4,0.2,0.3,0.1,-0.1,-0.1
miles,0.3,0.1,0.0,0.0,0.2,0.0
nearly,-0.3,0.1,0.2,0.0,0.0,-0.2
particular,0.1,-0.1,0.0,-0.1,0.0,0.0
previous,0.1,0.0,-0.2,-0.2,0.3,-0.2
quickly,-0.5,-0.5,0.8,0.2,-0.4,0.5
region,0.4,0.0,-0.2,0.0,0.2,-0.1
reported,0.0,0.0,-0.1,-0.2,0.0,0.1
section,0.2,0.0,-0.2,-0.2,0.0,-0.1
sort,-0.2,0.0,0.1,0.0,0.0,-0.3
speed,-0.4,-0.6,0.7,0.2,-0.3,0.6
travel,-0.2,0.2,0.4,0.3,0.1,0.2
consider,0.1,0.0,-0.1,0.0,0.1,-0.4
contact,0.0,-0.1,0.4,0.2,0.0,0.1
drop,0.1,-0.5,0.2,-0.1,0.0,0.1
fair,-0.1,0.3,0.2,0.2,0.2,-0.1
feet,0.2,0.0,0.3,0.3,0.1,0.1
jesus,0.4,0.3,-0.1,0.5,0.8,0.4
kid,-0.4,0.1,0.7,0.5,-0.7,0.4
link,-0.2,-0.2,0.4,-0.1,-0.2,0.0
positive,-0.2,0.1,0.5,0.5,-0.1,0.3
sale,-0.1,0.0,0.3,0.1,0.0,0.3
throughout,0.1,0.1,-0.1,0.0,0.0,-0.1
tour,0.2,0.2,0.2,0.3,0.0,0.2
welcome,-0.1,0.2,0.3,0.7,0.1,0.3
absolutely,0.3,0.0,0.4,0.2,-0.2,0.7
additional,0.1,0.0,-0.1,-0.1,-0.1,0.0
beyond,-0.2,0.3,0.1,-0.2,0.3,0.1
conditions,0.2,0.0,-0.2,-0.3,0.1,0.1
earlier,-0.2,0.1,0.0,-0.1,0.1,-0.1
extra,0.1,0.0,0.3,0.1,-0.2,0.3
forces,0.7,-0.1,-0.1,0.2,0.3,0.7
immediately,0.3,-0.4,0.5,0.3,-0.5,0.8
jobs,0.3,0.0,-0.2,0.1,0.0,0.2
leaving,-0.3,0.3,-0.2,-0.3,0.0,-0.2
minute,-0.5,0.1,0.2,-0.1,-0.3,-0.3
nature,0.4,0.3,-0.1,0.4,0.8,0.1
numbers,0.1,0.1,0.1,-0.4,0.4,-0.1
quick,-0.4,-0.5,0.7,0.2,-0.4,0.4
sell,0.1,0.0,0.2,0.1,0.1,0.3
significant,0.5,0.0,-0.2,0.1,0.2,0.4
studies,0.3,0.0,-0.3,-0.2,0.3,-0.2
unless,-0.1,0.2,0.0,-0.1,0.0,0.0
winning,0.2,0.3,0.6,0.6,-0.2,0.6
agree,0.0,0.1,0.2,0.4,0.1,0.2
canada,0.4,0.2,-0.1,-0.4,0.3,0.0
clean,-0.3,-0.2,0.3,-0.5,-0.3,-0.1
computer,0.3,0.0,-0.4,-0.5,-0.8,0.1
construction,0.8,0.0,-0.5,0.2,-0.2,0.6
episode,0.0,0.1,0.2,0.1,-0.4,0.2
favorite,-0.1,0.1,0.4,0.6,-0.1,0.3
income,0.3,0.0,-0.2,0.2,0.1,0.1
justice,0.7,-0.1,-0.3,0.1,0.7,0.4
levels,0.2,0.1,0.2,-0.2,-0.1,0.0
manager,0.3,0.0,-0.2,0.0,0.0,0.2
movement,0.3,0.1,0.4,0.2,0.1,0.3
photo,-0.4,0.4,-0.2,0.3,-0.4,-0.2
posted,0.1,0.0,0.0,0.0,-0.3,0.1
safety,0.4,0.4,-0.1,0.5,0.2,-0.2
san,0.0,0.0,0.0,0.2,0.2,0.0
scene,0.1,0.0,0.1,0.1,-0.1,0.2
sold,0.2,-0.2,-0.2,0.2,0.1,0.3
sounds,-0.2,0.3,0.5,0.1,0.0,0.5
spend,0.1,0.0,0.1,0.1,-0.1,0.2
statement,0.4,0.0,-0.4,-0.2,0.2,0.4
sun,0.8,0.5,0.1,1.0,0.9,0.6
teams,0.4,0.0,0.3,0.4,0.1,0.4
ability,0.2,0.1,0.3,0.2,0.1,0.2
announced,0.3,0.1,0.1,0.1,-0.2,0.7
asking,-0.2,0.2,0.2,0.3,0.0,0.2
calling,0.0,0.2,0.3,0.3,0.0,0.5
coach,0.4,0.0,0.1,0.3,0.1,0.5
collection,0.5,0.0,-0.3,0.2,0.4,-0.1
continued,0.1,0.1,0.1,0.0,0.1,0.0
costs,0.3,0.0,-0.2,-0.2,0.0,0.2
definitely,0.1,-0.2,0.3,0.1,-0.2,0.4
designed,0.2,-0.1,0.1,-0.1,-0.2,0.0
expected,0.0,0.0,0.0,0.0,0.0,-0.1
friday,-0.2,0.1,0.4,0.4,0.1,0.2
gun,0.6,-0.4,-0.3,0.3,0.1,0.9
happens,-0.1,0.0,0.2,0.0,-0.1,0.1
heavy,0.8,0.0,-0.4,0.0,0.2,0.3
includes,0.1,0.0,0.0,0.1,0.0,-0.1
knowledge,0.5,0.0,-0.2,0.2,0.7,-0.2
particularly,0.0,0.0,0.1,0.0,-0.1,0.1
search,0.1,-0.1,0.2,0.1,0.1,0.3
subject,0.2,0.0,-0.1,-0.1,0.2,0.0
train,0.8,0.0,-0.2,0.3,0.3,0.7
wide,0.2,0.4,0.1,0.0,0.1,0.2
wow,-0.4,0.3,0.8,0.5,-0.5,0.8
author,0.2,0.0,0.0,0.3,0.3,0.0
centre,0.3,0.0,0.0,0.1,0.2,0.0
claim,0.2,0.0,0.2,0.0,0.0,0.4
dad,0.3,0.0,0.2,0.8,0.3,0.2
developed,0.3,0.0,0.0,0.0,-0.1,0.1
fear,0.5,-0.2,-0.3,-0.6,0.6,0.7
fit,-0.1,-0.2,0.5,0.1,-0.2,0.2
generally,0.0,0.2,0.0,0.0,0.0,-0.2
german,0.3,0.0,-0.1,-0.1,0.5,0.2
global,0.7,0.0,0.1,0.1,0.3,0.3
goals,0.1,-0.1,0.4,0.2,-0.1,0.3
gotta,-0.3,-0.3,0.6,0.3,-0.6,0.4
hotel,0.5,0.0,-0.2,0.3,0.1,0.1
interested,0.0,0.0,0.2,0.4,-0.1,0.1
judge,0.6,-0.1,-0.4,-0.3,0.5,0.4
lady,0.1,0.3,0.1,0.4,0.4,-0.2
leader,0.4,-0.1,0.1,0.2,0.3,0.5
letter,-0.3,0.4,-0.1,0.3,0.3,-0.3
lines,-0.4,-0.2,0.2,-0.2,0.1,-0.1
material,0.3,0.4,0.0,0.0,0.1,0.0
named,0.1,0.0,0.0,0.1,0.1,0.0
nobody,-0.6,0.5,-0.3,-0.4,0.0,-0.6
opportunity,-0.1,0.2,0.5,0.4,-0.3,0.3
plus,-0.3,0.0,0.4,0.1,0.0,0.1
pre,-0.4,-0.1,0.2,-0.1,-0.2,-0.2
product,0.2,0.0,0.1,-0.2,-0.4,0.1
regular,0.0,0.0,0.0,0.0,0.0,-0.2
secretary,0.1,0.1,-0.1,0.1,0.2,-0.2
sister,0.2,0.0,0.2,0.7,0.2,0.2
stories,0.1,0.3,0.3,0.6,0.6,0.1
unit,0.3,0.0,-0.1,-0.3,0.0,0.0
workers,0.4,0.0,-0.2,0.3,0.2,0.3
annual,0.1,0.1,0.2,0.0,0.2,-0.1
anymore,-0.2,0.2,0.1,-0.1,-0.1,-0.2
bar,0.5,-0.1,0.2,0.2,0.1,0.1
battle,0.7,0.0,-0.3,0.6,0.5,0.8
brain,0.1,0.1,-0.4,0.3,0.1,0.1
contract,0.2,0.2,-0.5,-0.4,0.2,-0.1
degree,-0.1,0.1,0.0,-0.1,0.1,0.0
families,0.3,0.1,0.1,0.7,0.3,0.2
features,0.0,0.0,0.0,0.0,-0.2,0.0
finished,0.3,-0.1,-0.6,-0.2,0.2,0.3
floor,0.6,0.0,-0.2,0.0,0.2,-0.3
france,0.4,0.0,0.1,0.3,0.6,0.1
growing,-0.1,0.3,0.3,0.4,-0.5,0.2
hurt,0.4,-0.2,-0.5,0.2,0.1,0.6
image,-0.5,0.3,0.1,-0.2,-0.3,-0.3
insurance,0.2,0.2,-0.4,-0.5,0.1,-0.3
majority,0.4,0.0,-0.1,0.0,0.1,0.2
meant,0.1,0.0,-0.2,0.1,0.2,-0.2
opening,-0.2,0.3,0.3,0.2,-0.4,0.1
opinion,0.0,0.2,0.2,0.1,0.0,0.1
physical,0.5,0.0,0.1,0.2,0.1,0.3
pro,-0.1,-0.2,0.4,0.1,-0.3,0.3
reach,-0.1,-0.1,0.3,0.2,-0.1,0.2
rule,0.5,-0.1,-0.4,-0.3,0.5,0.4
seriously,0.3,0.0,-0.3,-0.2,0.0,0.4
sports,0.1,-0.1,0.7,0.4,-0.2,0.6
stupid,0.2,0.0,-0.2,0.1,-0.2,0.5
successful,0.3,0.1,0.2,0.4,0.1,0.3
active,-0.2,-0.2,0.6,0.4,-0.4,0.5
administration,0.5,0.1,-0.5,-0.5,0.2,-0.1
approach,0.1,-0.1,0.1,0.0,-0.1,0.0
australian,0.2,0.0,0.2,0.5,0.2,0.2
biggest,0.7,0.0,-0.2,0.0,0.1,0.6
cancer,0.8,-0.1,-0.8,-0.3,0.3,0.5
civil,0.2,0.1,0.0,0.1,0.3,-0.3
dance,-0.3,0.4,0.8,0.5,0.2,0.4
defense,0.6,0.0,-0.3,-0.2,0.3,0.4
direction,0.0,-0.3,0.2,-0.1,0.0,0.0
independent,0.2,0.2,0.3,0.0,0.1,0.2
master,0.6,0.0,-0.2,0.2,0.7,0.5
none,-0.8,0.3,-0.5,-0.6,0.0,-0.8
reasons,0.1,0.0,0.0,-0.1,0.1,-0.1
russia,0.7,0.0,-0.4,-0.7,0.6,0.3
ship,0.8,0.0,-0.3,0.1,0.5,0.3
stock,0.3,0.1,0.2,-0.2,0.2,0.1
trump,0.4,-0.1,0.4,0.2,-0.2,0.8
weekend,-0.2,0.3,0.4,0.6,-0.3,0.1
wonder,-0.4,0.5,0.5,0.3,0.4,-0.2
worst,0.6,-0.1,-0.6,-0.4,0.1,0.7
africa,0.6,0.0,-0.1,0.8,0.8,0.2
awesome,-0.2,0.2,0.6,0.5,-0.5,0.7
band,0.2,0.1,0.4,0.3,0.1,0.5
beach,0.4,0.1,-0.4,0.6,0.3,0.1
cash,-0.2,0.4,-0.1,-0.1,0.1,0.2
clearly,-0.5,-0.2,0.1,-0.2,-0.2,0.0
commercial,0.1,0.0,0.0,-0.3,-0.4,0.4
compared,0.0,0.0,0.0,0.0,0.0,-0.1
effort,0.5,0.0,-0.2,0.4,0.1,0.3
ended,0.3,-0.1,-0.6,-0.3,0.2,-0.2
fan,-0.3,0.5,0.3,-0.2,-0.1,0.2
fighting,0.5,-0.1,0.2,0.5,0.2,0.8
imagine,-0.6,0.5,0.3,0.2,-0.1,-0.4
impact,0.6,-0.2,0.1,0.1,-0.1,0.7
lack,-0.4,0.1,-0.3,-0.4,0.0,-0.3
latest,-0.3,-0.2,0.2,0.0,-0.8,0.2
learning,0.1,0.1,0.2,0.3,0.0,-0.2
multiple,0.2,0.0,0.3,0.0,-0.1,0.1
older,0.3,0.0,-0.2,0.1,0.6,-0.2
operation,0.3,-0.1,-0.2,-0.4,0.0,0.1
organization,0.4,0.0,-0.3,-0.2,0.1,0.0
passed,0.0,0.1,-0.2,-0.2,0.3,-0.4
pictures,-0.2,0.3,0.1,0.2,0.1,-0.2
protect,0.5,0.0,-0.1,0.5,0.2,0.2
secret,0.1,0.2,-0.1,0.0,0.3,-0.7
senior,0.3,0.0,-0.3,0.1,0.6,-0.1
spring,-0.2,0.3,0.9,0.4,-0.5,0.3
sunday,-0.1,0.3,0.1,0.5,0.2,-0.5
telling,0.1,0.0,0.0,0.2,0.0,0.3
wear,0.0,0.3,-0.3,0.3,0.4,-0.2
activities,0.1,0.0,0.4,0.2,-0.2,0.3
address,0.1,0.0,-0.1,-0.1,0.1,0.1
analysis,0.3,-0.1,-0.4,-0.6,0.1,-0.3
anyway,-0.2,0.2,0.1,0.0,-0.1,-0.1
bought,0.2,0.0,-0.1,0.1,-0.2,0.1
calls,0.0,0.1,0.3,0.1,-0.1,0.5
choose,0.0,0.0,0.2,0.1,-0.1,0.1
christmas,0.3,0.3,0.3,0.9,0.5,0.4
color,-0.3,0.3,0.4,0.4,-0.2,0.3
commission,0.3,0.0,-0.3,-0.4,0.2,0.0
competition,0.4,-0.1,0.3,0.4,0.1,0.6
details,-0.4,0.3,0.1,-0.2,0.0,-0.3
direct,0.2,-0.4,-0.1,-0.2,-0.1,0.4
dream,-0.7,0.6,0.2,0.3,0.1,-0.6
easily,-0.6,-0.3,0.5,0.1,-0.3,-0.3
finish,0.3,-0.1,-0.4,0.0,0.1,0.3
grand,0.7,0.1,-0.2,0.2,0.5,0.3
increased,0.3,0.0,0.2,0.2,-0.2,0.3
indian,0.2,0.0,0.1,0.6,0.7,0.2
literally,-0.3,-0.1,0.1,-0.2,-0.5,0.3
luck,-0.4,0.2,0.6,0.4,0.2,0.2
marriage,0.5,0.0,-0.2,0.7,0.6,0.1
names,0.0,0.0,0.0,0.2,0.2,0.0
necessary,0.3,0.0,-0.2,-0.2,0.1,0.2
patients,0.1,0.0,-0.3,0.1,0.0,-0.3
resources,0.4,0.1,-0.1,0.0,0.2,0.1
rich,0.5,0.0,0.2,0.4,0.3,0.3
skin,-0.1,0.3,0.2,0.6,0.0,0.0
speaking,0.0,0.2,0.1,0.3,0.0,0.4
supposed,-0.2,0.1,0.0,-0.1,0.0,-0.2
sweet,-0.2,0.1,0.3,0.5,0.0,0.1
thus,0.1,-0.1,-0.1,-0.2,0.5,-0.1
touch,-0.3,0.4,0.1,0.7,0.0,-0.4
yesterday,0.1,0.2,-0.2,0.1,-0.3,-0.2
caught,0.3,-0.2,-0.4,0.0,0.0,0.5
closed,0.4,0.0,-0.5,-0.3,0.1,-0.4
congress,0.6,0.1,-0.4,-0.2,0.4,0.3
damage,0.5,-0.2,-0.6,0.2,0.1,0.7
directly,0.1,-0.5,0.2,-0.1,-0.1,0.3
disease,0.6,0.0,-0.7,0.3,0.3,0.4
doctor,0.2,0.0,0.0,0.3,0.2,0.1
doubt,0.3,0.2,-0.4,-0.4,0.1,-0.3
drink,0.0,0.0,0.1,0.2,0.0,0.1
driving,0.4,-0.3,0.1,0.1,-0.3,0.4
established,0.6,0.0,-0.5,0.1,0.6,0.1
facebook,-0.3,0.1,0.4,-0.2,-0.8,0.2
feels,-0.2,0.3,0.2,0.5,0.0,-0.2
fish,0.1,-0.1,0.3,-0.2,0.2,-0.1
gay,-0.2,0.2,0.5,0.5,0.0,0.4
germany,0.6,0.0,-0.2,-0.1,0.5,0.2
glad,-0.3,0.3,0.6,0.6,0.0,0.3
greater,0.4,0.0,0.1,0.2,0.2,0.4
grow,0.2,0.2,0.2,0.4,0.1,0.1
largest,0.8,0.1,-0.3,0.0,0.2,0.5
machine,0.7,-0.2,-0.3,-0.4,-0.2,0.6
notice,-0.2,0.1,0.2,0.0,-0.1,0.2
overall,0.1,0.1,-0.1,0.0,0.0,0.0
planning,0.2,0.0,-0.2,-0.1,-0.2,-0.1
professor,0.3,0.0,-0.2,0.1,0.4,0.1
programs,-0.1,0.1,0.1,-0.3,-0.6,0.0
records,0.3,0.1,-0.1,0.0,0.3,0.2
reports,0.2,0.2,-0.2,-0.2,0.1,0.2
shown,0.0,0.0,0.0,0.0,0.0,0.1
sit,0.2,0.0,-0.3,0.1,0.0,-0.5
trip,-0.1,-0.2,0.4,0.3,-0.2,0.2
associated,0.1,0.0,-0.1,-0.1,0.1,0.0
basic,0.1,0.0,0.1,-0.1,0.1,-0.1
captain,0.4,0.0,0.0,0.2,0.3,0.5
carry,0.4,0.0,-0.2,0.2,0.1,0.2
cars,0.7,-0.1,0.2,0.1,-0.4,0.6
crime,0.5,-0.1,-0.5,-0.2,0.2,0.6
effective,0.3,-0.2,0.1,-0.1,0.0,0.3
effects,-0.1,0.1,0.0,-0.1,-0.1,0.2
explain,-0.2,0.1,0.1,0.1,-0.1,0.1
fully,0.1,0.0,0.2,0.1,-0.2,0.2
highly,-0.2,0.2,0.4,0.1,-0.2,0.3
holding,0.2,0.0,-0.2,0.3,0.0,-0.1
japan,0.3,0.0,0.1,0.2,0.5,0.1
laws,0.6,0.0,-0.4,-0.3,0.5,0.2
male,0.2,0.0,0.0,0.1,0.2,0.1
mrs,-0.1,0.0,-0.1,0.2,0.3,-0.2
parties,0.0,0.2,0.5,0.5,-0.1,0.6
plant,0.1,0.1,-0.2,0.2,0.3,-0.4
reality,0.7,0.0,-0.5,-0.1,0.8,0.1
smith,0.4,-0.1,-0.2,0.4,0.5,0.2
spot,-0.4,-0.2,0.3,0.0,-0.2,0.0
texas,0.5,0.0,-0.1,0.7,0.2,0.3
winter,0.4,0.3,-0.3,-0.9,0.3,0.1
worse,0.3,0.0,-0.4,-0.3,0.0,0.2
advice,0.1,0.1,0.1,0.3,0.2,-0.2
agreement,0.3,0.2,0.0,0.3,0.2,0.0
award,0.3,0.1,0.2,0.4,0.1,0.4
block,0.6,0.0,-0.1,-0.2,0.1,0.1
broken,0.3,-0.1,-0.7,-0.3,0.2,0.3
caused,0.2,0.0,-0.1,0.0,0.0,0.2
challenge,0.3,-0.1,0.3,0.1,0.0,0.4
characters,-0.1,0.1,0.2,0.1,0.2,0.1
christian,0.2,0.0,-0.1,0.2,0.7,0.1
comment,-0.3,0.1,0.2,0.0,-0.3,-0.1
equipment,0.5,0.0,-0.2,-0.2,-0.1,0.2
eventually,0.1,0.3,-0.2,0.0,0.2,-0.3
helped,-0.1,0.0,0.2,0.5,0.0,0.0
holy,0.4,0.4,-0.2,0.4,0.8,0.2
killing,0.6,-0.2,-0.8,-0.6,0.2,0.8
lived,0.2,0.0,-0.1,0.4,0.4,-0.1
lots,0.2,0.0,0.3,0.1,-0.2,0.2
nation,0.7,0.0,-0.3,0.1,0.5,0.3
otherwise,-0.2,0.1,0.1,-0.1,0.0,-0.2
peter,0.1,0.0,0.1,0.2,0.5,0.0
prices,0.1,0.1,0.2,-0.2,0.1,0.1
primary,0.2,0.0,0.1,0.1,0.1,0.2
purpose,0.4,-0.1,-0.1,0.2,0.3,0.1
rates,0.0,0.0,0.1,-0.2,0.0,0.1
responsible,0.5,0.0,-0.3,0.1,0.2,0.1
shop,0.2,0.0,0.1,0.3,0.2,0.1
showing,-0.1,0.1,0.2,0.1,-0.2,0.1
sick,0.2,-0.1,-0.6,-0.4,-0.1,0.1
teacher,0.2,0.0,0.0,0.5,0.2,0.2
theory,0.3,0.2,0.1,-0.3,0.4,-0.2
uses,-0.1,0.0,0.1,0.0,-0.1,0.0
william,0.2,0.0,0.0,0.2,0.6,0.0
agency,0.3,0.0,-0.1,-0.2,0.1,0.1
avoid,-0.2,0.2,0.3,-0.2,0.0,-0.3
camera,0.2,0.0,-0.2,-0.1,-0.2,0.1
catch,0.0,-0.2,0.6,0.1,0.0,0.3
cell,0.1,0.0,-0.3,-0.3,0.1,-0.2
coast,0.5,0.3,-0.2,0.1,0.5,0.1
comments,-0.3,0.2,0.2,0.0,-0.4,-0.1
drug,-0.1,0.0,-0.2,0.3,0.1,0.4
economy,0.6,0.0,-0.4,-0.1,0.3,0.2
environment,0.5,0.2,-0.1,0.1,0.4,0.0
executive,0.3,0.0,0.0,-0.3,-0.2,0.3
foot,0.2,0.0,0.1,0.3,0.1,0.1
hall,0.4,0.0,-0.1,-0.1,0.3,-0.2
mass,0.8,0.0,-0.5,0.0,0.3,0.2
meaning,0.4,0.1,-0.2,0.2,0.6,-0.1
mission,0.4,-0.2,0.1,0.2,0.2,0.4
nine,-0.1,0.0,0.2,0.0,0.2,0.0
officers,0.4,0.0,-0.1,-0.2,0.1,0.4
operations,0.5,0.0,-0.3,-0.2,0.1,0.3
politics,0.5,0.0,-0.2,0.1,0.5,0.5
pop,-0.4,0.3,0.9,0.2,-0.5,0.6
produced,0.2,0.0,-0.2,0.0,0.0,0.1
ran,-0.1,-0.3,0.5,0.3,0.0,0.4
saturday,-0.1,0.2,0.3,0.5,0.1,0.2
status,0.2,0.0,-0.3,-0.2,0.2,0.1
therefore,0.1,0.0,-0.1,0.0,0.2,-0.1
trial,0.5,0.0,-0.4,-0.3,0.4,0.5
truly,-0.1,0.0,0.1,0.3,0.1,0.2
weather,0.1,0.3,0.0,0.1,0.6,0.2
activity,0.0,-0.1,0.4,0.2,-0.1,0.3
app,-0.5,-0.1,0.5,-0.2,-0.9,0.0
application,0.1,0.2,-0.2,-0.3,-0.4,0.0
claims,0.2,0.0,0.1,-0.1,0.1,0.4
coffee,0.0,0.1,-0.2,0.8,0.3,0.2
complex,0.4,0.0,-0.3,-0.2,0.2,0.1
condition,0.3,0.0,-0.2,-0.2,0.1,0.0
division,0.4,-0.2,-0.4,-0.3,0.2,0.4
evening,0.1,0.3,-0.3,0.3,0.3,-0.5
flight,-0.4,0.4,0.4,-0.1,-0.1,0.3
freedom,-0.2,0.5,0.5,0.6,0.7,0.5
google,-0.3,0.0,0.3,-0.2,-0.8,0.1
heat,-0.2,0.4,-0.1,0.9,0.5,0.5
highest,-0.3,0.2,0.2,0.0,0.2,0.4
interview,0.2,0.0,-0.1,-0.1,-0.2,0.3
library,0.6,0.0,-0.4,0.2,0.6,-0.8
located,0.1,-0.1,-0.1,-0.1,0.0,-0.1
location,0.2,0.0,-0.1,-0.1,0.1,0.0
murder,0.7,0.0,-0.7,-0.6,0.5,0.9
obama,0.3,0.0,0.1,0.2,-0.6,0.3
offered,0.0,0.1,0.1,0.2,0.0,0.1
putting,0.1,-0.1,-0.1,0.0,-0.1,0.0
queen,0.4,0.1,0.1,0.2,0.6,0.3
seconds,-0.6,-0.3,0.3,-0.2,-0.7,-0.2
showed,0.0,0.0,0.0,0.1,-0.1,0.1
sitting,0.2,0.0,-0.2,0.2,-0.1,-0.4
standing,0.3,0.0,0.1,0.0,0.0,-0.1
stars,0.8,0.5,0.2,0.9,0.9,-0.3
walking,0.1,0.0,0.3,0.2,0.0,0.0
accept,0.1,0.0,-0.1,0.3,0.1,-0.2
actual,0.2,0.0,0.0,-0.1,0.0,0.1
appear,-0.4,0.2,0.2,-0.1,-0.2,-0.2
attempt,0.1,0.0,0.2,0.1,-0.1,0.2
broke,0.3,-0.2,-0.5,-0.2,-0.1,0.6
channel,0.2,-0.1,0.1,-0.2,0.1,0.1
distance,0.3,0.3,-0.1,-0.5,0.2,-0.5
eating,0.1,0.0,-0.1,0.4,-0.1,0.1
exchange,0.0,0.0,0.4,0.1,-0.1,0.1
fat,0.6,0.0,-0.4,0.3,-0.1,0.1
fell,0.4,-0.3,-0.3,-0.1,-0.1,0.4
finding,-0.1,0.0,0.3,0.3,-0.2,0.2
glass,0.2,-0.2,0.4,-0.5,0.1,0.2
learned,0.3,0.0,-0.1,0.2,0.4,-0.2
losing,0.2,0.1,-0.4,-0.4,-0.1,0.1
mobile,-0.3,0.4,0.5,-0.1,-0.6,0.1
northern,0.2,0.1,-0.1,-0.7,0.2,-0.2
opened,-0.1,0.3,0.2,0.2,-0.2,0.2
placed,0.2,0.1,-0.3,0.1,0.0,-0.3
powerful,0.7,0.0,0.2,0.3,0.2,0.7
prior,0.1,0.0,0.0,-0.2,0.4,-0.3
protection,0.5,0.2,-0.2,0.5,0.2,-0.1
reached,0.2,0.0,0.1,0.2,0.0,0.2
receive,0.0,0.0,0.2,0.2,0.0,-0.2
religious,0.5,0.1,-0.2,0.2,0.8,0.2
ride,0.1,0.0,0.6,0.2,-0.2,0.3
robert,0.2,0.0,0.0,0.1,0.3,-0.1
royal,0.4,0.1,0.1,0.1,0.6,0.2
screen,-0.1,0.4,0.1,-0.3,-0.6,0.0
serve,0.2,-0.2,-0.1,0.2,0.2,0.0
signed,0.1,0.0,-0.2,0.1,0.2,0.0
slow,0.5,0.6,-0.5,0.1,0.3,-0.6
species,0.4,0.0,0.0,-0.1,0.7,-0.2
speech,0.1,0.3,0.1,0.2,0.1,0.5
traffic,0.6,0.3,-0.3,0.2,-0.4,0.6
tree,0.6,0.2,-0.2,0.3,0.5,-0.3
types,0.0,0.0,0.1,-0.2,-0.2,-0.2
vs,-0.5,-0.2,0.3,-0.1,-0.3,0.2
wearing,0.0,0.2,-0.2,0.3,-0.1,-0.3
whom,0.1,0.0,-0.1,-0.2,0.6,-0.4
wonderful,-0.2,0.4,0.5,0.7,-0.2,0.4
agreed,0.2,0.0,-0.1,0.3,0.1,0.1
airport,0.8,0.2,-0.2,-0.3,-0.5,0.6
animals,0.2,0.1,0.3,0.5,0.6,0.3
appears,-0.4,0.3,0.1,-0.1,-0.2,-0.3
begin,-0.2,-0.1,0.4,0.1,-0.8,0.3
benefits,0.1,0.2,0.1,0.3,0.0,0.0
bottom,0.5,0.0,-0.3,-0.2,0.1,-0.2
cities,0.7,0.0,-0.2,0.2,0.3,0.5
demand,0.4,-0.1,-0.1,0.2,0.0,0.6
engine,0.7,0.0,-0.2,0.6,0.1,0.7
everybody,0.2,0.0,0.2,0.4,0.0,0.3
famous,0.3,0.3,0.3,0.3,0.1,0.5
ideas,-0.6,0.5,0.7,0.2,-0.3,0.1
investment,0.5,0.0,-0.1,-0.1,0.2,0.0
keeping,0.1,0.0,-0.2,0.1,0.1,-0.2
lie,-0.2,-0.2,-0.4,-0.4,0.1,0.1
notes,-0.5,0.4,0.3,0.0,-0.1,-0.1
partner,0.2,0.0,0.2,0.6,0.1,0.0
plays,-0.1,0.1,0.6,0.3,-0.1,0.2
raised,0.2,0.3,0.3,0.2,-0.1,0.3
runs,-0.1,-0.2,0.5,0.3,-0.4,0.4
sad,0.4,0.0,-0.6,-0.5,0.2,-0.4
solution,0.1,0.1,0.1,0.1,-0.1,0.1
songs,-0.3,0.6,0.5,0.5,0.3,0.4
sources,0.3,0.1,0.0,0.1,0.4,0.0
southern,0.1,0.2,-0.1,0.7,0.2,0.0
square,0.4,0.0,-0.1,-0.1,0.3,-0.1
stopped,0.5,-0.2,-0.7,-0.3,0.0,-0.5
structure,0.8,0.0,-0.4,-0.3,0.3,-0.1
thomas,0.1,0.0,0.0,0.2,0.4,0.0
traditional,0.5,0.0,-0.3,0.3,0.7,-0.1
twice,-0.1,-0.1,0.6,0.0,-0.2,0.2
wind,-0.7,0.7,0.2,-0.4,0.5,0.3
worry,0.3,0.2,-0.3,0.1,0.1,0.2
americans,0.3,0.0,0.1,0.2,-0.2,0.3
appeared,-0.3,0.3,0.1,-0.1,0.0,-0.2
becomes,-0.1,0.1,0.2,0.1,-0.2,0.0
brand,0.0,-0.1,0.3,0.1,-0.6,0.4
bus,0.7,0.0,-0.2,0.1,-0.1,0.5
cent,-0.4,-0.3,0.4,-0.2,0.2,-0.2
chicago,0.6,0.0,-0.1,-0.3,0.2,0.4
count,0.1,0.0,0.2,0.0,0.1,0.1
covered,0.3,0.4,-0.5,0.2,0.1,-0.3
critical,0.4,-0.2,-0.2,-0.4,0.0,0.6
digital,-0.6,0.3,0.5,-0.7,-0.9,0.1
forced,0.6,-0.3,-0.5,0.1,0.1,0.7
fourth,0.1,0.0,0.1,-0.1,0.1,0.0
fresh,-0.4,0.2,0.6,0.1,-0.9,0.3
lake,0.6,0.0,-0.3,-0.4,0.6,-0.4
mental,-0.2,0.2,0.1,-0.3,0.0,0.2
mentioned,-0.3,0.3,-0.1,0.0,0.0,-0.4
missed,0.1,0.2,-0.4,-0.3,0.0,-0.2
mostly,-0.2,0.1,0.0,0.0,0.0,-0.3
mouth,0.1,0.1,0.2,0.5,0.2,0.3
owner,0.3,0.0,-0.2,0.1,0.2,0.1
photos,-0.4,0.3,-0.1,0.2,-0.2,-0.2
previously,-0.1,0.1,0.0,-0.2,0.4,-0.3
realize,-0.1,-0.1,0.3,0.2,-0.1,0.3
remain,0.4,0.0,-0.5,-0.2,0.5,-0.5
scale,0.5,0.0,0.1,-0.2,0.3,0.1
score,0.1,0.0,0.4,0.0,0.1,0.2
separate,0.0,0.1,-0.1,-0.4,0.0,0.0
smart,-0.3,-0.2,0.5,0.1,-0.5,0.2
starts,-0.2,-0.1,0.6,0.2,-0.7,0.4
surface,0.2,0.2,0.3,-0.3,0.1,-0.2
throw,0.2,-0.2,0.5,0.1,0.0,0.5
tom,0.1,0.0,0.1,0.3,0.2,0.1
totally,-0.3,0.1,0.4,0.3,-0.6,0.5
twitter,-0.5,0.4,0.7,0.1,-0.9,0.3
views,-0.3,0.1,0.1,0.1,0.1,-0.2
wedding,0.3,0.2,0.2,0.7,0.6,0.4
acting,-0.1,0.0,0.3,0.2,0.1,0.2
actions,0.3,-0.1,0.4,0.1,0.0,0.5
african,0.3,0.0,0.0,0.7,0.7,0.2
arms,0.3,0.0,0.2,0.5,0.3,0.3
benefit,0.1,0.1,0.2,0.4,0.1,0.1
budget,0.4,0.0,-0.4,-0.3,0.1,-0.1
click,-0.6,-0.3,0.8,-0.3,-0.8,0.2
estate,0.6,0.0,-0.3,0.1,0.5,-0.3
failed,0.5,-0.2,-0.7,-0.5,0.2,-0.2
faith,0.2,0.3,0.1,0.6,0.8,0.1
fashion,-0.2,0.3,0.4,0.3,-0.5,0.3
feature,0.0,0.0,0.1,-0.1,-0.2,0.0
fund,0.4,0.0,-0.2,0.1,0.2,0.0
generation,0.5,0.1,0.1,0.3,0.6,0.2
hearing,-0.2,0.2,0.1,0.2,0.2,-0.3
hill,0.7,0.0,-0.2,0.2,0.7,-0.2
jack,0.2,-0.2,0.5,0.3,0.1,0.3
larger,0.5,0.0,0.1,0.0,0.1,0.2
louis,0.2,0.0,0.0,0.3,0.5,0.0
metal,0.7,-0.1,0.3,-0.5,0.3,0.4
mid,0.0,0.0,0.0,0.0,0.0,-0.2
paris,0.3,0.1,0.2,0.4,0.6,0.2
profile,-0.3,0.1,0.1,-0.2,-0.6,-0.3
pull,0.4,-0.2,-0.2,0.1,0.0,0.3
push,0.4,-0.1,0.3,0.2,0.0,0.5
returned,0.2,0.0,0.3,0.1,0.3,0.0
rose,-0.3,0.4,-0.2,0.6,0.3,-0.1
seat,0.3,0.0,0.1,0.3,0.2,-0.3
seemed,-0.3,0.2,-0.2,-0.1,0.2,-0.5
sexual,0.1,0.0,0.3,0.8,0.2,0.6
target,0.3,-0.2,0.2,-0.2,0.0,0.3
understanding,0.3,0.1,-0.2,0.4,0.2,-0.4
village,0.4,0.0,-0.1,0.5,0.5,-0.2
agent,0.1,-0.1,0.1,-0.3,-0.1,0.1
animal,0.2,0.0,0.3,0.5,0.6,0.3
apply,0.0,0.0,0.0,0.0,-0.1,0.0
authority,0.6,0.0,-0.4,-0.3,0.4,0.4
basis,0.5,0.0,-0.5,-0.1,0.2,-0.2
becoming,-0.1,0.2,0.2,0.3,0.0,-0.1
chris,0.0,0.0,0.1,0.2,-0.2,0.0
draw,-0.2,-0.2,0.1,0.1,0.1,-0.2
dude,0.1,0.1,0.4,0.4,-0.5,0.1
employees,0.2,0.0,-0.2,-0.1,-0.2,-0.1
enter,0.1,-0.1,0.1,0.0,-0.1,0.1
ex,-0.1,-0.2,-0.3,-0.5,-0.3,0.2
follows,-0.1,0.2,0.0,0.0,-0.1,-0.2
foundation,0.8,0.0,-0.7,0.1,0.5,-0.1
gain,0.2,0.0,0.3,0.2,0.0,0.2
individuals,0.2,0.0,-0.1,-0.1,0.0,-0.2
japanese,0.1,0.0,0.1,0.1,0.4,0.0
leaders,0.5,0.0,-0.2,0.1,0.3,0.4
memory,0.1,0.4,-0.3,0.3,0.5,-0.4
prime,0.4,-0.1,0.3,0.1,0.3,0.3
projects,0.2,0.0,-0.1,0.0,-0.3,0.0
ring,0.3,-0.1,0.6,0.2,0.3,0.3
rise,-0.3,0.6,0.4,0.3,0.1,0.2
selling,0.0,0.0,0.2,0.1,-0.2,0.2
served,0.2,0.0,-0.2,0.3,0.2,-0.1
silver,0.4,0.0,0.3,-0.4,0.4,-0.1
soul,-0.5,0.6,0.1,0.7,0.9,-0.3
spread,-0.2,0.5,-0.2,0.2,0.0,0.1
supply,0.3,0.0,-0.2,0.0,-0.1,0.0
waste,0.3,0.0,-0.7,-0.3,0.1,-0.2
weird,-0.1,0.2,0.3,-0.1,-0.3,0.1
adult,0.3,0.0,-0.1,0.1,0.1,0.0
apparently,-0.1,0.2,0.0,-0.1,-0.2,-0.2
artist,0.1,0.1,0.3,0.4,0.1,0.1
chairman,0.5,0.0,-0.4,-0.2,0.3,0.2
edition,0.2,0.2,-0.1,-0.1,0.0,-0.1
engineering,0.6,0.0,0.0,-0.4,0.1,0.1
grade,0.1,0.0,0.1,-0.2,-0.2,0.0
happening,-0.1,0.1,0.4,0.3,-0.6,0.3
healthy,0.1,0.1,0.4,0.5,0.0,0.1
institute,0.6,0.0,-0.5,-0.4,0.3,-0.1
method,0.2,0.0,-0.1,-0.3,0.1,-0.2
mike,0.1,0.0,0.1,0.1,-0.3,0.1
monday,0.3,0.0,-0.4,-0.4,0.2,-0.1
nations,0.7,0.0,-0.3,0.1,0.6,0.2
obviously,-0.1,0.2,0.1,-0.1,-0.3,0.1
option,-0.1,0.1,0.2,-0.1,-0.4,-0.1
prison,0.8,0.0,-0.8,-0.7,0.5,0.3
provides,0.0,0.0,0.0,0.2,0.0,0.0
remains,0.3,0.1,-0.5,-0.2,0.5,-0.3
senate,0.6,0.0,0.1,-0.3,0.6,0.2
smaller,-0.4,-0.1,0.2,0.0,0.0,-0.2
somebody,0.1,0.0,0.1,0.2,0.0,0.1
stone,0.5,0.0,0.2,0.0,0.5,0.0
strength,0.6,-0.1,0.3,0.3,0.2,0.5
users,-0.1,0.0,0.1,-0.2,-0.5,0.0
wild,0.1,0.1,0.6,0.4,0.2,0.7
window,0.1,0.3,0.4,-0.3,0.1,-0.1
winner,0.2,0.2,0.5,0.5,-0.2,0.6
arrived,0.1,-0.1,0.1,0.1,0.0,0.2
bag,-0.2,0.4,-0.3,0.1,-0.1,-0.1
bet,-0.1,-0.2,0.5,0.2,0.0,0.3
camp,0.2,0.2,-0.1,0.6,0.1,0.2
cast,0.5,-0.2,0.0,-0.1,0.2,0.1
christ,0.7,0.2,0.0,0.4,0.9,0.3
continues,0.0,0.0,0.2,0.0,0.0,0.0
correct,0.1,-0.2,0.2,-0.2,0.0,0.2
dangerous,0.4,-0.3,0.2,0.3,0.1,0.7
ed,-0.2,0.0,0.0,0.0,-0.2,-0.2
extremely,0.1,-0.1,0.4,0.2,-0.2,0.7
firm,0.5,0.0,0.1,-0.1,0.1,0.2
greatest,0.5,0.0,0.3,0.4,0.3,0.6
handle,0.1,-0.1,0.1,0.1,0.0,0.0
improve,-0.1,0.2,0.4,0.3,-0.3,0.2
indeed,0.1,0.0,-0.1,-0.1,0.2,0.1
leaves,-0.4,0.6,-0.2,0.1,0.1,-0.4
movies,-0.1,0.2,0.3,0.2,-0.5,0.3
negative,0.2,-0.1,-0.3,-0.5,0.0,0.2
prevent,0.3,0.1,-0.2,-0.2,0.0,0.2
removed,-0.1,0.1,-0.2,-0.4,0.1,-0.2
richard,0.2,0.0,0.0,0.1,0.3,0.0
spirit,-0.8,0.7,0.2,0.2,0.6,-0.3
television,0.3,0.0,-0.2,0.1,-0.5,0.3
till,0.3,0.0,-0.4,0.2,0.3,-0.1
trouble,0.5,0.1,-0.4,0.2,0.1,0.5
usa,0.4,0.3,0.2,0.1,-0.4,0.5
videos,-0.3,0.2,0.4,0.1,-0.8,0.2
advantage,-0.1,-0.2,0.3,0.3,-0.1,0.2
apart,0.0,0.2,0.1,-0.3,0.0,-0.2
aware,-0.2,0.3,0.2,0.1,0.0,0.1
cat,-0.2,0.1,0.6,0.6,0.1,-0.2
customers,0.1,0.0,0.0,0.0,-0.3,0.1
decide,0.1,-0.3,0.1,-0.1,0.0,0.3
dinner,0.2,0.0,-0.2,0.7,0.1,0.1
dollars,-0.3,0.5,0.2,-0.1,-0.2,0.1
eastern,0.1,0.2,0.0,0.3,0.4,-0.1
fifth,0.0,0.0,0.0,-0.1,0.0,0.0
function,0.1,0.0,-0.1,-0.4,-0.2,-0.1
gift,0.1,0.1,0.1,0.5,0.0,0.1
helping,0.1,0.2,0.0,0.4,0.0,0.1
herself,0.0,0.0,0.0,0.2,0.0,-0.1
impossible,0.6,0.0,-0.4,-0.2,0.1,0.5
influence,0.4,0.3,0.1,0.1,0.2,0.3
items,0.1,0.0,0.1,-0.1,-0.1,-0.1
joe,0.1,0.0,0.2,0.3,0.1,0.1
los,0.0,0.0,0.0,0.0,0.0,0.0
marketing,-0.1,0.1,0.3,-0.3,-0.5,0.2
mary,0.1,0.1,0.1,0.5,0.3,0.0
materials,0.4,0.0,0.0,0.0,0.0,0.0
nor,0.0,0.0,0.0,0.0,0.0,0.0
produce,0.2,0.0,0.1,0.2,0.0,0.1
progress,0.3,-0.2,0.4,0.2,-0.2,0.3
proud,0.4,0.2,0.2,0.6,0.1,0.4
require,0.3,-0.1,-0.2,-0.2,0.1,0.3
shooting,0.3,-0.6,0.2,0.4,-0.1,0.8
shut,0.4,-0.3,-0.5,-0.1,0.0,0.5
standards,0.5,0.0,-0.3,-0.3,0.3,0.1
tells,0.0,0.1,0.2,0.1,0.0,0.2
thinks,0.0,0.4,0.1,0.1,0.0,-0.3
van,0.7,0.0,-0.1,0.1,-0.1,0.3
wood,0.4,0.0,0.2,0.4,0.3,-0.1
background,0.2,0.2,-0.2,-0.1,0.0,-0.5
birth,0.3,0.1,0.3,0.7,-0.8,0.6
bridge,0.7,0.0,0.1,-0.1,0.4,0.0
carried,0.4,0.3,-0.1,0.2,0.1,0.1
charles,0.2,0.0,0.0,0.2,0.4,0.0
classes,0.2,0.0,0.0,-0.1,0.1,0.1
completed,0.4,-0.1,-0.3,0.1,0.1,0.2
concept,-0.2,0.3,0.3,-0.4,-0.1,-0.2
copy,-0.1,0.3,0.1,-0.2,-0.3,-0.1
dear,0.1,0.2,0.2,0.7,0.3,-0.1
dogs,0.3,0.0,0.5,0.6,0.1,0.4
drugs,-0.1,-0.1,0.1,0.1,-0.2,0.3
efforts,0.3,0.2,0.1,0.3,0.0,0.2
garden,0.3,0.3,0.1,0.5,0.3,-0.4
host,0.2,0.1,0.1,0.4,0.2,0.2
housing,0.6,0.0,-0.2,0.3,0.2,-0.1
inc,0.1,0.0,-0.1,-0.5,-0.4,0.0
israel,0.6,0.0,-0.2,0.4,0.8,0.3
journal,0.2,0.3,0.0,0.3,0.3,-0.3
labor,0.6,0.0,-0.4,0.4,0.4,0.4
leadership,0.5,0.1,-0.1,0.2,0.3,0.3
length,0.2,-0.2,0.0,0.0,0.1,0.0
lucky,-0.3,0.2,0.6,0.5,-0.2,0.3
neither,0.0,0.0,0.0,0.0,0.0,0.0
onto,0.0,-0.1,0.0,0.0,0.0,0.0
patient,0.3,0.3,-0.2,0.3,0.2,-0.6
possibly,-0.3,0.4,0.4,-0.1,-0.2,-0.2
prove,0.3,0.0,-0.2,-0.3,0.2,0.2
rare,-0.4,0.3,0.2,-0.1,0.5,-0.3
setting,0.0,0.0,-0.2,0.0,-0.1,-0.2
skills,0.1,0.0,0.4,0.1,0.0,0.0
software,-0.7,0.4,0.1,-0.5,-0.8,-0.4
thousands,0.5,0.0,-0.3,0.0,0.2,0.4
tough,0.6,-0.1,-0.1,0.1,0.0,0.3
units,0.1,0.0,0.2,-0.3,-0.2,0.0
ad,-0.5,0.3,-0.1,0.2,-0.6,0.4
alive,-0.2,0.3,0.6,0.7,-0.5,0.3
apple,0.0,0.0,0.2,0.2,-0.2,-0.2
balance,0.0,0.1,0.3,0.0,0.3,-0.4
birthday,-0.2,0.4,0.5,0.6,-0.4,0.5
bitch,0.2,-0.3,-0.3,0.5,0.0,0.7
boss,0.5,0.0,-0.2,-0.1,0.0,0.5
cards,-0.4,0.5,-0.1,0.0,0.2,-0.3
changing,-0.3,0.2,0.4,0.0,-0.3,0.1
connection,0.1,0.0,0.4,0.4,0.0,-0.2
dress,-0.3,0.5,-0.5,0.3,0.1,-0.4
easier,-0.6,0.3,0.3,0.2,0.0,-0.5
fellow,0.2,0.0,0.0,0.5,0.3,0.1
florida,0.1,0.0,-0.2,0.8,-0.2,0.2
horse,0.6,0.0,0.3,0.5,0.4,0.5
knowing,-0.2,0.1,-0.2,0.2,0.3,-0.5
liked,-0.2,0.1,0.2,0.5,-0.3,-0.2
magic,-0.5,0.6,0.6,0.4,0.6,0.3
managed,0.2,0.0,-0.1,-0.2,-0.1,-0.1
map,-0.4,0.4,-0.4,-0.1,0.4,-0.6
owned,0.4,0.0,-0.3,0.0,0.0,-0.2
request,-0.3,0.1,0.1,0.2,0.0,-0.1
stick,-0.1,-0.1,0.3,0.2,0.4,0.2
turns,0.0,0.0,0.5,0.0,0.0,0.0
vehicle,0.8,0.0,-0.3,0.3,-0.3,0.6
volume,0.3,0.0,0.0,0.0,0.0,0.7
wake,-0.2,0.3,-0.2,-0.3,-0.3,0.3
aid,-0.3,0.3,-0.1,0.6,0.0,-0.3
beauty,-0.4,0.4,0.2,0.5,0.5,-0.4
believed,0.3,0.0,-0.2,0.4,0.3,-0.3
billion,0.8,0.0,-0.2,-0.2,-0.1,0.5
busy,-0.2,-0.1,0.6,0.3,-0.4,0.6
buying,0.0,0.0,0.2,0.0,0.0,0.1
cells,-0.6,0.4,-0.3,0.3,0.8,-0.7
concerned,0.4,0.0,-0.4,0.2,0.0,-0.2
conversation,0.0,0.2,0.4,0.4,0.0,0.3
corner,0.3,-0.2,-0.2,-0.2,0.0,-0.4
criminal,0.5,0.0,-0.4,-0.4,0.0,0.4
cultural,0.2,0.0,0.0,0.2,0.6,0.0
develop,0.1,0.0,0.3,0.2,-0.4,0.1
driver,0.4,0.0,0.0,0.2,-0.2,0.3
ends,0.2,-0.2,-0.7,-0.4,0.4,-0.3
existing,0.0,0.1,-0.1,-0.1,0.2,-0.2
farm,0.4,0.0,-0.4,0.5,0.3,-0.1
file,-0.1,0.3,0.1,-0.2,-0.1,-0.2
fix,0.1,-0.2,0.3,0.1,0.0,0.2
fly,-0.5,0.6,0.4,0.2,0.1,0.1
frank,0.2,-0.2,0.0,0.3,0.1,0.3
guide,0.1,0.0,0.2,0.3,0.1,0.0
images,-0.3,0.3,0.1,0.0,-0.2,-0.1
investigation,0.5,-0.1,-0.3,-0.4,0.1,0.2
mexico,0.3,0.0,0.1,0.7,0.4,0.3
operating,0.2,-0.1,-0.1,-0.3,-0.2,0.1
paying,0.1,0.0,0.0,-0.1,0.0,0.0
presented,0.1,0.0,0.1,0.1,0.0,0.1
raise,0.2,0.4,0.3,0.2,0.0,0.4
responsibility,0.7,0.0,-0.5,-0.1,0.2,0.1
roll,0.3,-0.2,0.6,0.1,0.0,0.2
slightly,-0.4,0.3,0.1,0.0,-0.1,-0.4
suggest,-0.2,0.3,0.1,0.1,0.0,-0.3
surprise,-0.1,-0.3,0.7,0.3,-0.2,0.6
technical,0.2,-0.2,-0.2,-0.5,-0.3,-0.1
thoughts,-0.3,0.5,0.2,0.2,0.1,-0.4
treat,-0.1,0.1,0.3,0.6,0.0,0.2
unique,-0.1,0.2,0.3,0.2,-0.1,0.2
variety,-0.1,0.4,0.4,0.2,0.0,0.2
violence,0.6,-0.4,-0.2,0.4,0.3,0.9
weapons,0.6,-0.5,-0.3,-0.2,0.4,0.7
yours,-0.1,0.1,0.1,0.4,0.1,-0.1
youth,-0.3,0.4,0.6,0.5,-0.7,0.4
appreciate,0.1,0.2,0.1,0.6,0.1,0.1
bigger,0.5,0.2,0.2,0.1,-0.1,0.3
breaking,0.3,-0.3,-0.4,-0.1,0.0,0.6
discovered,0.3,0.0,0.2,0.3,0.3,0.3
dont,0.0,-0.1,0.0,-0.2,-0.2,0.2
dry,-0.2,0.3,-0.3,0.2,0.2,-0.2
edge,0.1,-0.5,0.2,-0.3,0.1,0.3
evil,0.7,-0.3,-0.4,-0.6,0.6,0.6
excited,-0.2,0.4,0.8,0.6,-0.5,0.7
forever,0.5,0.6,0.1,0.1,0.9,0.2
funds,0.2,0.1,-0.1,-0.2,0.1,0.0
helps,-0.1,0.3,0.2,0.5,0.0,0.1
henry,0.2,0.0,0.0,0.2,0.4,0.0
injury,0.4,-0.3,-0.6,0.2,0.1,0.5
iron,0.8,0.0,0.1,-0.4,0.5,0.3
lovely,-0.3,0.5,0.3,0.7,0.0,0.1
mad,0.2,-0.2,0.4,0.5,0.0,0.7
magazine,0.0,0.3,-0.1,0.1,-0.2,-0.1
martin,0.1,0.1,0.0,0.2,0.3,0.0
models,-0.1,0.2,0.2,-0.2,-0.3,-0.1
offers,-0.1,0.2,0.2,0.3,0.0,0.1
ordered,0.3,-0.2,-0.3,-0.3,0.1,0.3
parliament,0.6,0.0,-0.4,-0.2,0.5,0.3
prepared,0.0,0.0,0.1,0.2,-0.2,0.1
reference,0.1,0.1,-0.2,-0.3,0.2,-0.3
religion,0.7,0.0,-0.5,0.4,0.8,0.2
sites,0.0,0.0,-0.1,-0.2,-0.4,-0.2
somewhere,-0.4,0.3,-0.2,0.1,0.0,-0.4
stated,0.2,0.0,-0.4,-0.4,0.1,0.1
strategy,0.3,-0.1,0.2,-0.5,0.3,-0.2
teachers,0.1,0.0,-0.1,0.5,0.3,0.2
web,-0.5,0.7,0.4,-0.2,-0.7,-0.5
wine,0.2,0.0,-0.6,0.6,0.6,-0.1
accounts,0.1,0.1,-0.3,-0.4,0.2,-0.4
angeles,0.2,0.4,0.1,0.5,-0.1,0.2
arm,0.2,0.0,-0.1,0.4,0.5,0.1
audience,0.5,0.0,-0.3,0.3,0.2,0.3
bay,0.5,0.0,-0.4,-0.2,0.6,-0.3
blog,-0.6,0.1,-0.1,0.0,-0.8,-0.5
closer,0.0,-0.1,0.2,0.4,-0.2,-0.2
core,0.7,0.0,0.1,0.8,0.7,0.2
democratic,0.3,0.0,0.2,0.2,0.6,0.3
description,-0.2,0.2,-0.3,-0.1,0.0,-0.3
dropped,0.3,-0.3,0.1,0.0,-0.3,0.4
excellent,-0.2,0.0,0.6,0.5,0.1,0.5
exist,0.4,0.0,0.0,0.0,0.9,-0.6
figures,0.3,0.0,-0.2,-0.3,0.4,-0.4
forms,0.1,0.3,-0.2,-0.2,0.2,-0.5
guard,0.6,0.0,0.2,-0.2,0.5,0.2
honest,0.4,-0.1,0.2,0.4,0.5,0.1
issued,0.0,0.0,-0.4,-0.4,0.1,0.2
joined,0.3,0.0,0.0,0.3,0.0,0.0
jones,0.0,0.0,0.0,0.2,0.2,0.0
lee,-0.1,0.0,0.0,0.2,0.2,-0.3
lies,0.3,0.1,-0.7,-0.6,0.6,-0.3
likes,-0.6,0.2,0.5,0.3,-0.8,-0.4
medicine,0.1,0.0,0.1,-0.1,0.6,-0.2
mention,-0.4,0.3,0.1,0.0,-0.3,-0.3
mountain,1.0,0.0,-0.6,-0.6,0.9,-0.2
nuclear,0.8,-0.2,0.3,0.9,-0.5,0.9
orders,0.5,0.0,-0.2,-0.4,0.4,0.7
port,0.7,0.0,-0.1,0.2,0.6,0.4
presence,0.5,0.3,-0.1,0.3,0.5,-0.5
reaction,0.2,-0.2,0.6,0.5,-0.4,0.6
reduce,-0.3,-0.1,-0.2,-0.3,-0.1,-0.4
shoot,0.2,-0.7,0.7,0.6,-0.2,0.9
sides,0.1,0.0,0.1,0.0,0.3,-0.4
solid,0.7,0.0,0.3,0.0,0.4,-0.1
spanish,0.2,0.0,0.4,0.7,0.5,0.4
sport,0.2,-0.2,0.9,0.6,0.3,0.7
steps,0.3,0.0,0.1,0.0,0.2,0.1
stress,0.7,-0.2,-0.5,0.6,-0.3,0.5
taste,-0.2,0.2,0.1,0.3,0.0,0.1
tea,-0.1,0.2,-0.2,0.6,0.3,-0.3
victory,0.5,0.2,0.3,0.5,0.2,0.7
afternoon,0.1,0.4,-0.3,0.4,0.1,-0.4
assistant,0.0,0.0,0.0,0.1,-0.1,-0.1
britain,0.6,0.0,-0.2,0.1,0.6,0.2
citizens,0.3,0.0,-0.1,0.2,0.2,0.1
classic,0.3,0.0,0.1,0.2,0.6,0.0
clothes,0.1,0.5,-0.4,0.5,0.1,-0.2
decisions,0.4,0.0,-0.3,-0.2,0.1,0.2
electric,-0.2,-0.4,0.6,-0.1,-0.5,0.6
emergency,0.3,-0.3,0.2,0.2,-0.2,0.9
entered,0.1,0.0,0.0,0.0,0.0,0.1
entirely,-0.1,0.1,0.1,0.0,0.0,0.2
facts,0.4,0.0,-0.4,-0.5,0.2,0.1
failure,0.6,0.0,-0.7,-0.4,0.1,0.3
festival,0.2,0.4,0.4,0.7,0.3,0.7
flat,0.1,0.3,-0.5,-0.2,0.0,-0.3
fuel,0.3,0.0,-0.2,0.8,0.0,0.4
harry,0.0,0.0,0.1,0.2,-0.1,0.1
hello,-0.3,0.3,0.5,0.5,0.0,0.3
houses,0.6,0.0,-0.3,0.4,0.3,-0.1
ill,0.2,0.0,-0.6,-0.3,0.0,-0.4
initial,-0.2,-0.2,0.2,-0.2,-0.6,0.0
introduced,0.0,0.0,0.1,0.1,-0.2,0.1
johnson,0.2,0.0,-0.1,0.1,0.1,0.0
kick,0.2,-0.3,0.7,0.1,-0.1,0.6
links,0.1,0.0,0.3,-0.1,-0.4,0.0
mail,-0.1,0.4,-0.2,0.1,0.3,-0.2
massive,0.9,0.0,-0.4,0.0,0.1,0.5
matters,0.3,0.0,-0.2,0.0,0.1,0.1
pair,0.1,0.0,0.2,0.1,0.1,-0.1
picked,0.0,0.0,0.2,0.1,0.0,0.1
pieces,-0.2,0.3,0.1,-0.1,0.0,-0.1
plane,0.7,-0.3,0.1,-0.2,-0.3,0.7
plenty,0.3,0.1,0.2,0.3,0.0,0.2
prince,0.3,0.0,0.1,0.2,0.5,0.1
proper,0.2,0.0,-0.1,0.0,0.3,0.1
providing,0.0,0.0,0.0,0.1,0.0,0.0
quarter,0.2,-0.2,0.3,-0.1,0.1,0.0
regional,0.2,0.0,0.0,-0.1,0.1,-0.1
scott,0.1,0.0,0.1,0.1,0.1,0.0
session,0.2,0.0,-0.1,0.1,0.0,0.0
shape,0.0,0.0,0.3,0.0,0.1,0.0
sky,-0.8,0.8,0.0,-0.2,0.8,-0.5
teaching,0.2,0.0,0.1,0.4,0.4,0.1
toward,-0.2,-0.2,0.1,0.0,0.0,0.0
transfer,0.1,-0.1,0.3,-0.2,-0.3,0.1
upper,0.0,0.2,0.2,-0.1,0.0,0.1
useful,0.1,0.0,0.1,0.2,0.0,0.0
valley,0.7,0.0,-0.4,0.1,0.6,-0.3
watched,0.1,0.1,-0.2,-0.2,0.0,-0.4
willing,-0.3,0.2,0.3,0.4,-0.1,0.1
windows,0.3,0.2,-0.1,0.1,0.1,-0.1
zone,0.1,0.0,0.2,-0.1,0.0,0.2
accident,0.5,-0.3,-0.3,0.1,-0.2,0.7
advanced,0.2,-0.2,0.2,-0.2,-0.6,0.3
alternative,-0.1,0.2,0.4,0.0,-0.3,0.1
anywhere,-0.5,0.4,0.2,0.0,0.0,-0.2
articles,0.0,0.3,-0.3,-0.1,0.1,-0.3
awards,0.3,0.1,0.3,0.3,0.1,0.4
bear,0.8,0.0,-0.2,0.5,0.3,0.5
boat,0.6,0.3,0.1,0.2,0.3,0.1
bringing,0.1,0.0,0.2,0.2,-0.1,0.2
capacity,0.4,0.0,-0.1,-0.2,0.0,0.1
cheap,-0.4,0.3,-0.2,-0.1,-0.2,0.2
climate,0.6,0.4,-0.5,0.2,0.5,0.2
communities,0.5,0.0,-0.2,0.5,0.3,0.1
discussion,0.2,0.3,-0.2,0.2,0.1,0.2
drinking,0.0,0.0,-0.1,0.3,0.1,0.1
duty,0.6,-0.2,-0.4,-0.2,0.5,0.3
fantastic,-0.2,0.4,0.7,0.5,-0.2,0.6
feelings,0.2,0.3,-0.1,0.6,0.1,0.3
flying,-0.6,0.5,0.5,0.1,-0.2,0.2
governor,0.5,0.0,-0.3,-0.1,0.3,0.3
hundred,0.3,0.0,0.1,0.0,0.2,0.2
industrial,0.7,-0.1,-0.5,-0.4,0.2,0.5
joint,0.2,0.0,0.3,0.1,0.1,0.1
mix,-0.1,0.2,0.4,0.1,-0.1,0.2
museum,0.7,0.0,-0.4,-0.1,0.8,-0.5
options,-0.2,0.2,0.5,-0.1,-0.3,0.0
path,0.3,0.0,-0.3,0.1,0.5,-0.3
policies,0.4,0.3,-0.4,-0.3,0.2,-0.1
promise,0.3,0.3,0.2,0.5,0.2,0.2
proposed,0.1,0.2,0.1,-0.1,-0.2,0.0
purchase,0.2,0.0,-0.1,0.0,0.0,0.1
rain,-0.2,-0.3,-0.5,-0.4,0.5,0.1
remove,0.1,0.2,-0.2,-0.2,-0.1,0.2
signs,0.1,0.2,-0.1,-0.1,0.2,0.1
spending,0.2,0.3,0.1,0.1,-0.1,0.2
steel,0.8,-0.3,0.3,-0.5,0.2,0.4
steve,0.0,0.0,0.1,0.2,-0.1,0.0
supporting,0.5,0.3,-0.2,0.4,0.1,0.1
terrible,0.6,-0.3,-0.4,-0.2,0.1,0.7
tired,0.5,0.1,-0.7,-0.1,0.2,-0.6
treated,0.1,0.0,-0.1,0.2,0.0,0.0
turning,0.1,0.2,0.3,0.0,-0.1,0.1
vice,0.4,-0.2,-0.3,-0.2,0.4,0.3
warm,-0.1,0.5,0.1,0.8,0.0,0.1
afraid,0.2,0.3,-0.4,-0.3,0.1,0.4
arts,-0.1,0.2,0.2,0.3,0.3,0.1
beer,0.1,0.0,0.1,0.4,0.1,0.2
border,0.4,-0.1,-0.5,-0.2,0.2,0.2
canadian,0.0,0.0,0.0,0.1,0.0,0.0
command,0.5,-0.3,-0.2,-0.1,0.2,0.7
crew,0.3,0.0,0.1,0.3,0.1,0.3
crowd,0.5,0.0,-0.1,0.4,0.1,0.6
dating,-0.2,0.2,0.4,0.4,-0.4,0.1
dick,0.0,-0.2,0.3,0.2,-0.2,0.3
elements,0.6,0.3,-0.3,0.0,0.8,0.4
enemy,0.4,-0.2,-0.2,-0.5,0.2,0.5
ensure,0.1,0.0,-0.1,0.1,0.0,0.1
environmental,0.3,0.4,-0.3,0.1,0.2,0.0
filled,0.3,0.0,-0.2,0.2,0.0,0.1
fixed,0.4,-0.1,-0.6,-0.1,0.0,0.1
forest,0.6,0.3,-0.4,0.2,0.6,-0.3
intelligence,0.2,0.1,0.1,-0.2,0.3,-0.1
intended,0.1,0.0,-0.2,0.0,0.0,0.0
labour,0.6,0.0,-0.5,0.3,0.4,0.3
limit,0.3,-0.1,-0.4,-0.2,0.1,0.2
moon,0.7,0.6,-0.3,-0.6,0.9,-0.5
ocean,0.8,0.1,-0.5,-0.3,0.9,0.3
powers,0.6,-0.2,0.1,0.1,0.4,0.6
profit,0.2,0.0,0.2,-0.2,0.1,0.2
proof,0.4,0.1,-0.3,-0.3,0.3,0.1
republican,0.2,0.0,-0.2,-0.1,0.2,0.3
soldiers,0.6,-0.1,-0.3,0.1,0.4,0.5
suit,0.2,0.3,0.0,-0.1,0.1,-0.1
wins,-0.1,0.1,0.5,0.4,-0.1,0.5
appearance,-0.2,0.3,0.1,-0.1,0.0,-0.1
asian,0.0,0.0,0.0,0.1,0.3,0.0
attorney,0.2,0.0,-0.2,-0.2,0.1,0.2
banks,0.6,0.0,-0.5,-0.3,0.3,0.1
behavior,0.1,0.0,0.0,0.0,0.1,0.0
ben,0.0,0.0,0.1,0.2,0.0,0.0
bodies,0.5,-0.1,-0.4,0.3,0.5,0.2
brothers,0.3,0.0,0.2,0.6,0.3,0.3
buildings,0.8,0.0,-0.7,-0.2,0.2,0.0
chair,0.2,0.0,0.1,0.2,0.2,-0.2
creating,-0.1,0.2,0.3,0.3,-0.2,0.2
debt,0.7,-0.2,-0.8,-0.4,0.3,0.3
domestic,0.1,0.0,-0.2,0.4,0.1,-0.2
expensive,0.3,0.0,0.1,-0.1,0.0,0.2
grew,0.1,0.2,0.2,0.3,0.1,0.1
historical,0.4,0.1,-0.4,0.0,0.8,-0.2
homes,0.4,0.0,-0.3,0.7,0.3,-0.2
honestly,-0.1,0.0,0.2,0.3,-0.1,0.1
honor,0.5,0.3,-0.2,0.3,0.6,0.3
im,-0.3,-0.1,0.1,0.1,-0.5,0.0
jump,-0.2,0.4,0.8,0.2,0.0,0.4
launch,0.5,-0.3,0.3,0.6,-0.3,0.7
listed,-0.3,0.1,-0.2,-0.1,0.0,-0.2
minimum,-0.5,0.0,-0.1,-0.2,0.0,-0.4
native,0.2,0.0,0.0,0.4,0.5,0.1
noted,-0.2,0.1,-0.2,0.0,0.0,-0.1
originally,0.0,0.0,-0.1,0.0,0.4,-0.2
planned,0.1,0.0,-0.2,0.0,0.0,-0.1
pm,-0.4,0.0,-0.2,-0.1,-0.4,-0.3
ray,-0.7,-0.5,0.4,0.6,0.0,0.3
sets,0.1,0.0,0.0,0.0,0.0,0.0
suddenly,-0.2,-0.4,0.5,0.1,-0.5,0.7
supreme,0.6,0.0,-0.2,0.2,0.3,0.5
survey,0.1,0.0,-0.3,-0.1,0.0,-0.2
tech,-0.3,-0.2,0.2,-0.4,-0.8,0.2
trees,0.5,0.1,-0.2,0.3,0.6,-0.2
update,-0.4,-0.2,0.1,-0.2,-0.8,0.1
user,-0.2,0.0,0.0,0.0,-0.6,-0.1
writer,0.0,0.0,-0.1,0.2,0.2,-0.2
yellow,-0.3,0.2,0.3,0.7,0.0,0.3
younger,-0.4,0.1,0.5,0.3,-0.7,0.2
ancient,0.6,0.0,-0.5,-0.1,1.0,-0.2
attacks,0.4,-0.5,-0.1,0.3,0.1,0.8
charges,0.3,-0.4,0.4,0.4,-0.1,0.6
combined,0.3,0.0,-0.2,0.1,0.0,0.1
communication,-0.1,0.2,0.1,0.2,-0.1,0.2
connected,0.1,0.0,0.2,0.2,-0.2,0.0
contains,0.2,0.0,-0.3,0.0,0.0,-0.2
download,-0.3,-0.3,0.1,-0.4,-0.8,0.0
email,-0.6,0.3,0.1,-0.3,-0.7,-0.1
ending,0.2,0.0,-0.4,-0.2,0.2,0.1
exercise,0.2,0.0,0.5,0.5,0.1,0.4
express,-0.1,-0.4,0.4,0.2,-0.2,0.5
flow,-0.4,0.2,0.2,0.1,0.1,-0.2
formed,0.4,0.0,-0.4,0.1,0.4,0.0
girlfriend,-0.1,0.0,0.2,0.7,-0.4,0.2
hero,0.4,0.2,0.3,0.5,0.4,0.5
illegal,0.2,0.0,-0.3,0.1,0.0,0.4
increasing,0.2,0.1,0.2,0.2,-0.2,0.3
joke,-0.4,0.2,0.7,0.3,0.0,0.4
loan,0.3,0.0,-0.4,-0.2,0.1,0.0
methods,0.1,0.0,-0.2,-0.2,0.2,-0.2
officials,0.3,0.0,-0.3,-0.2,0.2,0.1
performed,0.1,0.0,0.1,0.1,0.1,0.2
planet,0.9,0.0,-0.2,0.0,0.9,-0.1
relationships,0.3,0.0,-0.1,0.6,0.2,0.1
restaurant,0.3,0.0,-0.2,0.5,0.1,0.2
scotland,0.6,0.0,-0.3,-0.3,0.7,0.1
selected,-0.1,0.0,-0.1,-0.1,-0.1,-0.1
shared,-0.1,0.0,0.1,0.5,0.1,0.0
shopping,-0.1,0.0,0.1,0.2,-0.4,0.1
soft,-0.4,0.4,-0.3,0.4,0.0,-0.5
stuck,0.4,0.3,-0.7,0.0,0.0,0.2
sugar,-0.2,0.2,-0.4,0.3,0.1,-0.1
suggested,-0.2,0.1,0.1,0.1,0.0,-0.3
supported,0.4,0.3,0.1,0.5,0.1,0.1
surprised,-0.3,0.1,0.6,0.2,-0.3,0.6
taught,0.2,0.0,0.1,0.3,0.2,0.1
transport,0.5,0.0,0.0,0.1,-0.1,0.4
accepted,0.1,0.0,0.2,0.4,0.1,0.0
adding,0.1,0.0,0.2,0.0,-0.2,0.0
affairs,0.2,0.1,-0.1,0.2,0.2,0.2
allows,-0.1,0.1,0.3,0.2,-0.1,-0.2
appeal,0.1,0.1,0.3,0.2,0.1,0.3
applied,0.3,-0.1,-0.2,0.1,-0.1,0.1
appropriate,0.2,0.0,-0.1,0.0,0.1,-0.1
artists,-0.1,0.2,0.3,0.4,0.2,0.2
boston,0.3,0.0,0.0,0.1,0.4,0.2
ca,-0.2,0.1,0.1,0.2,-0.3,-0.2
confirmed,0.5,-0.1,-0.3,0.0,0.0,0.3
device,0.1,-0.1,0.1,-0.2,-0.5,0.0
drama,0.3,0.2,0.2,0.3,0.2,0.7
entry,0.0,0.0,0.2,0.0,-0.1,0.1
era,0.7,0.2,-0.5,0.1,0.8,0.1
factor,0.2,0.0,0.0,-0.1,0.0,0.0
feed,0.1,0.0,-0.1,0.4,-0.1,0.1
golden,0.4,0.3,0.2,0.7,0.5,0.2
grant,0.3,0.1,0.0,0.2,0.2,0.2
grown,0.3,0.1,-0.1,0.3,0.3,-0.1
heads,0.3,0.0,0.2,0.3,0.1,0.2
hoping,-0.3,0.4,0.4,0.5,-0.2,-0.2
keeps,0.2,0.0,0.1,0.1,0.1,-0.1
lawyer,0.3,0.0,-0.2,-0.2,0.2,0.3
legs,0.2,0.0,0.4,0.4,0.1,0.1
lying,0.1,0.2,-0.4,-0.1,0.0,-0.4
measures,0.4,0.0,-0.2,-0.1,0.1,0.1
mistake,0.3,-0.1,-0.5,-0.2,-0.1,0.4
ms,-0.3,0.2,0.1,0.0,-0.1,-0.3
muslim,0.3,0.0,-0.1,0.3,0.7,0.1
organizations,0.6,0.0,-0.4,-0.3,0.2,0.1
platform,0.7,0.2,-0.3,-0.2,0.0,0.1
pool,0.2,0.3,-0.2,-0.2,0.1,-0.2
pulled,0.4,-0.3,-0.3,0.1,0.0,0.4
regarding,0.0,0.0,0.0,-0.1,0.0,-0.2
relations,0.2,0.0,0.1,0.2,0.1,0.1
requires,0.4,-0.1,-0.2,-0.1,0.1,0.3
route,0.1,-0.2,0.2,0.1,0.2,0.0
saved,0.2,0.3,0.3,0.6,0.1,0.2
schedule,0.3,0.2,-0.3,-0.2,0.0,0.1
scientific,0.2,-0.1,-0.1,-0.6,0.1,0.0
shoes,0.1,0.0,0.3,0.2,0.0,-0.1
smoke,-0.8,0.9,-0.8,0.6,0.1,-0.4
squad,0.4,0.0,0.1,0.2,-0.1,0.5
teach,0.1,0.0,0.2,0.4,0.2,0.2
testing,0.0,0.0,0.1,-0.2,-0.3,0.0
tests,0.0,0.0,0.1,-0.2,-0.3,0.1
values,0.3,0.1,0.0,0.3,0.4,0.1
walked,0.1,0.0,0.1,0.1,0.0,-0.1
williams,0.1,0.0,0.1,0.1,0.2,0.0
ya,-0.3,0.1,0.5,0.3,-0.5,0.4
abuse,0.6,-0.1,-0.7,-0.5,0.2,0.8
angry,0.3,-0.2,0.2,0.7,0.0,0.8
businesses,0.3,0.0,-0.1,-0.1,0.1,0.1
candidate,0.2,0.0,0.1,0.0,-0.1,0.3
comfortable,-0.1,0.3,0.1,0.7,0.1,-0.4
concern,0.3,0.1,-0.2,-0.1,0.1,0.2
developing,0.1,0.0,0.2,0.1,-0.4,0.1
discuss,0.0,0.0,0.2,0.1,0.0,0.1
elections,0.4,0.1,0.1,0.1,0.3,0.5
emotional,0.2,0.2,0.1,0.6,0.0,0.6
et,0.0,0.0,0.0,0.0,0.5,-0.2
everywhere,0.2,0.3,0.1,0.0,0.1,0.2
facilities,0.4,0.0,-0.2,-0.3,-0.1,0.0
falling,0.2,-0.1,-0.3,-0.2,0.0,0.2
fox,-0.2,-0.3,0.5,0.4,0.2,0.0
guns,0.6,-0.3,0.1,0.2,0.2,0.9
hole,-0.3,-0.4,-0.5,-0.3,0.3,-0.3
holiday,-0.2,0.3,0.4,0.6,0.1,0.3
interests,0.1,0.0,0.1,0.2,0.1,0.1
internal,0.1,0.0,-0.1,0.1,0.0,-0.2
ireland,0.4,0.0,0.0,0.2,0.6,0.2
italian,0.2,0.0,0.2,0.6,0.5,0.3
italy,0.4,0.0,0.1,0.6,0.7,0.2
jersey,-0.1,0.4,0.3,0.5,-0.1,0.0
laugh,-0.2,0.3,0.6,0.6,0.1,0.7
leg,0.2,0.0,0.2,0.3,0.1,0.1
letters,-0.3,0.5,0.1,0.2,0.4,-0.3
liberal,0.0,0.0,0.2,0.2,0.2,0.2
listening,-0.1,0.2,0.0,0.2,0.0,-0.7
ll,0.0,0.0,0.0,0.0,0.0,0.0
loves,-0.1,0.3,0.3,0.8,0.2,0.3
lunch,0.1,0.0,0.1,0.5,0.0,0.1
max,0.3,-0.1,0.4,0.1,-0.3,0.6
milk,0.0,0.1,-0.4,0.1,0.1,-0.2
pack,0.3,-0.1,0.1,0.1,0.0,0.2
payment,0.2,0.0,-0.1,-0.2,0.1,0.0
perform,0.2,0.0,0.3,0.2,0.1,0.5
recorded,0.1,0.0,-0.1,-0.1,-0.2,-0.1
relatively,0.0,0.0,0.0,0.0,0.0,0.0
sector,0.4,0.0,-0.2,-0.3,0.1,0.0
sharing,-0.3,0.2,-0.2,0.5,0.1,-0.3
snow,-0.5,0.6,-0.6,-0.7,0.3,-0.6
storm,0.5,0.2,0.1,-0.3,0.5,0.8
streets,0.5,0.0,0.0,-0.1,0.2,0.2
strike,0.4,-0.5,0.3,0.3,0.0,0.7
studio,0.1,0.0,0.1,0.3,-0.2,-0.3
sub,0.4,-0.2,-0.2,-0.4,-0.1,-0.1
weak,-0.6,0.3,-0.5,-0.2,0.0,-0.5
youtube,-0.8,0.2,0.4,0.2,-0.8,0.4
actor,0.1,0.0,0.1,0.3,0.4,0.3
advance,0.2,-0.2,0.3,0.0,-0.3,0.3
apartment,0.6,0.0,0.1,0.3,-0.1,-0.2
asia,0.8,0.0,-0.4,0.3,0.8,0.1
chain,0.6,-0.1,-0.1,-0.4,0.5,0.4
chapter,0.2,0.3,-0.3,0.2,0.3,-0.4
committed,0.5,0.0,-0.4,0.4,0.2,0.2
confidence,0.4,0.2,0.5,0.5,0.1,0.3
cook,0.1,0.0,0.1,0.8,0.6,0.2
cute,-0.6,0.4,0.6,0.6,-0.6,0.2
equal,0.0,0.0,0.0,0.0,0.2,0.0
fake,-0.4,0.2,0.3,-0.4,-0.4,-0.1
finance,0.4,0.1,0.0,-0.3,0.3,-0.2
focused,0.3,-0.3,0.1,0.2,0.0,-0.4
hits,0.3,-0.4,0.4,0.3,-0.4,0.6
identity,0.5,0.0,0.0,0.2,0.4,-0.3
journey,0.5,0.2,0.2,0.4,0.6,0.1
kitchen,0.4,0.0,0.1,0.7,0.3,0.2
korea,0.7,0.0,-0.3,0.2,0.7,0.3
leads,0.2,-0.3,0.2,0.1,0.0,0.4
maintain,0.3,0.2,-0.2,0.1,0.2,-0.2
measure,0.2,0.0,0.1,-0.2,0.5,-0.3
numerous,0.4,0.2,0.2,0.1,0.0,0.3
owners,0.4,0.0,-0.1,0.0,0.3,0.2
posts,0.3,-0.1,-0.2,0.1,0.3,-0.4
properties,0.6,0.0,-0.3,0.0,0.4,-0.3
quiet,-0.5,0.5,-0.4,-0.3,0.2,-0.9
revealed,0.1,0.3,0.2,0.3,0.2,0.5
specifically,-0.2,-0.4,0.2,-0.3,-0.2,0.1
split,0.1,-0.3,0.4,0.2,0.0,0.6
task,0.3,0.0,-0.3,0.2,0.1,-0.1
taxes,0.7,0.0,-0.7,-0.5,0.7,-0.2
taylor,0.0,0.3,-0.2,0.2,0.3,0.0
twenty,0.0,0.0,0.0,0.0,0.0,0.1
urban,0.6,0.0,0.1,0.4,0.1,0.4
acts,0.3,-0.1,0.0,0.0,0.4,0.3
affected,0.2,0.1,-0.3,0.2,0.0,-0.2
aircraft,0.8,0.5,0.1,0.6,-0.4,0.9
applications,-0.1,0.2,-0.2,-0.2,-0.4,-0.4
approved,0.4,-0.2,-0.3,0.3,0.2,0.3
approximately,-0.3,0.3,-0.3,0.0,-0.1,-0.3
argument,0.3,-0.2,0.2,0.4,0.0,0.5
arrested,0.5,0.0,-0.5,-0.3,0.0,0.4
claimed,0.1,0.0,0.0,-0.1,0.0,0.2
conflict,0.6,-0.1,-0.2,0.5,0.3,0.7
considering,-0.2,0.3,-0.1,0.0,0.0,-0.4
corporate,0.4,0.0,-0.3,-0.6,-0.3,-0.1
debate,0.2,0.1,0.4,0.3,0.3,0.4
determined,0.4,-0.2,-0.4,0.3,0.0,0.3
distribution,-0.1,0.2,0.0,-0.2,0.0,-0.2
documents,-0.1,0.4,-0.5,0.0,0.2,-0.4
escape,-0.4,-0.5,0.5,0.0,0.0,0.4
extended,0.1,0.2,0.4,0.0,0.0,0.0
factors,0.0,0.0,0.0,-0.2,0.0,-0.3
faster,-0.5,-0.6,0.6,0.2,-0.4,0.5
fault,0.5,-0.1,-0.5,0.0,0.6,0.1
fill,0.2,0.0,-0.3,0.1,0.0,-0.2
films,-0.3,0.3,0.0,0.2,-0.3,-0.1
flowers,-0.5,0.5,-0.2,0.4,-0.4,-0.5
friendly,-0.2,0.2,0.3,0.7,0.0,0.1
ladies,0.0,0.1,0.1,0.3,0.3,-0.2
lay,0.2,0.0,-0.6,0.2,0.0,-0.5
lights,-0.8,0.6,0.2,0.5,-0.2,-0.2
millions,0.7,0.0,-0.2,0.0,0.4,0.3
mixed,0.0,0.0,0.1,0.0,0.0,0.0
phase,-0.2,0.2,0.3,-0.2,0.1,-0.3
properly,0.1,0.0,0.1,0.0,0.1,-0.1
pure,-0.3,0.3,0.3,-0.4,0.2,-0.3
reduced,-0.3,0.0,-0.4,-0.2,0.0,-0.4
requirements,0.4,0.0,-0.4,-0.4,0.0,-0.1
residents,0.1,0.0,0.0,0.3,0.0,-0.2
revenue,0.3,0.0,0.0,-0.2,0.0,-0.2
sam,0.1,0.0,0.1,0.4,0.0,0.1
sat,0.3,0.0,-0.5,0.2,0.0,-0.5
secure,0.5,-0.1,-0.4,0.3,0.2,-0.3
smile,-0.5,0.3,0.4,0.8,0.0,-0.4
strange,-0.1,0.2,0.2,-0.4,0.3,-0.3
talent,0.2,0.1,0.4,0.4,0.1,0.2
temperature,0.0,0.0,0.0,0.0,0.0,0.0
thousand,0.4,0.0,0.1,0.0,0.3,0.1
tony,0.1,0.0,0.1,0.3,0.1,0.1
troops,0.6,-0.2,-0.3,0.3,0.4,0.6
truck,0.8,0.0,-0.1,0.3,-0.2,0.7
votes,0.1,0.3,-0.2,0.0,0.2,-0.2
ah,-0.9,0.7,0.1,0.3,0.1,-0.2
authorities,0.6,0.0,-0.5,-0.5,0.4,0.3
basically,-0.4,0.0,0.1,0.0,-0.4,-0.1
besides,-0.3,0.1,0.0,0.0,0.0,-0.2
bird,-0.6,0.6,0.5,0.4,0.3,0.2
blame,0.6,-0.2,-0.6,-0.4,0.3,0.4
bob,0.1,0.4,0.7,0.3,0.1,0.0
bowl,0.2,0.1,0.2,0.1,0.2,-0.3
causes,0.1,-0.1,-0.1,0.0,0.0,0.1
chicken,0.0,0.3,0.3,0.4,-0.1,0.2
collected,0.2,0.0,-0.3,0.0,0.1,-0.2
context,0.1,0.1,-0.2,-0.2,0.1,-0.3
coverage,0.0,0.2,-0.1,-0.1,-0.2,0.0
determine,0.3,-0.2,-0.2,-0.1,0.0,0.2
display,0.0,0.1,0.1,0.2,-0.3,0.3
dying,0.4,0.3,-0.7,-0.6,0.5,-0.1
elected,0.2,0.0,0.0,0.1,0.1,0.3
examples,-0.1,0.1,0.0,0.0,0.0,-0.2
experienced,0.4,0.0,-0.2,0.3,0.6,0.0
falls,0.1,-0.1,-0.3,-0.1,0.0,0.2
false,-0.1,0.2,0.1,-0.4,0.0,0.1
fired,0.2,-0.6,0.3,0.8,-0.1,0.8
forgot,-0.2,0.2,-0.4,-0.2,-0.1,-0.4
funding,0.3,0.0,-0.2,-0.1,-0.2,0.0
identified,0.2,-0.2,-0.1,-0.2,0.0,0.1
incredible,0.1,0.2,0.5,0.3,-0.2,0.6
inspired,0.0,0.4,0.6,0.6,-0.1,0.4
launched,0.4,-0.5,0.4,0.5,-0.4,0.8
ma,0.1,0.1,0.1,0.8,0.3,0.0
meat,0.3,-0.1,-0.5,0.3,0.1,0.1
ministry,0.5,0.1,-0.4,0.1,0.5,0.1
mode,-0.2,-0.2,0.2,-0.3,-0.2,-0.2
neck,0.1,0.0,0.1,0.4,0.1,0.0
noticed,-0.1,-0.1,0.2,0.0,-0.2,-0.1
novel,0.1,0.2,0.2,0.2,0.2,-0.1
obvious,0.1,-0.1,0.3,0.1,-0.1,0.2
passing,-0.1,0.3,-0.2,-0.1,0.1,-0.3
positions,0.1,0.0,0.0,-0.1,0.0,0.0
remaining,0.2,0.2,-0.3,-0.2,0.2,-0.3
scored,0.2,-0.3,0.5,0.3,-0.2,0.5
shirt,-0.2,0.4,-0.1,0.3,-0.1,-0.3
shots,0.3,-0.7,0.4,0.4,-0.1,0.8
slowly,0.1,0.6,-0.4,-0.1,0.2,-0.7
stadium,0.8,0.0,-0.2,0.1,0.1,0.7
stores,0.3,0.0,-0.1,0.2,0.1,0.1
surgery,0.4,-0.3,-0.5,-0.5,0.1,0.3
trading,0.1,0.0,0.2,0.0,0.1,0.3
tuesday,0.0,0.0,0.0,0.0,0.0,-0.2
vision,-0.1,0.3,0.3,0.2,0.1,0.1
whenever,-0.4,0.3,0.0,0.0,-0.1,-0.4
worried,0.3,0.2,-0.3,-0.2,-0.1,0.2
zero,-0.3,-0.2,0.1,-0.6,0.2,-0.4
alex,0.0,0.0,0.1,0.2,-0.2,0.0
allowing,-0.2,0.2,0.2,0.1,-0.1,-0.2
begins,0.0,0.0,0.3,0.2,-0.4,0.2
champion,0.4,-0.1,0.5,0.5,0.2,0.7
charged,0.3,-0.4,0.4,0.4,-0.1,0.6
cream,-0.2,0.2,-0.5,0.2,0.0,-0.4
crisis,0.6,0.0,0.1,0.5,-0.1,0.8
daniel,0.0,0.0,0.0,0.1,0.2,-0.1
delivered,0.1,0.0,0.2,0.0,-0.1,0.2
editor,0.1,0.0,-0.1,-0.1,0.1,-0.1
estimated,-0.1,0.0,-0.1,-0.2,-0.1,-0.3
eu,0.3,0.0,-0.2,-0.1,-0.3,0.1
giant,0.8,0.0,-0.3,0.1,0.5,0.5
iran,0.4,0.0,-0.2,0.5,0.7,0.2
jail,0.7,0.0,-0.7,-0.5,0.3,0.3
jim,0.0,0.0,0.1,0.2,0.1,0.0
kingdom,0.7,0.0,-0.3,0.2,0.8,0.3
literature,0.4,0.2,-0.2,0.1,0.6,-0.2
mayor,0.3,0.0,0.0,0.1,0.2,0.2
minor,-0.4,0.1,0.1,-0.1,-0.5,-0.3
moments,-0.5,0.3,0.3,0.1,-0.2,-0.4
opposite,0.0,0.0,0.5,-0.1,0.0,0.1
orange,0.1,0.0,0.4,0.6,0.0,0.3
ourselves,0.1,0.0,0.0,0.3,0.0,0.0
pages,-0.3,0.4,-0.2,0.1,0.3,-0.3
remained,0.2,0.2,-0.4,-0.1,0.3,-0.3
selection,-0.1,0.0,0.1,-0.1,-0.1,-0.2
serving,0.0,0.0,-0.1,0.3,0.0,-0.1
signal,-0.4,-0.4,0.6,-0.2,-0.3,0.6
stream,0.1,-0.2,0.1,-0.2,0.3,0.0
struggle,0.6,0.1,-0.4,0.4,0.2,0.6
suicide,0.7,-0.2,-0.8,-0.7,0.1,0.5
talked,-0.1,0.1,0.1,0.2,0.0,0.2
theme,0.1,0.0,0.0,0.0,0.2,-0.2
thursday,0.0,0.0,0.0,0.0,0.0,-0.1
tiny,-0.8,0.2,0.4,0.0,-0.4,-0.5
typically,0.0,0.0,0.0,-0.1,0.0,-0.2
un,0.2,0.0,-0.1,-0.2,-0.3,0.1
unfortunately,0.3,0.1,-0.3,-0.3,0.0,-0.1
usual,0.0,0.0,0.0,0.0,0.0,-0.3
vehicles,0.6,0.0,-0.2,0.1,-0.3,0.4
virginia,0.2,0.0,0.1,0.3,0.3,0.0
voted,0.2,0.2,0.1,0.1,0.1,0.1
voting,0.2,0.2,0.2,0.1,0.1,0.2
walls,0.7,0.0,-0.5,-0.2,0.5,-0.2
wave,0.2,-0.1,0.5,-0.2,0.4,0.3
alcohol,-0.2,0.2,0.1,0.6,0.3,0.3
assembly,0.4,0.0,-0.2,0.1,0.2,0.3
breakfast,0.0,0.0,0.1,0.6,0.0,0.1
bright,-0.4,-0.3,0.5,0.5,-0.4,0.7
brings,0.1,0.0,0.2,0.2,0.0,0.1
capable,0.2,0.0,0.2,0.1,0.0,0.1
carrying,0.4,0.1,-0.2,0.2,0.1,0.2
chosen,0.3,0.0,-0.1,0.2,0.4,0.2
combination,0.2,0.0,0.3,0.0,0.0,0.1
conservative,0.4,0.0,-0.2,-0.1,0.5,-0.2
customer,0.1,0.0,0.1,0.1,0.0,0.0
cutting,-0.1,-0.3,0.3,-0.3,0.0,0.4
desire,0.3,0.1,0.2,0.7,0.3,0.5
destroyed,0.6,0.0,-0.7,0.2,0.4,0.7
draft,-0.5,0.4,-0.1,-0.4,-0.1,-0.3
drunk,0.3,0.0,-0.4,0.4,0.1,0.3
essential,0.4,0.0,0.0,0.2,0.2,0.3
fail,0.5,-0.2,-0.6,-0.3,0.1,0.2
familiar,0.2,0.0,0.1,0.6,0.3,-0.2
finds,0.0,0.0,0.2,0.2,0.0,0.1
granted,0.3,0.0,-0.1,0.2,0.3,0.1
guilty,0.6,0.0,-0.5,-0.2,0.2,0.1
humans,0.2,0.0,0.1,0.4,0.6,0.2
hundreds,0.4,0.2,0.1,0.0,0.2,0.2
id,-0.2,0.0,0.1,0.3,0.5,0.2
improved,0.1,0.1,0.3,0.3,-0.3,0.2
jewish,0.3,0.0,0.1,0.3,0.8,0.1
largely,0.1,0.0,-0.1,0.0,0.0,-0.1
laughing,-0.2,0.2,0.6,0.6,-0.1,0.6
markets,0.2,0.0,0.2,0.1,0.4,0.3
medium,0.0,0.0,0.0,0.0,0.1,0.0
ohio,0.2,0.0,0.1,0.1,0.2,0.0
opportunities,-0.1,0.2,0.4,0.3,-0.2,0.2
papers,-0.4,0.4,-0.2,0.0,0.2,-0.2
perfectly,-0.1,-0.1,0.3,0.2,0.0,0.1
recommend,0.1,0.0,0.2,0.3,0.1,0.1
referred,0.1,0.0,0.0,0.0,0.1,0.0
relevant,0.1,0.0,0.1,0.0,-0.1,0.1
seek,0.1,-0.3,0.2,0.1,0.3,0.2
sending,-0.2,-0.1,0.3,0.1,-0.1,0.1
solo,-0.2,0.1,0.2,-0.2,0.0,-0.3
spoke,0.1,-0.1,0.1,0.1,0.2,0.2
stands,0.3,0.0,-0.2,0.1,0.2,0.1
talks,0.0,0.1,0.2,0.2,0.0,0.3
ticket,-0.4,0.3,0.2,-0.1,-0.2,-0.1
unable,0.3,0.0,-0.4,-0.2,0.0,-0.2
upset,0.2,0.1,-0.3,0.2,0.0,0.4
wing,-0.5,0.6,0.5,0.2,0.2,-0.2
answers,0.1,0.0,0.2,0.2,0.1,0.2
birds,-0.5,0.5,0.5,0.4,0.3,0.2
bomb,0.7,-0.2,-0.5,0.6,0.1,0.9
creative,-0.2,0.2,0.6,0.4,-0.2,0.3
cycle,0.2,0.0,0.4,0.0,0.4,0.0
dealing,0.1,0.1,0.1,0.0,0.0,0.1
directed,0.2,-0.2,0.0,0.0,0.0,0.2
don,0.3,0.0,0.0,0.2,0.5,0.1
educational,0.1,0.0,0.1,0.1,0.1,-0.1
entertainment,-0.1,0.1,0.5,0.4,-0.1,0.4
extreme,0.3,-0.2,0.5,0.3,-0.3,0.8
facility,0.3,0.0,-0.2,-0.3,0.0,0.0
fields,0.4,0.2,-0.1,0.3,0.2,-0.3
goods,0.3,0.0,0.1,0.1,0.0,0.0
hang,0.1,0.5,0.2,-0.1,0.0,-0.2
holds,0.2,0.0,0.0,0.1,0.0,-0.1
info,-0.5,0.1,0.3,-0.2,-0.5,0.1
mainly,0.0,0.0,0.0,0.0,0.0,0.0
maximum,0.5,0.0,0.2,0.1,-0.2,0.6
newspaper,-0.1,0.4,-0.4,0.1,0.1,0.1
offering,0.1,0.1,0.0,0.4,0.3,-0.2
painting,0.1,0.2,-0.2,0.2,0.3,-0.3
republic,0.6,0.0,-0.3,0.1,0.5,0.3
reserve,0.2,0.0,-0.1,-0.1,0.2,-0.4
returns,0.0,0.0,0.4,0.0,0.0,0.0
row,0.1,0.0,0.1,0.0,0.1,0.3
salt,-0.1,0.1,-0.2,-0.1,0.4,0.1
scared,0.2,0.1,0.3,-0.4,0.0,0.5
scottish,0.3,0.0,-0.1,0.1,0.6,0.2
shares,-0.2,0.2,0.2,0.0,-0.1,0.0
statistics,0.2,0.0,-0.2,-0.5,-0.1,-0.2
switch,-0.3,-0.3,0.5,-0.1,-0.3,0.2
territory,0.7,0.0,-0.4,0.1,0.5,0.2
threat,0.5,-0.2,-0.2,0.2,0.1,0.6
tickets,-0.4,0.5,0.2,0.0,-0.2,0.0
wales,0.5,0.0,-0.3,0.1,0.7,0.1
adults,0.3,0.0,0.0,0.2,0.2,0.0
affect,0.0,0.0,0.1,0.0,0.0,0.1
appointed,0.2,0.0,-0.1,-0.1,0.2,0.1
armed,0.6,-0.2,-0.2,0.2,0.2,0.7
aside,-0.3,0.2,0.1,-0.1,0.0,-0.5
assistance,0.2,0.2,0.1,0.5,0.1,-0.2
bell,0.2,-0.1,0.6,0.2,0.4,0.7
blow,-0.2,0.5,0.4,-0.1,0.0,0.6
bond,0.5,0.0,0.1,0.3,0.3,0.1
boyfriend,0.1,0.0,0.2,0.6,-0.4,0.2
careful,0.1,0.3,-0.1,0.1,0.0,-0.6
circumstances,0.4,0.0,-0.3,-0.2,0.1,-0.1
communications,-0.2,0.2,0.3,-0.1,-0.3,0.3
concerns,0.3,0.1,-0.1,-0.2,0.0,0.2
controlled,0.4,0.2,-0.4,-0.4,0.0,-0.3
corporation,0.7,0.0,-0.3,-0.5,-0.1,0.2
cry,-0.1,-0.2,0.2,0.3,0.1,0.8
danger,0.5,-0.2,0.1,0.4,0.2,0.7
deals,0.0,0.0,0.3,0.1,-0.2,0.2
delivery,0.1,0.0,0.2,0.1,-0.2,0.1
deserve,0.3,0.0,-0.1,0.1,0.1,0.3
devices,-0.1,0.0,0.3,-0.2,-0.5,0.1
dollar,-0.2,0.5,0.2,-0.1,0.1,0.1
dreams,-0.7,0.7,0.1,0.4,0.3,-0.5
empty,-0.8,0.4,-0.1,-0.6,0.0,-0.8
enjoyed,-0.2,0.1,0.3,0.4,-0.1,0.1
explained,0.1,0.0,-0.2,-0.1,0.0,0.1
faces,0.2,0.0,0.1,0.3,0.1,0.0
folks,0.1,0.1,0.2,0.6,0.2,0.1
fucked,0.4,-0.1,-0.4,0.3,-0.2,0.8
gender,0.1,0.1,0.0,0.0,0.1,0.2
instance,-0.1,-0.1,-0.1,-0.2,0.0,-0.1
kim,-0.2,0.0,0.1,0.1,0.0,-0.1
kinda,-0.3,0.2,0.2,0.1,-0.3,-0.2
matches,-0.4,-0.1,0.1,0.7,0.0,0.3
mile,0.3,0.0,-0.2,-0.1,0.2,0.0
motion,-0.1,0.1,0.4,0.1,0.1,0.2
moves,0.0,0.0,0.4,0.1,0.0,0.2
nick,-0.3,-0.3,0.3,0.0,-0.1,0.1
pacific,0.7,0.2,-0.2,-0.2,0.8,-0.4
prize,0.2,0.1,0.4,0.3,0.1,0.4
realized,0.1,0.0,-0.1,0.2,0.0,0.3
reasonable,0.2,0.0,0.1,0.1,0.1,-0.2
receiving,0.0,0.1,0.2,0.2,0.0,0.0
register,0.3,-0.1,0.1,-0.3,0.2,0.2
resolution,0.3,0.0,-0.2,0.0,0.1,0.2
rural,0.2,0.1,-0.3,0.3,0.4,-0.3
ryan,-0.1,0.0,0.1,0.1,-0.2,0.0
saving,0.2,0.1,0.2,0.3,0.1,0.1
sees,-0.2,-0.1,0.1,0.1,0.0,-0.2
singing,-0.2,0.4,0.3,0.4,0.2,0.5
spain,0.4,0.0,-0.1,0.6,0.6,0.1
tools,0.5,-0.1,0.1,0.1,0.3,0.3
typical,0.0,0.0,0.0,0.0,0.0,-0.2
universe,1.0,0.3,-0.5,-0.4,1.0,0.2
warning,0.3,-0.1,-0.1,0.3,0.0,0.7
wars,0.8,0.0,-0.6,0.4,0.7,0.9
wednesday,0.1,0.0,-0.1,-0.1,0.2,-0.2
admit,0.2,0.0,-0.2,0.1,0.1,0.3
attitude,0.2,0.0,0.3,0.2,-0.1,0.5
branch,0.3,0.1,0.2,0.2,0.3,0.0
brazil,0.4,0.1,0.2,0.7,0.3,0.4
conducted,0.3,0.0,-0.3,-0.3,0.1,0.1
dedicated,0.3,0.0,0.0,0.3,0.2,0.2
definition,0.2,-0.1,-0.3,-0.4,0.2,-0.1
drawing,-0.2,0.3,0.1,0.1,0.2,-0.2
favor,0.1,0.1,0.2,0.4,0.1,0.1
flag,-0.3,0.6,0.2,0.1,0.3,0.2
frame,0.3,0.0,0.1,0.1,0.2,-0.1
guest,0.1,0.0,0.2,0.4,0.1,0.1
ha,-0.5,0.3,0.8,0.3,-0.4,0.6
heaven,-0.4,0.7,0.3,0.6,0.8,0.2
independence,0.5,0.2,0.1,0.2,0.5,0.5
institutions,0.7,0.0,-0.4,-0.4,0.6,0.1
jackson,0.1,0.0,0.1,0.1,0.1,0.1
kiss,-0.4,0.4,0.4,0.7,0.0,-0.1
load,0.7,0.0,-0.4,0.1,0.0,0.3
plot,0.2,0.0,-0.1,-0.2,0.2,0.2
possibility,-0.6,0.4,0.5,0.2,-0.2,-0.2
random,-0.3,0.2,0.6,-0.1,-0.3,0.2
recovery,-0.1,0.2,0.3,0.4,-0.1,-0.2
rent,0.3,0.0,-0.3,-0.3,0.1,0.1
replace,-0.1,0.0,0.1,-0.2,-0.3,0.0
represent,0.2,0.0,0.0,0.0,0.1,0.2
reviews,-0.2,0.2,0.2,-0.1,-0.4,0.1
scenes,-0.1,0.1,0.2,0.1,0.0,0.1
seeking,-0.2,0.1,0.2,0.1,0.1,0.1
senator,0.4,0.0,-0.2,-0.1,0.5,0.3
sentence,0.1,0.1,-0.1,-0.2,0.2,0.1
teeth,0.1,-0.2,0.1,0.1,0.3,0.3
tips,-0.5,-0.2,0.6,0.1,-0.2,0.0
trained,0.3,-0.1,-0.2,0.0,0.1,0.2
understood,0.1,0.0,-0.1,0.3,0.1,-0.4
academic,0.3,0.0,-0.3,-0.4,0.4,-0.2
academy,0.4,0.0,-0.2,-0.2,0.5,-0.1
accurate,0.1,-0.3,0.0,-0.3,0.0,0.0
achieve,0.2,0.0,0.3,0.3,-0.1,0.4
adam,0.3,0.0,-0.1,0.3,1.0,0.1
afford,0.1,0.0,0.0,0.2,0.0,-0.1
andrew,0.1,0.0,0.1,0.1,0.2,0.0
assume,-0.2,0.2,0.1,-0.1,-0.1,-0.3
bbc,0.1,0.1,0.0,-0.2,0.2,0.2
bottle,0.1,0.0,0.3,-0.1,0.0,0.0
bunch,0.0,0.1,0.2,0.2,-0.1,0.1
category,0.2,0.0,-0.3,-0.4,0.2,-0.2
chat,-0.5,0.3,0.5,0.4,-0.3,-0.1
cheese,0.1,0.0,-0.4,0.3,0.2,-0.1
chemical,0.0,0.1,-0.1,-0.5,-0.2,0.2
clinton,0.2,0.0,-0.1,0.0,0.2,0.2
competitive,0.2,-0.1,0.4,0.2,-0.2,0.5
detail,-0.4,-0.1,-0.1,-0.2,0.0,-0.3
diet,-0.2,0.2,-0.2,-0.1,0.1,-0.1
em,-0.6,0.3,0.2,0.0,-0.2,-0.5
favourite,-0.2,0.2,0.3,0.6,-0.1,0.1
fruit,-0.1,0.0,0.1,0.4,0.1,-0.1
harder,0.5,-0.1,-0.3,0.1,0.0,0.4
index,0.1,-0.1,-0.2,-0.4,0.3,-0.2
item,-0.2,0.0,0.1,-0.2,-0.2,-0.2
lane,0.1,-0.2,-0.1,0.1,0.2,-0.3
mess,0.2,0.0,-0.6,0.1,-0.2,0.3
navy,0.4,0.0,-0.1,-0.3,0.4,0.3
normally,-0.1,0.0,0.0,0.0,-0.1,-0.4
occurred,0.0,0.0,-0.1,-0.1,0.0,0.1
opposition,0.4,0.0,-0.3,-0.3,0.2,0.5
parent,0.3,0.0,0.0,0.6,0.3,0.1
permanent,0.6,0.0,-0.4,-0.2,0.5,0.2
personally,-0.2,0.1,0.1,0.2,-0.1,-0.2
pleasure,-0.3,0.3,0.4,0.7,0.0,0.3
prefer,-0.1,0.0,0.1,0.1,0.0,-0.2
programme,0.1,0.0,-0.2,-0.3,-0.2,-0.1
representative,0.2,0.0,-0.1,-0.1,0.1,0.1
scheme,-0.1,-0.1,0.2,-0.3,0.1,0.0
shift,0.0,-0.2,0.3,0.0,-0.1,0.2
stood,0.4,0.0,-0.3,0.1,0.2,0.1
storage,0.5,0.0,-0.5,-0.3,0.1,-0.4
tank,0.8,0.0,-0.6,-0.2,0.1,0.6
tend,-0.2,0.0,0.1,0.3,0.0,-0.3
tight,0.2,-0.1,0.4,0.1,-0.1,0.3
transportation,0.6,0.0,-0.3,-0.1,0.1,0.4
ultimately,0.3,0.0,-0.2,-0.1,0.2,0.1
unlike,-0.2,0.0,0.2,-0.2,0.0,0.0
weekly,-0.1,0.1,0.2,0.0,-0.3,-0.1
yard,0.2,0.0,0.1,0.4,0.1,-0.1
anybody,-0.3,0.1,0.2,0.0,-0.2,-0.2
assets,0.4,0.0,-0.3,-0.4,0.2,0.0
basketball,0.1,0.3,0.9,0.2,-0.3,0.4
button,-0.4,-0.2,0.3,0.0,-0.2,-0.2
candidates,0.2,0.0,-0.1,-0.2,0.1,0.2
combat,0.5,-0.3,-0.4,0.3,0.4,0.8
constitution,0.7,0.1,-0.5,0.1,0.6,0.2
consumer,0.0,0.0,-0.1,-0.2,-0.4,-0.1
counter,0.3,0.0,0.2,0.0,0.0,0.1
creation,0.5,0.2,0.1,0.6,0.8,0.5
crown,0.5,0.0,0.1,0.3,0.7,0.3
crying,-0.1,-0.1,-0.3,0.4,-0.1,0.7
defined,0.3,-0.1,-0.3,-0.4,0.1,0.1
depending,-0.2,0.2,0.1,-0.1,0.0,-0.2
depression,0.8,-0.2,-0.8,-0.7,0.2,-0.5
describe,-0.1,0.0,0.0,-0.1,0.0,-0.1
drivers,0.2,-0.1,0.0,0.1,-0.2,0.2
el,-0.4,0.0,0.0,0.0,0.0,-0.4
employment,0.3,0.0,-0.3,-0.1,0.1,0.0
exclusive,0.2,-0.1,-0.2,-0.5,-0.1,0.3
excuse,-0.3,0.2,0.2,-0.1,-0.1,0.1
expert,0.3,-0.1,-0.1,-0.1,0.3,0.1
frequently,-0.2,-0.1,0.5,0.0,-0.2,0.2
golf,-0.2,-0.3,0.7,0.2,0.2,-0.3
grace,-0.5,0.5,0.2,0.4,0.5,-0.4
hopefully,-0.3,0.4,0.3,0.5,-0.2,-0.2
identify,0.1,-0.1,-0.1,-0.2,0.0,0.1
importance,0.6,0.0,-0.4,0.1,0.3,0.3
kevin,-0.1,0.0,0.1,0.2,-0.4,-0.1
laid,0.2,0.0,-0.4,0.2,0.1,-0.3
latter,0.1,0.0,-0.2,-0.2,0.3,-0.2
manufacturing,0.6,0.0,-0.2,0.3,-0.2,0.4
mining,0.7,-0.1,-0.5,0.2,0.3,0.5
object,0.2,0.0,0.0,-0.2,0.0,-0.2
partners,0.1,0.0,0.2,0.4,0.0,0.1
pattern,-0.2,0.2,0.3,-0.1,0.2,-0.2
performing,0.1,0.1,0.4,0.3,0.0,0.5
personnel,0.3,0.0,-0.1,0.0,0.1,0.0
perspective,0.0,0.2,0.1,0.1,0.2,-0.3
pregnant,0.6,-0.1,-0.2,0.7,0.1,0.2
premier,0.3,0.0,0.1,0.2,0.1,0.3
promote,0.0,0.2,0.3,0.3,-0.2,0.3
revolution,0.7,0.1,0.2,0.6,0.4,0.8
rooms,0.4,0.0,0.0,0.3,0.1,-0.2
severe,0.5,-0.3,-0.4,-0.6,0.1,0.6
sleeping,-0.1,0.3,-0.3,0.4,0.0,-0.8
suppose,-0.3,0.2,0.1,0.0,-0.1,-0.4
tool,0.4,-0.1,0.2,0.1,0.3,0.1
tournament,0.4,0.0,0.4,0.3,0.3,0.6
turkey,0.2,0.1,0.1,0.5,0.1,0.2
ve,0.0,0.0,0.0,0.0,0.0,0.0
victim,0.4,-0.1,-0.5,-0.2,0.1,0.4
victims,0.5,-0.1,-0.5,-0.2,0.1,0.5
agents,0.2,-0.2,0.1,-0.2,0.0,0.2
amazon,0.6,0.1,0.2,0.5,0.6,0.4
arrest,0.6,-0.2,-0.4,-0.3,0.1,0.7
attend,0.0,0.0,0.1,0.1,0.0,0.0
ban,0.5,-0.2,-0.6,-0.4,0.2,0.7
brilliant,-0.2,0.2,0.5,0.6,0.0,0.7
carbon,0.3,0.2,-0.3,0.1,0.7,-0.2
catholic,0.5,0.0,-0.2,0.2,0.7,0.2
chose,0.1,0.0,0.1,0.0,0.0,0.1
circle,-0.1,0.1,0.6,0.0,0.5,-0.3
concert,0.4,0.1,0.5,0.5,0.1,0.8
crash,0.7,-0.3,-0.3,0.2,-0.1,0.9
declared,0.4,0.0,-0.2,-0.1,0.2,0.5
deliver,0.2,0.1,0.3,0.2,0.0,0.3
depth,0.7,-0.3,-0.2,-0.4,0.5,-0.4
deputy,0.2,0.0,0.1,0.0,0.1,0.2
dirty,0.3,0.1,-0.5,0.2,0.1,0.2
doctors,0.3,0.0,0.1,0.2,0.2,0.1
earned,0.3,0.0,0.1,0.3,0.1,0.1
electronic,-0.4,0.2,0.4,-0.6,-0.7,0.3
error,0.1,0.0,-0.2,-0.2,-0.1,0.4
existence,0.8,0.2,0.0,0.0,0.9,-0.3
experiences,0.3,0.2,0.2,0.4,0.3,0.1
expression,0.0,0.1,0.2,0.3,0.1,0.2
factory,0.7,0.0,-0.3,0.3,0.2,0.6
headed,0.2,-0.2,0.1,0.1,0.0,0.1
interior,0.3,0.0,-0.1,0.2,0.1,-0.4
joy,-0.5,0.5,0.8,0.8,0.2,0.6
jr,-0.3,-0.1,0.2,0.1,-0.6,-0.1
legislation,0.5,0.4,-0.6,-0.2,0.3,0.2
maintenance,0.2,0.0,-0.3,0.0,0.0,-0.2
manner,-0.1,0.1,0.1,0.1,0.2,-0.3
mate,0.0,0.0,0.3,0.6,0.1,0.2
matt,0.1,0.0,-0.4,0.1,-0.1,-0.2
nearby,-0.2,0.0,0.0,0.1,-0.2,-0.2
noise,0.0,0.2,0.4,0.2,-0.2,0.8
origin,0.4,0.0,-0.2,0.2,0.9,0.1
pakistan,0.3,0.0,-0.2,0.4,0.2,0.1
panel,0.2,0.2,0.1,-0.2,-0.1,-0.1
personality,0.1,0.1,0.4,0.4,-0.1,0.3
plate,0.2,0.2,0.1,0.1,0.1,0.1
practices,0.2,0.0,-0.2,0.0,0.3,0.0
prepare,0.1,0.0,0.2,0.2,-0.1,0.1
relief,-0.4,0.4,0.3,0.5,0.0,-0.4
replaced,-0.1,0.0,-0.1,-0.3,-0.4,-0.1
resistance,0.6,0.5,-0.4,0.2,0.3,0.5
retail,0.1,0.0,0.1,-0.3,-0.3,0.1
rice,-0.3,0.2,-0.1,0.3,0.4,-0.4
roads,0.6,0.0,-0.5,0.0,0.5,0.2
roof,0.4,0.3,-0.1,0.3,0.2,-0.1
shame,0.6,-0.2,-0.7,0.4,0.3,-0.2
ships,0.8,0.0,-0.4,0.1,0.4,0.3
somewhat,-0.4,0.1,0.1,0.0,-0.1,-0.5
staying,0.2,0.0,-0.3,0.3,0.0,-0.3
stronger,0.5,-0.1,0.3,0.3,0.1,0.5
surely,-0.2,-0.1,0.2,0.2,0.1,0.1
tip,-0.5,-0.5,0.5,0.0,-0.2,0.0
updated,-0.3,-0.1,0.2,-0.4,-0.8,0.0
writers,0.1,0.0,0.1,0.3,0.3,-0.1
absolute,0.7,0.0,-0.6,-0.3,0.4,0.6
advertising,0.0,0.2,0.3,0.1,-0.5,0.5
agencies,0.3,0.0,-0.2,-0.3,0.0,0.0
baseball,0.1,0.0,0.8,0.4,0.2,0.4
bathroom,0.3,0.0,-0.2,0.1,0.1,-0.2
bible,0.7,0.0,-0.4,0.3,0.9,0.3
cable,0.3,0.1,0.3,-0.1,-0.2,0.0
calm,-0.2,0.3,-0.4,0.2,0.2,-0.9
championship,0.5,0.0,0.4,0.4,0.1,0.7
checked,-0.1,-0.1,0.1,-0.1,-0.2,0.0
client,0.1,0.0,-0.1,-0.2,0.0,0.0
constant,0.6,0.0,-0.5,-0.1,0.5,0.1
da,-0.4,-0.1,0.2,0.0,-0.3,0.2
dates,0.0,0.0,0.1,0.3,0.4,-0.2
degrees,-0.1,0.0,0.1,0.1,0.2,0.0
democrats,0.2,0.0,-0.1,0.1,0.2,0.3
doors,0.5,0.1,0.1,0.1,0.3,0.2
driven,0.4,-0.3,0.2,0.2,0.0,0.4
dumb,0.3,-0.1,-0.5,0.1,-0.1,-0.1
empire,0.8,0.0,-0.4,0.1,0.7,0.5
exciting,-0.2,0.2,0.7,0.6,-0.5,0.7
expansion,0.4,0.4,0.3,0.2,0.1,0.4
heavily,0.7,0.0,-0.5,0.0,0.0,0.3
hide,-0.1,0.0,-0.2,-0.1,0.1,-0.5
incident,0.3,0.0,0.1,0.1,-0.2,0.5
irish,0.2,0.0,0.2,0.4,0.5,0.2
linked,0.2,-0.1,0.1,0.0,0.0,-0.1
manage,0.2,0.0,0.0,0.0,0.0,0.0
messages,-0.4,0.3,0.3,0.2,-0.2,0.1
michigan,0.3,0.0,0.0,-0.2,0.2,0.0
multi,0.1,0.0,0.2,0.0,-0.4,0.1
nfl,0.4,-0.1,0.5,0.3,-0.4,0.6
politicians,0.3,0.1,-0.1,-0.2,0.3,0.4
print,0.0,0.2,0.1,0.1,0.2,-0.1
quit,0.1,-0.2,-0.3,-0.2,0.0,0.3
refused,0.4,-0.1,-0.4,-0.3,0.1,0.5
reporting,0.1,0.1,0.0,-0.1,-0.1,0.2
sight,-0.3,-0.3,0.2,0.1,0.0,-0.2
significantly,0.4,0.0,0.0,0.0,0.0,0.2
sing,-0.3,0.5,0.5,0.5,0.2,0.6
soviet,0.7,0.0,-0.4,-0.4,0.4,0.4
weapon,0.6,-0.3,0.1,0.3,0.4,0.7
wet,0.1,-0.1,-0.6,0.1,0.0,-0.1
widely,-0.1,0.3,0.3,0.1,0.0,0.1
worldwide,0.5,0.1,0.2,0.2,0.1,0.3
ages,0.5,0.3,-0.2,0.0,0.8,-0.2
anniversary,0.3,0.2,0.3,0.5,0.4,0.3
attractive,-0.2,-0.2,0.4,0.6,-0.2,0.3
bike,0.1,0.0,0.6,0.1,-0.1,0.1
broad,0.4,0.3,0.1,0.1,0.2,0.1
burn,0.2,0.4,-0.1,1.0,0.1,0.7
cake,0.1,0.0,-0.2,0.4,0.1,-0.2
causing,0.2,0.0,0.0,0.0,0.0,0.2
closely,0.1,-0.1,-0.1,0.2,0.0,-0.3
constantly,0.3,0.0,0.4,0.0,0.0,0.3
contest,0.2,0.0,0.4,0.2,0.1,0.4
deaths,0.7,-0.2,-0.7,-0.5,0.3,0.5
depends,0.0,0.1,0.1,0.0,0.0,-0.1
drawn,0.0,-0.1,-0.1,0.0,0.1,-0.2
fees,0.2,0.1,-0.2,-0.2,0.1,0.1
francisco,0.3,0.2,0.2,0.3,0.2,0.2
haha,-0.5,0.6,0.8,0.5,-0.5,0.6
hardly,-0.4,0.4,-0.1,-0.2,0.0,-0.4
hat,-0.3,0.3,0.2,0.3,0.2,-0.3
height,0.3,-0.2,0.3,0.0,0.0,0.1
hidden,0.1,0.2,-0.3,-0.2,0.3,-0.5
hong,0.3,0.0,0.2,0.2,0.3,0.2
invited,-0.1,0.2,0.3,0.6,0.0,0.1
letting,-0.2,0.2,0.2,0.1,-0.1,-0.2
loud,0.2,-0.1,0.3,0.1,-0.2,0.8
manchester,0.4,0.0,-0.2,-0.1,0.3,0.2
marine,0.1,-0.1,0.2,-0.4,0.1,0.0
motor,0.5,0.0,0.1,0.3,0.1,0.6
officially,0.0,0.2,-0.3,-0.3,0.1,0.1
pc,-0.2,0.0,-0.1,-0.2,-0.7,-0.2
peak,0.6,-0.2,-0.2,-0.4,0.5,0.3
portion,0.1,0.0,-0.1,0.0,-0.1,-0.2
pounds,0.6,0.0,-0.3,0.0,0.2,0.2
princess,-0.2,0.3,0.2,0.4,0.1,0.1
protein,0.2,0.0,-0.3,0.2,-0.2,-0.1
puts,0.0,-0.1,0.1,0.0,-0.1,0.0
raw,0.3,0.0,-0.4,0.1,-0.3,0.5
reform,0.2,0.0,0.2,0.1,-0.1,0.2
regions,0.4,0.1,-0.3,0.0,0.3,-0.1
represented,0.1,0.0,-0.1,0.0,0.1,0.1
respond,0.0,-0.1,0.4,0.1,-0.1,0.3
retirement,0.3,0.2,-0.5,0.4,0.5,-0.5
sample,-0.3,0.1,0.1,-0.1,-0.3,-0.2
seats,0.3,0.0,-0.1,0.2,0.0,-0.2
secondary,-0.1,0.0,0.0,-0.1,-0.1,-0.1
solar,-0.1,0.3,0.2,0.9,0.4,0.2
somehow,-0.4,0.2,0.3,0.0,-0.2,-0.3
stayed,0.2,0.0,-0.4,0.1,0.1,-0.3
suffering,0.7,0.0,-0.8,0.3,0.3,0.5
sydney,0.3,0.0,0.1,0.5,-0.2,0.2
tries,-0.1,0.0,0.3,0.1,-0.4,0.2
ultimate,0.7,0.0,0.1,0.2,0.2,0.6
unknown,0.2,0.2,-0.2,-0.5,0.4,-0.4
wilson,0.1,0.0,0.0,0.0,0.2,0.0
wondering,-0.4,0.4,0.2,0.1,-0.2,-0.5
attached,0.2,0.1,-0.3,0.2,-0.1,0.0
attacked,0.5,-0.3,0.2,0.3,0.0,0.8
automatically,-0.1,-0.2,0.4,-0.4,-0.7,0.1
balls,0.1,0.0,0.8,0.1,-0.1,0.2
battery,0.3,-0.1,-0.1,0.2,-0.5,0.1
bills,-0.3,0.4,-0.2,-0.2,0.0,0.1
blind,0.1,0.2,-0.4,-0.3,0.2,-0.4
breath,-1.0,0.5,-0.2,0.4,-0.5,-0.7
brief,-0.5,0.2,0.3,-0.1,-0.6,-0.1
carolina,0.2,0.0,0.1,0.6,0.2,0.1
chest,0.4,0.0,-0.1,0.5,0.1,0.1
conduct,0.2,-0.1,-0.2,-0.2,0.2,0.1
debut,-0.3,0.1,0.4,0.2,-1.0,0.3
decade,0.5,0.0,-0.2,0.0,0.3,0.0
destroy,0.6,-0.2,-0.5,0.2,0.1,0.8
differences,0.0,0.0,0.1,-0.1,0.0,0.1
edward,0.2,0.0,-0.1,0.1,0.4,0.0
engaged,0.2,-0.1,0.3,0.5,-0.1,0.3
experts,0.2,0.0,-0.1,-0.2,0.2,0.1
expressed,0.1,-0.1,0.1,0.2,0.0,0.4
external,0.0,0.0,0.1,-0.4,0.0,0.1
fantasy,-0.5,0.5,0.6,0.3,0.2,0.2
ft,-0.2,0.0,0.0,0.0,-0.2,-0.1
grab,0.3,-0.2,-0.1,0.3,-0.1,0.6
hollywood,0.2,0.2,0.4,0.4,-0.3,0.5
immediate,0.1,-0.4,0.5,0.2,-0.6,0.7
introduction,0.1,0.0,0.2,0.1,0.0,0.2
joseph,0.2,0.0,0.0,0.2,0.6,0.0
license,0.1,0.2,-0.2,-0.3,0.1,0.1
paint,0.0,0.1,-0.5,0.1,0.1,0.1
pilot,0.3,0.3,0.2,0.0,0.0,0.3
pink,-0.4,0.3,0.5,0.4,-0.3,0.2
presidential,0.6,0.0,-0.2,0.0,0.3,0.4
principal,0.4,0.0,-0.1,-0.1,0.2,0.3
recognize,0.1,0.0,0.2,0.2,0.1,0.3
recognized,0.2,0.0,0.1,0.2,0.1,0.2
registered,0.2,0.1,-0.2,-0.2,0.1,0.1
regularly,0.0,0.0,0.3,0.0,0.0,-0.1
representatives,0.4,0.0,-0.2,0.0,0.2,0.3
rising,-0.3,0.6,0.4,0.3,0.0,0.4
seasons,0.1,0.3,0.2,0.2,0.7,0.0
shipping,0.4,-0.1,-0.1,-0.1,-0.1,0.2
singer,0.0,0.2,0.3,0.4,0.1,0.7
smoking,-0.4,0.8,-0.6,0.7,0.2,0.1
steam,-0.7,0.9,-0.7,0.8,0.1,0.3
suffered,0.6,-0.2,-0.7,-0.3,0.2,0.4
survive,0.3,0.1,0.3,0.2,0.3,0.5
tall,0.3,-0.1,0.1,0.0,0.0,0.2
thats,-0.1,0.0,0.1,0.0,-0.2,0.0
theatre,0.3,0.2,0.1,0.3,0.6,0.3
therapy,0.1,0.2,0.1,0.5,-0.1,-0.2
witness,0.4,0.0,-0.2,-0.1,0.3,0.3
adopted,0.2,0.0,0.1,0.5,0.1,0.1
aim,-0.2,-0.5,0.4,0.0,0.0,0.3
campus,0.3,0.0,0.1,0.2,-0.2,0.2
cap,-0.3,0.2,0.3,0.1,0.0,0.0
chances,-0.2,0.1,0.6,0.1,-0.1,0.2
childhood,-0.1,0.3,0.4,0.7,-0.5,0.1
clinical,0.1,-0.2,-0.3,-0.8,-0.1,-0.2
clubs,0.2,-0.1,0.4,0.3,-0.2,0.6
comedy,-0.2,0.3,0.7,0.5,0.2,0.5
commander,0.6,0.0,-0.2,-0.1,0.4,0.7
comparison,0.0,0.0,0.0,-0.2,0.1,-0.1
covers,-0.1,0.4,-0.2,0.4,0.0,-0.2
dan,0.0,0.0,0.1,0.2,-0.1,0.1
defeat,0.7,-0.3,-0.8,-0.5,0.3,0.6
defence,0.5,0.0,-0.1,-0.2,0.4,0.4
democracy,0.5,0.1,0.2,0.2,0.7,0.3
detailed,0.1,-0.1,-0.3,-0.1,0.0,-0.3
entitled,0.2,0.1,-0.3,-0.2,0.1,0.2
exact,-0.2,-0.4,0.4,-0.4,-0.1,0.1
exposed,-0.3,0.2,0.0,-0.5,-0.1,0.3
fed,0.2,0.0,-0.2,0.4,0.0,0.0
fee,-0.4,0.1,-0.2,-0.3,0.0,-0.2
injured,0.1,-0.2,-0.5,0.3,0.0,0.4
jan,-0.1,0.0,0.1,-0.5,0.0,-0.2
jordan,0.1,0.4,0.3,0.2,0.3,0.1
kinds,-0.1,0.0,0.1,0.0,0.0,-0.3
lets,-0.3,0.0,0.2,0.1,-0.2,-0.2
loans,0.3,0.0,-0.4,-0.2,0.1,-0.1
lock,0.5,0.0,-0.1,-0.3,0.2,0.1
musical,-0.2,0.4,0.6,0.4,0.1,0.5
nose,0.0,0.0,0.2,0.3,0.0,0.0
objects,0.2,0.0,0.1,-0.1,0.0,-0.2
opposed,0.3,0.3,-0.3,-0.2,0.0,0.2
organized,0.2,0.0,-0.1,-0.3,0.0,-0.2
plastic,-0.3,0.5,0.4,-0.4,-0.5,-0.1
protected,0.4,0.2,-0.2,0.5,0.1,-0.3
purposes,0.1,0.0,0.0,0.0,0.0,-0.2
quote,-0.4,0.2,0.1,-0.1,0.1,0.1
recording,-0.1,0.1,0.1,-0.1,-0.2,0.2
semi,0.5,-0.1,-0.2,0.0,-0.1,0.2
statements,0.2,0.2,-0.3,-0.3,0.1,0.1
suspect,0.1,-0.2,-0.1,-0.2,0.0,0.2
swear,0.2,-0.2,-0.2,0.3,0.3,0.7
techniques,0.0,0.0,0.1,-0.2,0.0,-0.2
tie,-0.2,0.3,0.1,0.1,0.1,-0.2
tim,-0.2,0.0,0.2,0.2,-0.2,-0.1
trend,-0.3,0.2,0.5,0.1,-0.7,0.2
valuable,0.4,0.0,0.1,0.4,0.3,0.1
wealth,0.6,0.0,-0.2,0.3,0.3,0.1
wise,0.3,0.3,-0.2,0.4,0.7,-0.4
yards,0.2,0.0,0.1,0.2,0.1,0.0
aged,0.2,0.2,-0.4,0.3,0.8,-0.3
approval,0.0,0.2,0.2,0.4,0.0,0.1
aspects,-0.2,0.0,0.1,-0.2,0.0,-0.4
attempts,0.1,0.0,0.3,0.1,-0.1,0.2
bread,0.1,0.1,-0.4,0.6,0.2,-0.3
burning,-0.1,0.6,-0.2,0.9,0.0,0.8
champions,0.3,0.2,0.4,0.5,0.1,0.6
contain,0.2,0.0,-0.2,-0.1,0.0,-0.3
convention,0.3,0.0,-0.2,0.0,0.3,0.1
dancing,-0.3,0.6,0.7,0.6,0.2,0.4
document,-0.2,0.3,-0.5,-0.3,0.2,-0.3
eggs,-0.1,0.1,-0.6,0.1,-0.2,-0.3
employee,0.1,0.0,-0.1,0.0,-0.1,-0.1
en,-0.5,0.0,0.0,0.0,0.0,-0.5
engineer,0.3,-0.2,0.1,-0.2,-0.1,0.1
equivalent,0.0,0.0,0.0,-0.2,0.0,-0.3
facing,0.1,0.0,0.0,0.0,-0.1,0.1
fairly,-0.3,0.4,0.2,0.1,-0.2,-0.2
fingers,-0.2,0.2,0.3,0.4,0.1,-0.1
ford,0.5,0.0,-0.2,0.1,0.4,0.2
founded,0.4,0.0,-0.3,0.2,0.5,0.1
functions,0.1,0.0,0.1,-0.3,0.0,-0.1
gang,0.3,0.0,0.1,0.2,0.1,0.6
graduate,0.2,0.1,0.2,0.2,-0.3,0.3
greek,0.3,0.0,-0.1,0.3,0.8,0.1
hanging,0.2,0.4,-0.4,-0.2,0.2,-0.2
inner,-0.1,0.0,-0.1,0.3,0.1,-0.4
islands,0.6,0.0,-0.2,0.4,0.6,-0.2
le,-0.1,0.1,0.0,0.0,0.0,-0.1
lift,-0.2,0.6,0.4,0.0,-0.2,0.2
marked,0.1,-0.1,-0.2,-0.1,0.1,0.2
memories,-0.2,0.5,-0.1,0.5,0.4,-0.3
miller,0.2,0.2,-0.1,0.3,0.5,0.0
monthly,-0.1,0.2,0.1,-0.1,-0.2,-0.2
mountains,0.9,0.0,-0.6,-0.4,0.9,-0.1
neighborhood,0.4,0.1,0.0,0.5,0.1,0.1
operate,0.2,-0.1,0.0,-0.2,-0.1,0.2
outstanding,0.3,0.2,0.4,0.4,-0.1,0.5
permission,0.1,0.1,-0.2,-0.1,0.2,-0.3
porn,-0.1,-0.2,0.2,0.6,-0.3,0.4
racing,-0.1,-0.5,0.6,0.5,-0.4,0.7
recommended,0.1,0.0,-0.1,0.2,-0.1,0.0
regulations,0.4,0.1,-0.5,-0.5,0.3,-0.2
reply,-0.2,0.1,0.3,0.1,-0.2,0.1
republicans,0.3,0.0,-0.2,-0.2,0.3,0.4
rid,-0.3,-0.3,0.3,-0.2,0.0,0.3
roman,0.6,0.0,-0.3,0.2,0.8,0.3
scientists,0.2,0.0,-0.1,-0.4,0.1,0.0
shoulder,0.3,0.0,0.1,0.4,0.1,0.0
shower,-0.3,0.3,0.2,0.5,-0.2,0.3
solutions,0.0,0.0,0.2,-0.1,-0.2,0.0
sons,0.2,0.0,0.2,0.6,0.3,0.2
stations,0.6,0.0,-0.3,-0.1,0.2,0.4
stephen,0.1,0.0,0.0,0.2,0.3,-0.1
tower,0.8,-0.1,-0.4,-0.2,0.6,0.1
tradition,0.5,0.0,-0.4,0.4,0.8,-0.1
visited,-0.1,0.2,0.1,0.3,0.0,-0.1
visual,-0.3,0.3,0.3,-0.1,-0.4,-0.2
wheel,0.4,-0.1,0.5,0.0,0.5,0.1
zealand,0.4,0.0,0.1,0.2,0.3,0.0
achieved,0.3,0.1,0.2,0.3,0.1,0.4
admitted,0.1,0.0,-0.2,-0.1,0.0,-0.1
appointment,0.2,0.1,-0.2,-0.2,0.1,-0.1
authors,0.2,0.1,-0.1,0.2,0.4,-0.2
barely,-0.6,0.4,0.1,-0.2,-0.3,-0.5
bc,0.2,0.0,-0.3,-0.1,1.0,-0.2
bush,-0.1,0.4,-0.2,0.2,0.1,-0.3
cabinet,0.4,0.0,0.1,0.3,0.2,-0.2
celebrate,-0.3,0.4,0.7,0.7,-0.2,0.6
challenges,0.5,0.0,0.2,-0.1,0.0,0.4
chocolate,0.1,0.0,-0.4,0.6,-0.1,0.1
coal,0.3,0.0,-0.5,0.8,0.6,0.2
colour,-0.5,0.3,0.4,0.4,0.0,0.3
contemporary,-0.2,0.0,0.3,-0.3,-0.8,-0.1
criticism,0.3,-0.2,-0.3,-0.6,0.1,0.3
davis,0.0,0.0,0.0,0.1,0.1,0.0
dna,-0.7,0.3,0.2,-0.2,0.9,0.1
effectively,0.1,-0.1,0.0,-0.2,-0.1,0.1
eric,0.0,0.0,0.1,0.2,0.0,0.0
extensive,0.6,0.3,-0.1,-0.1,0.1,0.2
faced,0.2,0.0,-0.2,-0.1,0.1,0.2
filed,-0.1,-0.2,-0.4,-0.4,0.1,-0.4
formation,0.5,0.0,-0.2,-0.2,0.5,0.1
fought,0.6,0.0,0.1,0.4,0.3,0.7
gained,0.2,0.0,0.2,0.2,-0.1,0.2
gallery,0.1,0.0,0.1,-0.2,0.2,-0.5
highway,0.5,-0.3,0.3,0.1,-0.3,0.5
historic,0.5,0.0,-0.3,0.2,0.8,0.1
hunt,0.3,-0.3,0.2,0.3,0.6,0.5
improvement,-0.1,0.2,0.4,0.3,-0.3,0.2
inch,-0.6,-0.2,0.1,0.0,0.0,-0.4
initially,-0.2,0.0,0.1,-0.2,-0.5,-0.2
junior,-0.3,0.1,0.5,0.2,-0.7,0.1
jury,0.4,0.0,-0.4,-0.4,0.4,0.1
kong,0.8,0.0,0.1,0.2,0.2,0.7
korean,0.0,0.0,0.1,0.2,0.4,0.1
marks,-0.2,-0.1,-0.2,-0.1,0.1,0.1
monster,0.7,0.0,0.1,0.1,0.4,0.8
obtained,0.2,0.0,-0.2,-0.2,0.1,0.0
olympic,0.4,-0.1,0.6,0.4,0.6,0.6
philosophy,0.6,0.2,-0.3,0.1,0.8,-0.3
pride,0.3,0.3,0.2,0.5,0.2,0.4
promised,0.1,0.1,0.1,0.4,0.1,0.2
repeat,0.0,0.0,0.7,-0.2,-0.1,0.2
returning,0.1,0.1,0.4,0.2,0.0,0.0
riding,0.1,0.1,0.5,0.3,-0.1,0.3
rough,0.3,0.2,-0.5,0.1,0.1,0.4
santa,0.4,0.4,0.4,0.9,0.5,0.3
settlement,0.5,0.1,-0.4,0.2,0.6,-0.2
smell,-0.4,0.6,-0.2,0.3,0.0,0.2
sought,0.3,-0.2,-0.1,0.1,0.4,0.1
speaker,0.2,0.0,0.2,0.1,-0.2,0.6
studied,0.2,0.0,-0.2,-0.2,0.2,-0.4
suggests,-0.3,0.2,0.1,-0.1,-0.1,-0.4
surrounding,0.3,0.3,-0.2,0.0,0.1,-0.2
tone,-0.2,0.0,0.3,0.1,0.0,0.2
topic,-0.1,0.0,0.0,0.0,0.0,-0.1
toronto,0.3,0.0,0.1,-0.2,0.1,0.1
universal,0.7,0.2,-0.1,0.1,0.8,0.2
vast,0.8,0.2,-0.4,-0.2,0.6,0.3
visitors,0.1,0.1,0.2,0.2,0.0,0.1
wanting,-0.2,0.2,0.1,0.3,-0.2,0.2
auto,0.5,-0.2,0.3,0.1,-0.1,0.4
consistent,0.3,0.0,0.2,0.0,0.2,-0.1
continuing,0.1,0.1,0.3,0.1,0.0,0.0
earn,0.2,0.0,-0.1,0.2,0.1,0.1
exists,0.2,0.0,-0.1,0.0,0.5,0.0
finger,-0.2,-0.1,0.3,0.4,0.0,-0.2
grey,0.1,0.3,-0.3,-0.4,0.3,-0.5
guitar,0.2,0.1,0.4,0.5,0.2,0.5
heading,0.0,-0.2,0.1,0.0,0.0,0.1
howard,0.1,0.0,0.0,0.1,0.3,-0.1
ignore,-0.1,0.2,-0.2,-0.3,0.0,-0.4
involving,0.1,0.1,0.0,0.1,0.0,0.0
latin,0.4,0.0,-0.2,0.2,0.8,0.1
lewis,0.1,0.0,0.0,0.1,0.2,0.0
meal,0.2,0.0,-0.2,0.6,0.1,-0.1
meanwhile,-0.1,0.2,0.1,0.0,0.0,-0.2
meetings,0.2,0.0,-0.1,-0.1,0.1,0.1
naturally,-0.1,0.3,0.2,0.2,0.3,-0.2
necessarily,0.1,0.0,0.0,-0.1,0.1,0.0
offices,0.4,0.0,-0.2,-0.3,0.1,-0.1
pants,0.0,0.3,0.1,0.3,-0.1,-0.1
partnership,0.3,0.0,0.1,0.2,0.2,0.1
payments,0.2,0.2,-0.2,-0.2,0.0,0.0
percentage,-0.1,0.0,0.1,-0.2,0.0,-0.2
pocket,-0.3,0.0,0.2,0.3,0.0,-0.3
practical,0.3,0.0,0.1,0.0,0.1,-0.1
primarily,0.1,0.0,0.0,-0.1,0.0,0.0
proved,0.4,-0.1,-0.3,-0.1,0.2,0.2
rape,0.7,-0.3,-0.8,-0.7,0.1,0.9
regardless,0.1,0.1,0.2,-0.1,0.0,0.1
relative,0.1,0.0,0.1,0.2,0.2,-0.1
represents,0.2,0.0,0.0,0.0,0.1,0.0
rescue,0.4,0.2,0.3,0.4,0.1,0.7
resulting,0.1,0.0,0.1,0.0,0.0,0.1
rush,0.2,-0.5,0.5,0.3,-0.3,0.7
sarah,-0.1,0.0,0.2,0.4,0.2,0.0
sessions,0.2,0.0,0.0,0.1,0.1,0.1
sharp,-0.1,-0.6,0.6,-0.3,0.0,0.5
simon,-0.1,0.0,0.2,0.3,0.3,-0.1
soccer,0.1,0.1,0.8,0.2,-0.2,0.5
stable,0.6,0.0,-0.4,0.1,0.3,-0.3
structures,0.7,0.0,-0.5,-0.2,0.4,-0.1
supplies,0.3,0.1,-0.1,0.1,0.0,0.1
symptoms,0.2,0.0,-0.3,-0.3,0.0,0.3
temporary,-0.4,0.2,0.3,-0.1,-0.6,-0.2
tested,0.2,0.0,0.1,0.0,-0.1,0.1
trick,-0.3,-0.2,0.6,0.1,-0.2,0.2
attended,0.1,0.0,-0.1,0.1,0.0,-0.1
audio,-0.5,0.3,0.4,0.2,-0.5,0.5
bone,0.3,-0.1,0.0,-0.2,0.6,-0.1
brian,0.0,0.0,0.1,0.2,0.1,0.0
bullshit,0.2,0.2,-0.4,0.3,-0.3,0.6
chamber,0.6,0.0,-0.3,-0.3,0.6,-0.4
chart,-0.2,0.3,0.2,-0.1,-0.2,-0.2
circuit,0.1,-0.1,0.3,0.1,-0.5,0.1
clothing,0.0,0.4,-0.2,0.5,0.1,-0.2
complicated,0.4,0.0,-0.2,-0.1,0.1,0.2
confused,0.1,0.2,-0.3,-0.1,-0.1,-0.1
consequences,0.7,-0.1,-0.5,-0.2,0.2,0.3
defend,0.5,0.0,0.1,0.1,0.3,0.5
divided,0.2,-0.1,-0.1,-0.3,0.1,0.2
elizabeth,0.4,0.0,-0.1,0.1,0.5,0.1
everyday,-0.1,0.0,0.1,0.1,-0.2,-0.3
extent,0.2,0.0,0.0,-0.1,0.0,-0.1
fishing,-0.1,-0.2,0.2,0.2,0.3,-0.3
format,-0.2,0.1,0.1,-0.3,-0.4,-0.2
gap,-0.4,-0.3,0.2,-0.2,0.0,-0.2
gate,0.5,0.0,0.1,-0.1,0.4,0.1
gotten,-0.1,0.0,0.0,0.0,-0.2,-0.1
harm,0.4,-0.2,-0.4,-0.3,0.2,0.6
healthcare,0.3,0.1,-0.2,0.4,-0.3,0.0
household,0.3,0.0,-0.1,0.6,0.2,-0.1
immigration,0.5,0.1,-0.3,0.0,0.1,0.3
impressive,0.4,0.0,0.2,0.2,-0.1,0.4
jews,0.3,0.0,-0.1,0.2,0.8,0.1
joining,0.1,0.0,0.2,0.3,-0.1,0.1
killer,0.5,-0.3,-0.2,-0.6,0.1,0.8
lesson,0.2,0.0,0.0,0.2,0.3,-0.1
limits,0.4,-0.1,-0.2,-0.2,0.1,0.2
loving,-0.2,0.4,0.3,0.8,0.1,0.2
ltd,0.1,0.0,-0.2,-0.4,-0.3,-0.3
managers,0.2,0.0,-0.1,-0.2,-0.1,0.1
membership,0.1,0.2,0.0,0.1,-0.2,-0.1
miami,-0.1,0.2,0.4,0.7,-0.4,0.4
mirror,0.2,0.0,0.1,-0.5,0.3,-0.3
mount,0.8,0.0,-0.4,-0.2,0.7,0.2
nights,-0.2,0.3,-0.1,-0.4,0.5,-0.5
occur,-0.1,-0.1,0.1,0.0,0.0,-0.2
parking,0.3,0.0,-0.2,-0.1,-0.4,-0.2
proposal,0.1,0.2,0.1,0.1,-0.1,0.1
province,0.6,0.0,-0.3,0.1,0.6,-0.1
purchased,0.2,0.0,-0.1,0.0,-0.2,0.0
recognition,0.3,0.1,0.1,0.3,0.1,0.3
reputation,0.5,0.2,-0.3,0.1,0.4,0.2
rolling,0.3,-0.2,0.5,0.1,0.0,0.2
shortly,-0.4,-0.4,0.2,0.0,-0.5,-0.2
situations,0.1,0.0,-0.1,0.0,0.0,0.1
strongly,0.5,-0.1,0.1,0.2,0.0,0.6
tears,-0.2,0.3,-0.4,0.3,0.1,0.3
technique,0.1,-0.1,0.3,-0.2,0.1,0.0
thin,-0.6,0.4,0.1,-0.3,0.0,-0.3
tied,0.2,0.0,-0.3,0.1,0.1,0.0
accused,0.4,0.0,-0.5,-0.3,0.2,0.5
adventure,0.2,0.2,0.6,0.4,-0.1,0.6
argue,0.3,0.0,0.2,0.4,0.0,0.7
assessment,0.3,0.0,-0.4,-0.3,0.1,-0.1
atmosphere,-0.3,0.7,0.0,0.1,0.3,-0.2
awful,0.5,-0.2,-0.3,-0.2,0.0,0.7
bedroom,0.2,0.0,0.0,0.6,0.1,-0.4
belief,0.4,0.1,-0.2,0.3,0.5,0.2
bound,0.3,-0.1,0.4,0.0,0.1,0.3
breaks,0.1,-0.2,-0.6,-0.1,0.0,0.5
carefully,-0.2,0.3,0.1,0.1,0.0,-0.5
cats,-0.2,0.1,0.5,0.5,0.2,0.1
ceo,0.3,0.0,0.1,-0.4,-0.3,0.3
choices,0.0,0.1,0.3,0.0,0.0,0.1
closing,0.3,-0.1,-0.4,-0.1,0.0,-0.1
cloud,-0.7,0.8,-0.2,-0.2,0.1,-0.4
colorado,0.4,0.0,0.1,0.2,0.3,0.1
colors,-0.1,0.2,0.4,0.4,0.0,0.3
contrast,0.2,0.0,0.3,-0.1,0.1,0.4
courses,0.2,0.0,0.1,0.0,0.1,0.0
courts,0.5,0.0,-0.2,-0.3,0.4,0.2
donald,0.2,0.0,0.0,0.1,0.2,0.2
drew,-0.1,0.1,0.1,0.1,0.1,-0.2
egg,-0.1,0.0,-0.5,0.3,0.2,-0.3
element,0.3,0.0,0.0,0.0,0.6,0.0
elsewhere,-0.3,0.4,0.2,-0.1,0.1,-0.4
establish,0.5,-0.1,-0.3,0.1,0.3,0.3
extension,0.1,0.2,0.3,-0.1,-0.2,0.0
files,0.1,0.3,-0.3,-0.3,-0.1,-0.2
founder,0.4,-0.2,-0.1,0.3,0.4,0.2
gear,0.4,0.0,0.2,-0.1,0.2,0.3
georgia,0.3,0.0,0.1,0.5,0.3,0.1
hills,0.6,0.0,-0.2,0.2,0.5,-0.2
hip,-0.2,0.0,0.4,0.3,-0.4,0.2
hitting,0.3,-0.4,0.5,0.1,0.0,0.7
increases,0.2,-0.1,0.3,0.1,-0.1,0.4
infrastructure,0.8,0.0,-0.5,-0.3,0.2,0.1
jason,0.0,0.0,0.2,0.1,-0.2,0.1
locations,0.1,0.0,0.0,0.0,0.1,-0.1
loose,-0.3,0.4,0.3,0.0,-0.1,-0.2
machines,0.6,-0.1,-0.1,-0.4,-0.2,0.5
moral,0.5,0.0,-0.3,0.2,0.6,0.1
offensive,0.2,-0.3,-0.2,0.5,0.0,0.6
pa,-0.2,0.0,0.0,0.1,-0.2,0.1
package,0.2,0.1,0.1,0.1,-0.2,0.0
pointed,0.1,-0.4,0.2,-0.1,0.0,0.3
poverty,0.6,0.0,-0.5,-0.3,0.4,-0.2
processes,0.1,0.0,-0.1,-0.3,-0.2,-0.2
processing,0.1,0.0,-0.1,-0.3,-0.3,-0.1
qualified,0.2,0.0,0.0,-0.1,0.0,0.0
railway,0.6,0.0,-0.2,0.2,0.3,0.4
reaching,-0.1,0.1,0.1,0.2,0.0,0.2
ridiculous,-0.3,0.2,0.5,0.2,0.0,0.4
sensitive,-0.4,0.3,0.2,0.3,-0.1,-0.3
server,0.2,0.0,-0.2,0.1,-0.6,-0.1
shock,0.3,-0.3,0.6,0.2,-0.2,0.8
silence,-0.2,0.3,-0.8,-0.5,0.3,-1.0
soldier,0.4,0.0,-0.2,0.2,0.3,0.4
superior,0.3,0.1,0.0,-0.3,0.1,0.2
supporters,0.3,0.0,0.2,0.4,0.0,0.5
thick,0.5,0.0,-0.4,0.2,0.0,0.0
threw,0.2,-0.3,0.4,0.1,0.0,0.4
tons,0.9,0.0,-0.6,0.0,0.1,0.2
transition,0.0,0.2,0.2,0.0,-0.1,0.0
violent,0.4,-0.2,0.2,0.5,0.1,0.8
voters,0.2,0.0,0.0,0.1,0.1,0.3
wash,-0.2,0.2,-0.1,0.2,0.1,-0.2
acid,0.1,-0.2,0.1,0.4,0.1,0.5
actress,0.0,0.1,0.2,0.3,-0.1,0.3
administrative,0.2,0.2,-0.3,-0.5,0.1,-0.3
alan,0.0,0.0,0.0,0.1,0.2,0.0
alongside,0.0,0.0,0.0,0.0,0.0,0.0
angel,-0.6,0.7,0.3,0.4,0.8,0.1
anxiety,0.3,0.2,0.4,0.4,-0.1,0.5
babies,-0.3,0.2,0.3,0.7,-0.9,0.6
bars,0.6,0.0,-0.3,-0.2,0.2,0.1
bonus,-0.1,0.1,0.5,0.3,-0.4,0.3
castle,0.8,0.0,-0.5,-0.2,0.8,0.1
charity,0.1,0.2,0.1,0.6,0.2,-0.1
clients,0.1,0.0,0.0,-0.1,-0.1,0.0
compare,0.0,0.0,0.1,0.0,0.0,-0.1
contained,0.3,0.0,-0.3,-0.1,0.0,-0.4
cooking,0.1,0.2,-0.1,0.7,0.2,0.1
covering,0.1,0.4,-0.2,0.1,0.0,-0.2
curious,-0.2,0.2,0.4,0.2,0.0,0.1
directors,0.3,0.0,-0.1,-0.2,0.1,0.2
discovery,0.2,0.1,0.3,0.4,0.3,0.5
discussed,0.1,0.1,-0.1,0.1,0.0,0.0
duke,0.4,0.0,-0.2,0.1,0.7,0.2
egypt,0.7,0.0,-0.4,0.7,1.0,0.1
encourage,0.1,0.3,0.3,0.6,0.0,0.3
enforcement,0.5,-0.2,-0.3,-0.3,0.1,0.4
featuring,-0.2,0.1,0.1,0.1,-0.4,0.2
finals,0.3,0.0,0.2,0.0,-0.1,0.5
flash,-0.6,-0.8,0.5,0.3,-0.5,0.7
formal,0.2,0.0,-0.3,-0.4,0.3,-0.2
formula,0.1,-0.1,0.0,-0.3,0.1,-0.2
fort,0.7,0.0,-0.5,0.0,0.6,0.1
governments,0.8,0.2,-0.6,-0.3,0.4,0.2
gray,0.0,0.4,-0.2,-0.4,0.1,-0.5
gross,0.3,0.0,-0.6,0.2,-0.2,0.3
horses,0.6,0.0,0.3,0.6,0.4,0.4
hungry,0.1,0.1,-0.2,0.3,-0.1,0.4
informed,0.1,0.0,0.0,-0.1,-0.2,-0.1
innocent,-0.4,0.4,0.2,0.3,-0.7,-0.4
jeff,0.0,0.0,0.1,0.2,-0.2,0.0
losses,0.5,-0.1,-0.7,-0.5,0.1,0.2
luke,0.0,0.0,0.1,0.3,-0.1,-0.1
mac,-0.1,-0.1,0.2,0.0,-0.4,0.0
math,0.2,-0.1,0.0,-0.6,0.5,-0.3
minds,-0.3,0.3,0.4,0.2,0.2,-0.2
mistakes,0.4,0.0,-0.4,0.2,-0.1,0.3
mystery,0.1,0.5,-0.1,-0.3,0.5,-0.5
networks,-0.2,0.4,0.3,-0.2,-0.6,0.1
olympics,0.6,0.1,0.4,0.3,0.7,0.6
palace,0.8,0.0,-0.4,0.1,0.6,0.1
passes,-0.3,-0.3,0.5,0.0,-0.2,-0.2
penalty,0.5,-0.2,-0.5,-0.3,0.1,0.4
pet,-0.2,0.3,0.3,0.7,-0.3,-0.1
phones,-0.1,0.0,0.1,-0.1,-0.7,0.3
photography,-0.2,0.3,0.1,-0.1,-0.3,-0.2
producing,0.1,0.0,0.1,0.1,-0.2,0.1
protest,0.4,0.2,0.2,0.5,0.1,0.8
publication,0.2,0.4,-0.2,-0.2,0.1,-0.2
rating,-0.1,0.0,0.0,-0.3,-0.4,0.0
refer,-0.1,-0.2,0.0,-0.1,0.0,-0.2
respectively,-0.1,0.1,-0.1,-0.4,-0.1,-0.4
rome,0.8,0.0,-0.5,0.3,0.9,0.2
scheduled,0.0,0.0,-0.2,-0.3,-0.2,-0.2
select,-0.1,-0.3,0.2,-0.2,-0.2,0.0
silent,-0.3,0.4,-0.2,-0.4,0.2,-1.0
spoken,-0.2,0.3,0.2,0.4,0.2,0.3
successfully,0.1,0.2,0.4,0.3,-0.2,0.3
suffer,0.7,0.1,-0.7,0.2,0.3,0.6
temple,0.8,0.0,-0.5,0.2,0.8,-0.5
tracks,0.3,-0.2,0.1,-0.2,0.2,0.3
trail,-0.1,0.4,0.0,0.2,0.3,-0.4
uncle,0.2,0.0,0.1,0.6,0.3,0.1
unusual,-0.1,0.2,0.3,-0.1,-0.1,0.2
waters,0.4,0.1,-0.1,-0.2,0.6,-0.1
woods,0.5,0.3,-0.2,0.1,0.6,-0.4
yo,-0.7,-0.2,0.7,0.4,-0.8,0.4
arrival,0.1,0.1,0.1,0.2,-0.2,0.3
asks,-0.2,0.2,0.2,0.1,-0.1,0.1
assault,0.5,-0.2,-0.2,0.3,0.1,0.8
awareness,-0.3,0.4,0.0,0.2,0.0,-0.3
badly,0.2,0.1,-0.3,-0.2,0.0,0.3
bath,0.3,0.1,-0.2,0.6,0.2,-0.4
captured,0.4,-0.1,-0.4,-0.2,0.1,0.4
chase,-0.1,-0.3,0.5,0.2,-0.2,0.6
components,0.1,-0.1,0.1,-0.4,-0.3,0.0
concrete,0.8,0.0,-0.5,-0.3,0.1,0.2
dave,0.0,0.0,0.1,0.2,0.0,0.0
deeply,0.4,-0.2,-0.2,0.1,0.1,-0.3
expectations,0.2,0.2,0.2,0.0,-0.1,0.1
explanation,0.1,0.2,-0.1,-0.1,0.0,0.0
exposure,0.0,0.2,-0.1,-0.5,-0.1,0.3
featured,0.0,0.0,0.1,0.1,-0.4,0.2
fiction,-0.2,0.3,0.2,0.1,0.2,-0.1
guarantee,0.3,-0.1,-0.2,0.1,0.1,0.2
happiness,-0.4,0.5,0.6,0.7,0.0,0.4
harris,0.0,0.0,0.0,0.0,0.1,0.0
hearts,0.1,0.1,0.3,0.7,0.3,0.3
horrible,0.5,0.0,-0.4,-0.3,0.1,0.6
ideal,-0.3,0.4,0.2,0.2,0.1,-0.1
illinois,0.2,0.0,-0.1,-0.1,0.2,0.0
injuries,0.4,-0.1,-0.5,0.2,-0.1,0.5
islamic,0.3,0.0,-0.2,0.3,0.6,0.1
jimmy,-0.1,0.0,0.3,0.3,-0.2,0.1
kelly,-0.1,0.0,0.2,0.2,-0.2,0.0
legend,0.6,0.0,-0.1,0.3,0.8,0.3
lieutenant,0.3,-0.1,-0.1,-0.2,0.3,0.2
mini,-0.6,-0.2,0.4,0.0,-0.5,-0.2
mood,-0.1,0.4,-0.1,0.2,0.0,-0.4
muscle,0.5,-0.1,0.2,0.4,0.1,0.3
muslims,0.2,0.0,-0.1,0.2,0.6,0.1
passion,0.3,-0.1,0.3,0.9,0.2,0.7
picking,-0.2,0.0,0.2,0.1,-0.2,-0.1
pleased,-0.2,0.2,0.2,0.5,0.0,-0.2
procedure,0.2,0.0,-0.3,-0.5,-0.1,-0.2
producer,0.1,0.0,0.0,-0.1,-0.2,0.1
pushing,0.3,-0.2,0.1,0.2,-0.1,0.4
rank,0.4,-0.1,-0.3,-0.2,0.3,0.2
replacement,0.1,0.0,-0.1,-0.3,-0.4,-0.1
retired,0.2,0.3,-0.4,0.2,0.5,-0.5
roles,0.0,0.0,0.1,0.0,0.0,0.0
sand,0.2,-0.2,-0.8,0.4,0.5,-0.5
savings,0.3,0.1,-0.2,0.2,0.1,-0.2
settled,0.3,0.0,-0.5,0.3,0.3,-0.5
shadow,-0.8,0.6,-0.6,-0.6,0.4,-0.8
singles,-0.2,0.2,0.3,0.1,-0.3,0.2
tag,-0.4,0.3,0.6,0.1,-0.3,0.1
tape,-0.2,0.4,0.1,-0.1,-0.2,-0.3
thread,-0.6,0.6,-0.4,0.2,0.1,-0.6
victoria,0.4,0.0,-0.2,-0.2,0.5,0.2
visiting,-0.1,0.2,0.2,0.3,-0.1,-0.1
wage,0.2,0.0,-0.3,0.0,0.2,0.1
wings,-0.5,0.6,0.4,0.3,0.0,0.1
andy,-0.1,0.0,0.2,0.3,-0.2,0.0
avenue,0.3,0.0,-0.2,0.0,0.2,0.1
bags,0.0,0.3,-0.1,0.0,-0.1,-0.2
beating,0.3,-0.1,0.5,0.4,0.0,0.6
believes,0.1,0.2,0.2,0.4,0.1,0.0
blocks,0.5,0.0,0.2,-0.2,0.1,0.1
boring,0.4,0.1,-0.6,-0.4,0.0,-0.5
charlie,-0.1,0.0,0.3,0.3,-0.1,0.1
checking,-0.1,-0.2,0.1,-0.1,-0.3,-0.2
clock,0.2,0.0,0.1,-0.2,0.3,-0.1
commissioner,0.5,0.0,-0.3,-0.2,0.3,0.3
commitment,0.5,0.0,-0.4,0.3,0.2,0.2
confident,0.2,-0.1,0.3,0.4,-0.1,0.4
containing,0.1,0.0,-0.2,-0.1,-0.1,-0.3
copies,-0.2,0.4,-0.1,-0.3,-0.4,-0.2
crimes,0.4,0.0,-0.5,-0.4,0.2,0.4
custom,0.1,0.0,0.0,0.1,0.4,-0.1
denied,0.3,-0.2,-0.6,-0.5,0.0,0.3
desk,0.4,0.0,0.1,0.2,0.1,-0.3
drinks,-0.1,0.0,0.2,0.2,-0.1,0.1
ear,-0.3,0.1,0.2,0.4,0.0,-0.4
electricity,-0.7,-0.7,0.7,0.5,-0.4,0.8
episodes,-0.1,0.1,0.1,0.0,-0.3,0.1
farmers,0.3,0.0,-0.2,0.5,0.5,0.0
fbi,0.4,-0.2,-0.3,-0.5,-0.2,0.3
grounds,0.4,0.1,-0.4,0.1,0.4,-0.2
gym,0.3,0.0,0.4,0.3,-0.2,0.4
helpful,-0.1,0.2,0.2,0.6,-0.1,0.0
horror,0.6,0.0,-0.4,-0.6,0.3,0.8
iphone,-0.1,-0.2,0.1,-0.4,-0.9,0.1
iraq,0.3,0.0,-0.3,0.7,0.7,0.2
label,-0.5,0.4,-0.2,-0.1,-0.3,-0.4
liverpool,0.3,0.0,0.1,0.2,0.4,0.3
locked,0.5,-0.2,-0.5,-0.4,0.1,0.1
naked,-0.2,0.1,0.1,0.6,0.1,0.2
ny,0.3,-0.1,0.3,0.1,-0.3,0.5
opens,-0.2,0.3,0.3,0.1,-0.1,0.0
output,0.1,0.0,0.0,-0.4,-0.6,0.0
persons,0.1,0.0,0.0,0.3,0.2,-0.1
pitch,0.1,-0.3,0.5,0.1,0.1,0.4
pizza,0.0,0.3,-0.2,0.8,-0.4,0.1
plain,0.2,0.0,-0.3,0.0,0.3,-0.4
pushed,0.3,-0.3,0.2,0.1,-0.1,0.4
raising,0.1,0.3,0.3,0.4,-0.1,0.3
rear,0.2,0.0,0.1,0.1,0.1,0.0
reveal,-0.2,0.3,0.3,0.1,-0.1,0.4
romantic,-0.3,0.4,0.2,0.7,0.2,0.3
scores,0.1,0.0,0.4,0.0,-0.1,0.2
sisters,0.2,0.1,0.2,0.6,0.1,0.2
speaks,-0.1,0.2,0.2,0.2,0.0,0.3
stages,0.4,0.0,0.1,0.1,0.2,0.3
strategic,0.3,-0.2,-0.2,-0.4,0.0,0.1
swimming,-0.1,0.3,0.3,0.2,-0.2,0.2
welfare,0.2,0.2,-0.2,0.3,0.1,-0.1
winners,0.1,0.1,0.6,0.4,-0.2,0.6
wire,-0.2,-0.3,0.5,-0.2,0.1,0.1
worker,0.3,0.0,-0.1,0.3,0.1,0.2
afterwards,-0.1,0.2,0.0,0.0,0.0,-0.3
alright,-0.2,0.1,0.3,0.3,-0.2,0.0
android,0.4,-0.2,0.2,-0.7,-0.8,0.1
anger,0.5,-0.3,-0.3,0.8,0.3,0.8
architecture,0.8,0.0,-0.4,-0.2,0.5,-0.1
assist,-0.1,0.2,0.3,0.3,0.0,0.1
attempted,0.1,0.0,-0.1,0.0,0.0,0.2
behalf,0.0,0.0,0.0,0.1,0.1,-0.2
belt,0.2,0.1,0.1,0.2,0.1,0.1
capture,0.4,-0.2,-0.3,0.1,0.2,0.5
centers,0.3,0.0,0.1,0.0,0.0,0.0
ceremony,0.4,0.3,-0.2,0.4,0.6,0.3
comic,-0.3,0.3,0.7,0.4,-0.3,0.4
cops,0.3,-0.1,0.1,-0.1,0.0,0.5
cuts,-0.2,-0.5,-0.4,-0.2,-0.1,0.4
dallas,0.2,0.0,0.1,0.5,0.0,0.2
designer,-0.1,0.1,0.3,-0.1,-0.4,0.1
diamond,0.6,-0.2,0.7,-0.6,0.7,0.2
disappointed,0.5,-0.3,-0.7,-0.4,0.1,-0.4
dressed,0.1,0.3,0.0,0.3,-0.1,0.0
economics,0.5,0.0,-0.4,-0.5,0.3,-0.2
efficient,0.1,-0.4,0.4,-0.5,-0.5,0.1
electrical,0.0,-0.3,0.5,0.2,-0.4,0.5
employed,0.2,0.0,0.0,0.1,0.0,0.0
enjoying,-0.4,0.3,0.6,0.7,-0.4,0.3
entering,0.1,-0.1,0.1,0.0,-0.2,0.1
essentially,0.0,0.1,0.0,0.0,0.0,-0.2
establishment,0.7,0.0,-0.5,-0.3,0.5,0.1
expecting,0.2,0.2,-0.1,0.2,-0.2,-0.1
explains,0.0,0.0,0.2,0.1,0.0,0.1
flower,-0.5,0.6,-0.2,0.4,0.1,-0.5
ghost,-0.8,0.8,-0.3,-0.8,0.7,-0.6
guests,0.1,0.0,0.2,0.5,0.1,0.2
handed,0.1,0.0,0.0,0.3,0.0,0.0
hockey,0.3,-0.3,0.6,-0.5,-0.1,0.6
houston,0.3,0.1,0.1,0.6,0.1,0.2
hunting,0.4,-0.4,-0.1,0.1,0.7,0.4
industries,0.6,0.0,-0.4,-0.2,0.2,0.4
islam,0.5,0.0,-0.2,0.3,0.7,0.1
jane,0.0,0.0,0.1,0.2,0.1,-0.1
judges,0.5,0.0,-0.3,-0.2,0.4,0.3
kit,-0.2,-0.1,0.4,0.0,-0.1,0.0
lab,0.2,0.0,0.1,-0.4,-0.2,-0.1
languages,0.3,0.2,0.2,0.1,0.6,0.2
maps,-0.1,0.3,0.1,-0.1,0.3,-0.4
min,-0.5,-0.1,0.2,-0.1,-0.4,-0.3
morgan,0.1,0.0,0.0,0.1,0.2,0.0
moscow,0.6,0.0,-0.3,-0.6,0.6,0.2
na,-0.8,-0.1,0.0,0.0,-0.2,-0.5
nervous,-0.2,0.2,0.6,0.2,-0.3,0.3
newly,-0.4,0.2,0.3,0.1,-0.8,-0.1
odd,-0.1,0.1,0.3,-0.1,0.0,0.1
op,-0.3,-0.2,0.1,-0.2,-0.5,0.0
ordinary,0.0,0.0,-0.1,0.0,0.1,-0.3
participate,0.1,0.0,0.2,0.2,-0.1,0.2
philadelphia,0.5,0.0,-0.2,0.1,0.4,0.1
prayer,-0.3,0.6,-0.2,0.5,0.8,-0.6
principles,0.5,0.0,-0.3,-0.1,0.5,0.0
racist,0.4,-0.2,-0.5,-0.5,0.3,0.6
rarely,-0.3,0.3,0.1,-0.2,0.1,-0.4
references,0.1,0.2,-0.1,-0.3,0.2,-0.2
sexy,-0.1,0.1,0.4,0.7,-0.3,0.4
skill,0.2,-0.2,0.3,0.1,0.3,0.1
soil,0.3,0.0,-0.7,0.3,0.6,-0.5
solve,0.1,-0.2,0.3,0.0,-0.1,0.1
stomach,0.2,-0.1,-0.2,0.4,0.2,-0.1
struck,0.4,-0.5,0.1,0.2,0.0,0.7
studying,0.2,0.0,-0.2,-0.1,-0.1,-0.3
suck,-0.1,-0.3,-0.4,0.0,-0.2,0.4
supports,0.4,0.0,-0.1,0.2,0.1,0.1
trash,-0.2,0.4,-0.5,-0.2,-0.3,0.2
ugly,0.3,0.0,-0.5,-0.3,0.1,0.3
vegas,0.1,0.2,0.5,0.5,-0.4,0.6
virus,-0.5,0.1,-0.2,-0.4,0.1,0.5
walker,0.1,0.0,0.1,0.1,0.2,-0.2
whoever,-0.5,0.3,0.1,0.0,0.0,-0.3
amounts,0.1,0.0,-0.1,0.0,0.0,-0.2
anthony,0.1,0.0,0.1,0.2,0.3,0.0
arthur,0.3,0.0,-0.1,0.3,0.6,-0.1
aspect,0.0,0.0,0.0,-0.2,0.1,-0.3
banned,0.4,-0.3,-0.4,-0.3,0.2,0.5
boost,-0.2,-0.3,0.7,0.3,-0.5,0.5
bureau,0.4,0.0,-0.3,-0.3,0.3,-0.1
colonel,0.5,0.0,-0.2,0.1,0.5,0.4
comfort,-0.1,0.4,0.2,0.8,0.1,-0.5
controls,0.3,-0.1,0.1,-0.3,-0.2,0.1
cousin,0.0,0.0,0.2,0.5,0.1,0.1
crack,-0.2,-0.5,0.3,-0.1,0.0,0.6
deck,0.3,0.1,0.2,0.2,0.1,-0.1
demands,0.4,-0.1,-0.4,0.3,0.1,0.6
dies,0.2,-0.3,-0.7,-0.6,0.3,-0.3
dragon,0.8,0.2,0.1,0.8,0.8,0.7
dramatic,0.1,0.2,0.2,0.3,0.0,0.6
dust,-0.8,0.6,-0.8,0.0,0.5,-0.8
dutch,0.0,0.0,0.0,0.1,0.2,-0.1
engineers,0.2,-0.1,0.0,-0.2,0.0,0.0
evolution,0.5,0.3,-0.2,0.1,0.9,0.1
foods,0.0,0.0,-0.2,0.4,-0.1,-0.2
hired,0.1,0.0,0.1,0.0,-0.2,0.1
illness,0.3,0.1,-0.6,0.4,0.2,-0.4
inspiration,-0.5,0.6,0.6,0.5,0.1,0.3
institution,0.7,0.0,-0.5,-0.5,0.5,-0.2
kings,0.6,0.0,-0.1,0.2,0.7,0.3
knife,0.1,-0.6,0.2,-0.4,0.3,0.2
lately,-0.3,0.2,0.0,0.0,-0.7,-0.4
lowest,0.2,-0.2,-0.4,-0.2,0.0,-0.5
memorial,0.6,0.0,-0.6,-0.1,0.6,-0.4
mexican,0.0,0.0,0.1,0.6,0.2,0.2
minority,0.1,0.0,-0.1,0.0,0.1,0.0
mum,0.0,0.1,-0.1,0.7,0.2,-0.5
opinions,-0.1,0.2,0.2,0.1,0.0,0.2
patterns,-0.1,0.1,0.3,-0.1,0.2,-0.2
presents,0.0,0.0,0.4,0.6,-0.3,0.2
priority,0.3,-0.2,-0.2,0.1,-0.1,0.4
promotion,0.1,0.2,0.5,0.3,-0.2,0.3
rail,0.5,-0.3,0.1,-0.3,0.3,0.3
readers,-0.2,0.0,0.0,0.2,0.1,-0.5
remote,-0.3,0.1,0.1,-0.6,0.1,-0.6
repair,0.1,0.0,0.1,0.2,0.0,0.1
root,0.4,0.0,-0.3,0.3,0.6,-0.3
saint,-0.2,0.5,0.1,0.5,0.8,-0.3
steal,-0.1,-0.3,0.2,-0.2,0.1,-0.3
stolen,0.1,-0.2,-0.2,-0.3,0.1,-0.2
telephone,0.2,0.0,0.1,0.1,0.2,0.4
tho,-0.5,0.2,0.1,0.0,-0.6,-0.3
titles,0.0,0.1,0.0,-0.2,0.2,-0.1
trans,-0.2,0.1,0.3,0.1,-0.4,0.1
ups,-0.4,0.3,0.7,0.2,-0.5,0.2
vol,-0.1,0.1,0.0,-0.1,-0.1,0.0
whereas,0.0,0.1,-0.1,-0.1,0.3,-0.2
abandoned,0.5,0.0,-0.6,-0.7,0.6,-0.5
acquired,0.2,0.0,-0.1,-0.1,0.1,0.0
actors,-0.1,0.1,0.2,0.3,0.1,0.3
alexander,0.5,-0.2,-0.1,0.2,0.8,0.4
alliance,0.4,0.0,0.0,0.3,0.4,0.2
annoying,0.1,0.3,0.4,0.2,-0.3,0.5
ap,-0.2,0.0,0.1,0.0,-0.2,0.0
bid,-0.2,-0.2,0.3,-0.1,0.0,0.2
bro,-0.2,0.0,0.5,0.6,-0.6,0.3
buddy,-0.1,0.1,0.6,0.7,-0.2,0.2
buried,0.7,0.0,-0.7,-0.4,0.5,-0.5
butter,0.1,0.1,-0.8,0.4,0.0,-0.4
cares,0.3,0.3,-0.2,0.6,0.1,-0.2
columbia,0.4,0.0,0.0,0.1,0.4,0.1
conclusion,0.5,0.0,-0.4,-0.2,0.2,0.1
confirm,0.2,0.0,0.2,-0.1,-0.2,0.2
congratulations,0.1,0.5,0.6,0.7,0.0,0.8
contracts,0.4,0.3,-0.3,-0.4,0.2,0.0
convinced,0.3,0.0,-0.2,0.1,0.0,0.3
crap,0.1,0.0,-0.7,0.2,-0.3,0.3
crystal,0.3,-0.1,0.4,-0.7,0.3,0.1
dean,0.3,0.0,-0.1,0.0,0.4,0.1
decent,0.0,0.0,0.1,0.2,0.0,-0.1
decline,0.2,-0.2,-0.3,-0.3,0.1,-0.2
delay,0.3,0.4,-0.4,-0.1,0.0,-0.3
describes,0.0,0.0,0.0,0.0,0.0,0.1
desert,0.5,0.1,-0.6,0.8,0.6,-0.6
downtown,0.5,0.0,0.1,0.1,-0.2,0.6
elite,0.2,-0.2,0.1,-0.4,0.2,0.2
enemies,0.5,0.0,-0.2,-0.6,0.3,0.5
forgotten,0.1,0.4,-0.5,-0.5,0.7,-0.7
forth,-0.1,-0.3,0.3,0.0,0.3,0.2
gods,0.8,0.4,0.1,0.3,0.9,0.6
hire,0.0,0.0,0.2,0.1,-0.1,0.2
hop,-0.5,-0.2,0.8,0.2,-0.3,0.1
hopes,-0.4,0.5,0.5,0.6,-0.1,-0.1
insane,0.2,0.1,0.4,0.3,-0.2,0.8
installed,0.4,0.0,-0.3,-0.3,-0.4,-0.1
israeli,0.2,0.0,0.0,0.3,0.2,0.1
landing,0.6,0.3,-0.2,0.0,0.0,0.4
layer,0.2,0.3,-0.2,0.1,0.1,-0.3
managing,0.3,0.0,-0.1,-0.1,-0.2,0.1
marry,0.3,0.2,0.2,0.8,0.4,0.3
nah,-0.4,-0.1,0.3,0.1,-0.6,-0.4
nowhere,-0.6,0.4,-0.4,-0.4,0.0,-0.8
nurse,0.1,0.2,0.1,0.7,0.2,-0.3
obtain,0.1,0.0,0.0,-0.2,0.1,0.0
organic,-0.1,0.3,-0.3,0.5,0.1,-0.2
ownership,0.5,0.0,-0.4,-0.1,0.2,0.1
participants,0.2,0.0,0.1,0.1,-0.2,0.2
pennsylvania,0.5,0.0,-0.1,0.1,0.4,0.0
poetry,-0.3,0.5,0.3,0.4,0.6,-0.4
pot,0.4,0.0,-0.2,0.5,0.3,0.1
pray,-0.1,0.4,-0.3,0.5,0.7,-0.7
printed,0.1,0.3,-0.4,-0.1,-0.2,-0.2
recall,0.1,0.2,0.3,0.0,0.2,0.1
rugby,0.6,-0.1,0.5,0.4,0.2,0.7
sake,-0.2,0.0,0.1,0.1,0.2,-0.1
sheet,-0.4,0.5,-0.2,0.2,0.0,-0.3
signing,-0.1,0.1,-0.1,0.0,0.1,0.1
smooth,-0.2,-0.3,0.3,-0.1,-0.1,-0.4
spiritual,-0.7,0.6,0.2,0.3,0.6,-0.3
stops,0.3,-0.2,-0.4,-0.2,0.0,0.4
string,-0.5,0.3,0.2,0.1,0.1,-0.3
sudden,0.1,-0.3,0.6,0.2,-0.4,0.7
sweden,0.2,0.0,0.0,-0.6,0.3,-0.2
syria,0.3,0.0,-0.2,0.6,0.7,0.3
throwing,0.1,-0.3,0.5,0.2,0.0,0.5
thrown,0.2,-0.3,0.1,0.1,0.0,0.3
vacation,-0.3,0.4,0.3,0.6,-0.2,-0.2
abroad,-0.1,0.1,0.2,0.2,0.1,0.1
arab,0.2,0.0,-0.1,0.7,0.6,0.2
assigned,0.1,0.0,-0.2,-0.3,0.1,0.0
associate,0.0,0.0,0.1,0.1,0.1,0.0
assumed,-0.1,0.1,0.0,-0.1,0.0,-0.2
atlantic,0.8,0.0,-0.3,-0.5,0.8,0.4
bench,0.4,0.0,0.1,0.2,0.2,-0.3
bother,0.1,0.0,0.2,0.1,-0.1,0.2
broadcast,-0.2,0.3,0.4,0.1,-0.2,0.6
bye,-0.6,0.4,0.5,0.3,-0.5,-0.1
cambridge,0.4,0.0,-0.1,-0.1,0.6,-0.2
citizen,0.1,0.0,-0.1,0.1,0.3,0.0
cleaning,-0.2,0.1,0.1,-0.3,-0.2,0.1
compete,0.2,-0.2,0.4,0.4,0.1,0.6
consists,0.0,0.0,0.0,-0.1,0.0,-0.3
consumers,0.1,0.0,-0.1,-0.1,-0.3,0.1
contributed,0.1,0.0,0.1,0.2,0.0,0.0
cricket,-0.5,-0.2,0.6,0.3,0.2,0.2
critics,0.1,-0.2,-0.2,-0.4,0.1,0.3
damaged,0.3,0.1,-0.7,-0.2,0.2,0.4
disaster,0.7,-0.2,-0.5,0.5,0.3,0.9
discover,-0.1,0.2,0.5,0.4,-0.1,0.5
disney,-0.3,0.5,0.7,0.5,-0.4,0.4
entrance,0.3,0.0,-0.2,0.0,0.2,-0.1
equally,0.0,0.0,0.0,0.0,0.0,-0.2
fallen,0.3,0.0,-0.3,-0.2,0.3,-0.1
figured,-0.1,0.0,0.1,0.0,-0.1,-0.2
fitness,-0.1,-0.2,0.5,0.5,-0.4,0.3
francis,0.1,0.0,0.0,0.3,0.5,-0.2
friendship,-0.2,0.4,0.3,0.8,0.3,0.1
gary,0.0,0.0,0.1,0.1,-0.2,0.0
handling,0.1,0.0,-0.1,0.2,0.0,0.0
idiot,0.1,-0.1,0.2,0.2,-0.2,0.6
intense,0.4,-0.4,0.3,0.6,-0.1,0.8
keys,-0.2,-0.3,0.3,-0.2,0.1,0.3
lawyers,0.2,0.0,-0.2,-0.4,0.2,0.3
lifetime,0.5,0.3,-0.1,0.3,0.5,-0.2
liquid,-0.2,-0.1,-0.5,0.0,0.2,0.1
makeup,-0.3,0.4,-0.2,0.3,-0.2,0.2
medal,0.4,-0.1,0.3,0.1,0.2,0.3
mortgage,0.7,0.0,-0.7,-0.3,0.3,0.1
narrative,0.2,0.2,-0.1,0.2,0.3,0.0
narrow,-0.1,-0.3,0.0,-0.2,0.0,-0.1
nba,0.1,-0.1,0.8,0.4,-0.5,0.6
observed,0.0,0.0,-0.2,-0.3,0.1,-0.4
occasionally,-0.3,0.2,0.2,0.0,-0.1,-0.3
pan,0.4,0.1,-0.2,0.5,0.2,0.4
physics,0.5,0.0,0.1,-0.4,0.5,0.2
posting,-0.5,0.2,0.1,0.0,-0.7,0.1
potentially,-0.2,0.2,0.3,0.0,-0.2,0.0
reduction,-0.1,-0.1,-0.4,-0.2,0.0,-0.1
reflect,-0.2,0.3,0.4,-0.3,0.1,-0.4
refuse,0.3,0.0,-0.5,-0.2,0.1,0.5
researchers,0.1,0.0,0.0,-0.1,0.1,-0.2
resource,0.3,0.0,-0.2,0.1,0.2,0.0
roger,0.0,0.0,0.2,0.2,0.1,0.3
ross,0.1,0.0,0.0,0.1,0.1,0.0
sciences,0.4,0.0,0.0,-0.3,0.4,0.1
seattle,0.2,0.2,-0.1,-0.3,-0.1,0.1
serves,0.1,-0.2,0.1,0.1,0.1,0.1
shell,-0.1,0.2,0.3,-0.2,0.4,-0.2
silly,-0.6,0.4,0.7,0.4,-0.4,0.2
subsequent,0.1,0.0,-0.1,-0.2,0.0,-0.2
towns,0.5,0.0,-0.4,0.3,0.4,0.1
translation,0.1,0.1,-0.1,0.0,0.3,-0.2
visible,-0.1,0.1,0.1,0.1,0.0,0.1
yep,-0.4,-0.2,0.6,0.3,-0.5,0.2
adds,0.0,0.0,0.1,0.0,-0.1,0.0
allen,0.1,0.0,0.0,0.1,0.1,0.0
amendment,0.5,0.1,-0.3,0.0,0.4,0.3
angle,0.0,-0.2,0.2,-0.2,0.2,0.0
arizona,0.3,0.1,-0.1,0.8,0.1,0.2
arrive,0.1,0.0,0.2,0.1,-0.1,0.2
belong,0.2,0.0,-0.2,0.5,0.2,-0.1
berlin,0.5,0.0,-0.2,-0.1,0.5,0.3
bishop,0.4,-0.1,-0.3,0.1,0.7,0.2
channels,0.1,-0.1,0.2,0.0,0.1,0.1
clark,0.1,-0.1,0.0,0.1,0.2,0.1
commonly,-0.1,0.0,-0.1,0.0,0.0,-0.2
connect,0.1,-0.1,0.4,0.3,0.0,0.1
defensive,0.4,0.1,-0.4,-0.3,0.0,0.4
designs,-0.1,0.3,0.3,0.1,-0.2,0.1
efficiency,0.0,-0.5,0.2,-0.4,-0.3,0.1
experiment,0.2,0.0,0.3,-0.1,-0.1,0.3
feb,-0.2,0.0,0.0,-0.5,0.1,-0.1
females,0.1,0.0,0.0,0.2,0.3,0.0
findings,0.1,0.2,-0.2,0.0,0.1,-0.1
firms,0.4,0.0,-0.2,-0.2,0.2,0.1
forum,0.3,0.1,-0.1,0.2,0.5,0.3
gifts,-0.1,0.2,0.3,0.6,-0.1,0.2
grass,-0.3,0.3,0.1,0.3,0.1,-0.3
hence,0.0,0.0,0.0,0.0,0.3,-0.2
increasingly,0.2,0.0,0.1,0.0,-0.2,0.2
incredibly,0.1,0.1,0.4,0.2,-0.3,0.6
jay,-0.4,0.4,0.5,0.2,0.0,0.3
journalist,0.1,0.0,0.0,0.1,-0.1,0.3
kicked,0.2,-0.3,0.7,0.1,-0.2,0.6
lessons,0.2,0.1,-0.1,0.1,0.2,-0.1
lists,0.1,0.2,-0.2,-0.1,0.0,-0.2
maintained,0.3,0.0,-0.3,0.0,0.2,-0.2
mill,0.6,0.0,-0.4,0.2,0.5,0.4
mo,-0.3,-0.1,0.3,0.1,-0.4,-0.2
occasion,0.2,0.2,0.2,0.3,0.1,0.2
oxford,0.4,0.0,-0.1,0.0,0.7,-0.1
pace,-0.1,-0.2,0.4,0.1,-0.1,0.2
passenger,0.2,0.0,-0.1,0.1,0.0,-0.2
pen,-0.3,-0.2,0.2,0.0,0.1,-0.3
pope,0.5,0.3,-0.2,0.2,0.8,0.2
possession,0.4,0.0,-0.4,0.1,0.2,0.1
pp,-0.1,0.2,0.0,0.0,0.0,-0.3
races,0.2,-0.4,0.5,0.3,0.1,0.6
rapid,-0.1,-0.5,0.6,0.1,-0.2,0.5
regulation,0.4,0.1,-0.5,-0.3,0.2,-0.2
resident,0.2,0.0,-0.2,0.2,0.1,-0.2
rocks,0.7,0.0,-0.3,-0.1,0.7,0.2
shaped,0.2,0.0,0.1,0.1,0.1,0.0
sixth,0.0,0.0,-0.1,-0.1,0.0,-0.1
spin,-0.2,0.0,0.7,0.1,-0.2,0.3
styles,-0.1,0.2,0.3,0.2,-0.2,0.1
subjects,0.3,0.0,-0.2,-0.1,0.2,-0.1
sucks,0.1,-0.2,-0.3,0.0,-0.3,0.5
suitable,0.1,0.0,0.1,0.2,0.0,-0.3
thirty,0.1,0.0,0.0,0.0,0.1,-0.1
valid,0.3,0.0,-0.2,-0.2,0.1,-0.1
vital,0.2,-0.1,0.3,0.5,0.0,0.5
whilst,0.0,0.1,-0.1,0.0,0.5,-0.3
agriculture,0.5,0.0,-0.4,0.4,0.6,-0.2
alleged,0.2,0.2,-0.2,-0.2,0.1,0.1
anna,-0.1,0.1,0.2,0.4,0.2,-0.1
atlanta,0.3,0.0,0.1,0.5,0.1,0.2
bands,0.3,0.1,0.4,0.3,0.1,0.6
christians,0.3,0.1,-0.2,0.3,0.8,0.1
collect,0.1,0.0,0.2,0.1,0.0,-0.1
commerce,0.4,0.0,-0.3,0.1,0.4,0.1
cop,0.3,0.0,0.1,0.1,0.1,0.5
creek,-0.1,-0.2,0.2,0.2,0.4,-0.2
currency,0.1,0.3,0.2,-0.1,0.2,0.1
emotions,0.3,0.3,0.4,0.5,0.5,0.6
exhibition,0.2,0.2,-0.1,0.1,0.1,0.3
fraud,0.1,-0.1,-0.4,-0.4,0.1,0.2
funeral,0.7,0.1,-0.7,-0.5,0.4,-0.4
genuine,0.2,0.0,0.1,0.4,0.2,0.1
gordon,0.2,0.0,0.0,0.1,0.2,0.0
honey,0.4,0.5,-0.8,0.7,0.3,-0.3
honour,0.5,0.0,0.1,0.3,0.6,0.2
hook,0.2,-0.3,0.1,-0.3,0.3,0.2
hunter,0.4,-0.2,-0.1,0.2,0.5,0.3
immigrants,0.3,0.0,0.1,0.2,0.3,0.2
improving,-0.2,0.2,0.5,0.3,-0.4,0.2
instructions,0.1,0.2,-0.3,-0.2,0.0,0.0
introduce,-0.1,0.0,0.2,0.2,-0.2,0.2
kansas,0.3,0.1,-0.1,0.3,0.2,0.0
km,-0.2,0.0,0.0,-0.3,-0.2,-0.2
lands,0.7,0.0,-0.5,0.2,0.6,0.1
legacy,0.6,0.1,-0.2,0.4,0.7,0.1
log,0.6,0.0,-0.3,0.3,0.3,-0.2
matthew,0.2,0.0,0.0,0.2,0.3,0.0
merely,-0.5,0.3,0.1,-0.1,0.0,-0.5
monitor,0.3,0.0,-0.2,-0.3,-0.4,-0.1
nov,0.0,0.0,0.0,-0.4,0.1,-0.3
patrick,0.2,0.0,0.1,0.3,0.3,0.1
phil,0.1,0.0,0.1,0.2,0.2,0.0
prisoners,0.5,0.1,-0.5,-0.4,0.3,0.1
programming,0.1,0.0,0.3,-0.4,-0.7,-0.2
publishing,0.2,0.2,-0.1,0.0,0.2,0.0
ratio,-0.2,-0.1,0.2,-0.4,0.2,-0.3
regret,0.6,0.2,-0.6,-0.3,0.4,-0.3
rejected,0.3,-0.2,-0.5,-0.5,0.0,0.4
remind,-0.1,0.1,0.2,0.1,0.1,0.0
resort,0.3,0.1,0.2,0.5,-0.1,0.1
resulted,0.1,0.0,-0.2,-0.1,0.0,0.0
reverse,0.2,-0.1,0.4,-0.1,0.0,0.2
routine,0.3,0.0,-0.4,-0.1,0.2,-0.4
scary,0.2,-0.2,0.2,-0.5,-0.1,0.6
seed,-0.4,0.5,0.2,0.3,0.5,-0.5
settle,0.3,0.3,-0.4,0.3,0.3,-0.4
sin,0.5,-0.2,-0.5,0.4,0.8,0.3
spell,-0.1,0.3,0.3,0.2,0.6,0.2
summary,0.0,0.2,-0.2,-0.2,0.0,-0.2
survival,0.6,0.1,0.1,0.4,0.8,0.5
sword,0.6,-0.5,0.2,-0.3,0.6,0.4
tongue,-0.1,0.1,-0.4,0.6,0.5,0.1
ward,0.4,0.0,-0.3,-0.2,0.4,-0.2
waves,0.5,0.2,0.3,-0.1,0.8,0.5
wayne,0.2,0.0,0.0,0.1,0.2,0.0
achievement,0.5,0.1,0.3,0.5,0.2,0.4
anderson,0.1,0.0,0.1,0.2,0.1,0.0
argued,0.2,-0.1,0.2,0.3,0.0,0.6
asleep,-0.2,0.4,-0.4,0.4,0.0,-0.8
austin,0.2,0.0,0.1,0.4,-0.1,0.1
automatic,0.3,0.0,0.3,-0.5,-0.4,0.2
begun,0.0,0.0,0.1,0.1,-0.2,0.2
behaviour,0.1,0.0,0.0,0.0,0.1,0.1
cents,-0.2,-0.2,0.5,-0.2,0.1,0.1
coat,0.1,0.3,-0.3,0.6,0.1,-0.3
comprehensive,0.4,0.1,-0.2,-0.1,0.1,0.1
consent,0.1,0.0,0.0,0.3,0.1,-0.2
daddy,0.1,0.0,0.2,0.7,-0.3,0.3
destruction,0.7,-0.1,-0.5,0.5,0.2,0.9
diego,0.1,0.0,0.1,0.4,0.0,0.1
diseases,0.3,0.2,-0.6,0.4,0.3,0.4
divorce,0.6,-0.2,-0.4,-0.5,0.2,0.5
doc,0.0,0.2,0.2,0.3,0.0,0.1
drove,0.4,-0.2,0.1,0.2,-0.1,0.4
ears,-0.2,0.1,0.1,0.3,0.2,-0.2
engage,0.2,0.0,0.3,0.2,0.0,0.3
extraordinary,0.3,0.2,0.4,0.3,0.1,0.7
fate,0.8,0.0,-0.7,-0.2,0.8,0.2
frequency,-0.3,0.3,0.6,-0.3,-0.4,0.3
gaming,-0.2,0.1,0.6,0.1,-0.7,0.4
gene,-0.6,0.4,0.1,0.1,0.7,-0.2
glory,0.5,0.4,0.2,0.7,0.5,0.7
headquarters,0.6,0.0,-0.2,-0.3,0.1,0.2
heritage,0.5,0.0,-0.3,0.4,0.8,-0.1
initiative,0.1,-0.1,0.3,0.2,-0.4,0.3
interviews,0.1,0.0,0.0,0.1,-0.1,0.2
jean,0.0,0.2,0.0,0.2,-0.2,-0.1
juice,-0.1,-0.1,-0.4,0.2,-0.4,0.1
landscape,0.7,0.2,-0.4,0.1,0.6,-0.4
logic,0.2,-0.2,0.1,-0.7,0.4,-0.3
meets,0.0,0.0,0.2,0.2,-0.1,0.1
melbourne,0.3,0.0,0.0,0.3,0.1,0.1
microsoft,0.3,0.0,0.1,-0.4,-0.6,0.1
objective,0.1,-0.3,0.0,-0.5,0.1,-0.2
organisation,0.4,0.1,-0.2,-0.2,0.1,0.0
privacy,-0.1,0.3,-0.2,0.2,0.1,-0.7
procedures,0.3,0.0,-0.3,-0.5,0.2,-0.2
profits,0.2,0.0,0.3,0.1,0.1,0.3
reducing,-0.3,-0.1,0.0,-0.2,-0.1,-0.2
regard,0.0,0.0,0.0,0.2,0.2,-0.3
representing,0.2,0.0,0.0,0.0,0.0,0.1
residence,0.4,0.0,-0.3,0.5,0.2,-0.3
roughly,0.1,0.2,-0.2,0.0,-0.1,0.2
salary,0.2,0.1,0.1,0.2,0.1,0.0
scoring,-0.1,-0.2,0.4,0.1,-0.3,0.3
script,-0.2,0.3,0.1,-0.2,0.1,-0.3
searching,0.1,0.2,0.2,0.1,-0.1,0.2
sections,0.2,-0.1,0.0,-0.2,0.0,-0.2
strip,-0.3,0.4,0.1,0.0,-0.2,0.2
surrounded,0.5,0.1,-0.3,-0.1,0.1,0.3
threatened,0.4,-0.1,-0.2,-0.3,0.0,0.6
transferred,0.1,-0.2,0.2,-0.1,-0.1,0.0
tube,0.0,-0.1,0.4,-0.1,-0.2,-0.2
universities,0.6,0.0,-0.1,0.2,0.5,0.1
walter,0.2,0.0,0.0,0.2,0.3,0.0
wisconsin,0.3,0.0,0.1,-0.2,0.2,0.0
writes,-0.2,-0.2,0.1,0.1,0.1,-0.3
ambassador,0.5,0.0,0.0,0.1,0.4,0.2
ann,-0.1,0.0,0.1,0.3,0.2,-0.1
apps,-0.6,-0.3,0.5,-0.4,-0.8,0.1
awarded,0.3,0.1,0.2,0.4,0.2,0.4
banking,0.5,0.0,-0.2,-0.5,0.3,0.1
breast,0.1,0.2,0.2,0.7,0.1,0.1
cant,-0.2,-0.1,0.3,-0.1,0.0,0.3
carter,0.2,0.0,0.1,0.2,0.2,0.0
chelsea,0.1,0.0,0.2,0.2,-0.1,0.1
chemistry,0.2,0.1,0.3,0.2,0.3,0.3
concluded,0.4,-0.2,-0.5,-0.3,0.1,-0.1
consumption,0.3,0.0,-0.2,0.2,0.1,0.2
corruption,0.6,0.0,-0.6,-0.3,0.4,0.4
cotton,-0.5,0.5,-0.4,0.5,0.2,-0.6
crossed,0.1,-0.3,0.2,0.0,0.1,0.2
detroit,0.6,-0.1,-0.2,0.1,0.2,0.3
discount,-0.2,-0.2,0.2,-0.2,-0.3,0.1
dozen,0.2,0.0,0.1,0.1,0.2,0.0
engines,0.8,-0.1,0.1,0.7,0.1,0.7
epic,0.7,0.2,0.2,0.3,0.7,0.6
exception,-0.1,-0.1,0.4,-0.2,-0.1,0.2
exit,-0.1,-0.4,0.2,-0.3,-0.2,0.2
expand,0.1,0.4,0.6,0.2,-0.2,0.3
fancy,-0.3,0.3,0.3,0.3,0.1,0.2
gorgeous,0.1,0.2,0.3,0.6,-0.1,0.5
grateful,0.2,0.2,0.1,0.8,0.1,-0.1
heroes,0.5,0.2,0.3,0.5,0.5,0.6
holes,-0.6,-0.5,-0.2,-0.4,0.1,-0.3
impression,0.2,0.0,-0.3,0.1,0.1,0.0
inches,-0.3,-0.2,0.1,-0.1,0.1,-0.4
indicate,-0.1,-0.3,0.1,-0.3,0.0,-0.2
input,-0.2,-0.2,0.2,-0.4,-0.6,-0.1
johnny,-0.1,0.0,0.3,0.4,-0.2,0.2
josh,-0.1,0.0,0.3,0.3,-0.3,0.1
knock,0.3,-0.3,0.2,0.1,0.1,0.5
leather,0.3,0.2,-0.1,0.5,0.4,-0.1
lips,-0.2,0.1,0.3,0.6,0.0,-0.2
luxury,0.3,0.3,0.1,0.5,0.2,0.3
lyrics,-0.3,0.4,0.4,0.3,0.2,0.3
manufacturers,0.5,0.0,-0.2,-0.3,-0.1,0.3
masters,0.4,0.0,0.1,0.1,0.5,0.4
movements,0.2,0.1,0.3,0.1,-0.1,0.2
oct,-0.1,0.0,0.0,-0.2,0.0,-0.2
operated,0.3,0.0,-0.1,-0.2,-0.1,0.1
ought,0.1,0.0,0.0,0.0,0.2,0.0
outcome,0.2,0.0,0.1,0.0,-0.1,0.1
painted,0.0,0.1,-0.3,0.3,0.1,0.0
poll,0.0,0.2,0.2,-0.1,-0.2,-0.1
preferred,0.0,0.0,0.1,0.2,-0.1,-0.2
pulling,0.3,-0.1,0.1,0.2,-0.1,0.3
ranked,0.1,0.0,0.0,-0.2,-0.1,0.1
referring,-0.1,0.0,0.0,0.0,-0.1,-0.2
removal,0.2,0.0,-0.2,-0.2,-0.1,0.1
rep,-0.2,-0.1,0.3,0.0,-0.4,0.2
reporter,0.1,0.0,0.2,0.1,-0.1,0.3
rio,0.1,0.1,0.4,0.7,0.2,0.4
risks,0.1,-0.1,0.5,0.1,-0.1,0.5
rob,0.2,-0.2,-0.1,0.0,0.1,0.5
screaming,-0.1,-0.2,0.4,0.4,-0.2,0.9
sept,-0.1,0.0,0.0,-0.2,0.0,-0.2
sequence,0.1,0.0,0.1,-0.4,-0.1,-0.1
singapore,0.3,0.0,0.2,0.6,-0.2,0.2
stretch,-0.1,0.2,0.7,0.2,-0.1,0.1
tear,-0.3,-0.2,0.2,0.2,0.0,0.4
tennis,-0.2,0.1,0.8,0.2,0.1,0.3
terrorist,0.4,0.0,-0.4,0.2,0.1,0.8
theater,0.4,0.0,0.1,0.3,0.5,0.3
ties,-0.2,0.3,0.2,0.1,0.1,-0.1
twelve,0.1,0.0,0.1,0.0,0.1,0.0
versions,0.0,0.0,0.2,-0.2,-0.3,-0.1
virgin,-0.1,0.1,0.1,0.2,0.3,-0.2
voices,-0.4,0.4,0.3,0.4,0.1,0.4
wishes,-0.6,0.6,0.4,0.3,0.1,-0.4
wolf,0.4,-0.2,0.2,0.3,0.6,0.6
absence,-0.7,0.3,-0.5,-0.6,0.1,-0.8
agricultural,0.5,0.0,-0.3,0.4,0.5,0.0
asshole,0.3,0.0,-0.3,0.3,-0.2,0.6
ate,0.1,0.0,-0.2,0.3,0.0,0.1
athletes,0.3,-0.2,0.6,0.4,-0.1,0.4
bears,0.7,0.0,0.0,0.5,0.5,0.6
blues,0.1,0.2,0.2,0.3,0.3,0.1
boxes,0.1,0.2,0.2,0.0,-0.1,-0.1
bruce,0.2,0.0,0.1,0.1,0.2,0.2
bull,0.8,0.0,0.1,0.4,0.4,0.7
cameras,0.2,0.0,-0.2,-0.2,-0.4,0.0
commonwealth,0.6,0.0,-0.2,0.1,0.6,0.2
contribute,0.1,0.0,0.1,0.2,0.0,0.1
contribution,0.3,0.0,0.0,0.2,0.1,0.1
contributions,0.3,0.0,0.0,0.2,0.1,0.1
couples,0.1,0.0,0.2,0.4,0.0,0.1
delicious,0.0,0.2,0.1,0.5,-0.2,0.2
deny,0.2,-0.1,-0.2,-0.3,0.0,0.4
deserves,0.1,0.0,0.0,0.1,0.1,0.1
ease,-0.5,0.4,0.3,0.3,0.0,-0.6
extend,0.1,-0.1,0.4,0.0,-0.1,0.1
fame,-0.2,0.3,0.3,0.2,0.1,0.6
flood,0.7,-0.2,-0.5,-0.1,0.2,0.7
generated,0.0,0.0,0.1,-0.1,-0.6,0.1
genetic,0.1,0.0,0.0,-0.2,0.5,0.0
glasses,0.1,0.0,0.2,-0.2,0.0,-0.1
impressed,0.2,-0.1,0.1,0.3,-0.1,0.3
indicated,0.0,-0.2,0.0,-0.2,0.0,-0.2
instant,-0.6,-0.5,0.7,0.1,-0.8,0.3
investors,0.3,0.0,-0.1,-0.3,0.1,0.2
involves,0.1,0.0,0.0,0.0,0.0,0.0
kate,-0.1,0.0,0.2,0.3,-0.2,0.1
kills,0.4,-0.4,-0.6,-0.5,0.1,0.8
liberty,0.3,0.4,0.3,0.4,0.4,0.5
maria,0.0,0.0,0.2,0.5,0.1,0.2
ministers,0.4,0.0,-0.2,0.0,0.3,0.2
monitoring,0.1,0.0,-0.1,-0.4,-0.5,-0.3
occurs,0.0,0.0,0.0,0.0,0.0,-0.2
passengers,0.3,0.0,0.1,0.1,0.0,0.1
photographs,-0.1,0.3,-0.1,0.2,0.3,-0.3
principle,0.5,0.0,-0.1,0.0,0.4,0.1
producers,0.2,0.0,0.1,0.1,0.0,0.2
progressive,0.0,-0.2,0.4,0.2,-0.5,0.3
punishment,0.6,-0.2,-0.5,-0.4,0.4,0.6
rally,0.3,0.2,0.5,0.4,0.0,0.8
rapidly,-0.4,-0.6,0.6,0.2,-0.4,0.5
reader,0.0,0.0,0.1,0.3,0.1,-0.5
representation,0.3,0.0,0.0,0.0,0.2,0.1
restaurants,0.2,0.0,0.1,0.4,0.1,0.3
reveals,-0.1,0.2,0.3,0.1,-0.1,0.4
roots,0.4,0.0,-0.3,0.2,0.7,-0.4
samples,-0.1,0.0,0.1,-0.2,-0.2,-0.3
shops,0.2,0.0,0.2,0.3,0.2,0.2
sum,0.3,0.0,-0.1,0.0,0.2,0.0
swing,0.1,0.1,0.8,0.2,-0.1,0.3
tail,-0.2,0.2,0.5,0.3,0.1,0.0
texts,-0.2,0.1,0.0,-0.1,-0.3,-0.4
twin,0.1,0.0,0.4,0.2,0.0,0.1
upcoming,-0.2,0.1,0.3,0.1,-0.8,0.2
veterans,0.4,0.0,-0.2,0.2,0.6,0.1
alert,-0.2,-0.3,0.6,0.2,-0.3,0.7
arena,0.6,0.0,0.2,0.2,0.5,0.7
arguments,0.3,0.0,-0.2,0.3,0.1,0.6
aug,0.0,0.0,0.0,0.3,0.2,-0.2
billy,0.0,0.0,0.3,0.3,-0.3,0.2
boom,0.4,-0.3,0.3,0.2,-0.2,0.9
boots,0.4,0.0,0.1,0.3,0.2,0.2
brave,0.2,0.0,0.2,0.4,0.1,0.4
claiming,0.1,0.0,-0.2,0.0,0.0,0.3
column,0.7,0.0,-0.2,-0.2,0.6,-0.1
commit,0.3,0.0,-0.3,0.1,0.1,0.2
compensation,0.2,0.1,-0.4,-0.2,0.1,0.0
composition,0.2,0.0,0.0,0.0,0.2,0.0
computers,0.3,0.0,-0.2,0.1,-0.7,0.0
conservation,0.3,0.1,-0.1,0.2,0.3,-0.2
constitutional,0.6,0.0,-0.5,-0.2,0.5,0.1
crossing,0.1,0.0,0.2,0.0,0.0,0.1
defending,0.4,0.1,-0.2,0.1,0.2,0.4
density,0.8,0.0,-0.5,-0.1,0.1,-0.1
difficulty,0.5,0.2,-0.4,-0.2,0.0,0.2
dropping,0.1,-0.2,0.1,-0.1,-0.1,0.1
drops,-0.3,-0.3,0.3,0.1,0.0,-0.2
elementary,-0.1,0.2,0.2,0.1,0.1,-0.2
ethnic,0.2,0.0,-0.1,0.3,0.5,0.1
expenses,0.3,0.0,-0.3,-0.3,0.0,0.1
fleet,0.5,-0.4,0.2,-0.1,0.3,0.3
foster,0.1,0.2,0.1,0.6,0.2,-0.1
fuckin,0.2,-0.2,0.3,0.4,-0.3,0.8
fundamental,0.6,0.0,-0.4,0.0,0.4,0.1
gen,-0.2,0.1,0.2,-0.1,-0.5,0.0
genius,0.1,0.3,0.4,0.3,0.2,0.4
greatly,0.2,0.2,0.1,0.2,0.1,0.3
guidance,0.1,0.3,0.1,0.5,0.3,-0.3
hospitals,0.5,0.0,-0.3,-0.3,0.2,0.2
infection,0.3,0.2,-0.6,0.7,0.1,0.5
instagram,-0.4,0.3,0.2,0.2,-0.9,0.1
intention,0.1,-0.2,0.0,0.2,0.0,-0.1
iowa,0.3,0.0,-0.2,0.2,0.3,-0.2
jokes,-0.3,0.3,0.7,0.5,0.0,0.4
knee,0.2,0.0,0.1,0.3,0.2,0.0
mechanical,0.5,0.0,-0.1,-0.5,0.1,0.3
nigeria,0.4,0.0,0.0,0.7,0.4,0.3
parks,0.1,0.3,0.2,0.4,0.2,-0.3
participation,0.2,0.1,0.1,0.2,0.0,0.1
periods,0.1,-0.1,-0.2,0.1,0.1,-0.1
precious,-0.1,0.3,0.2,0.5,0.3,-0.1
pregnancy,0.6,0.2,-0.3,0.8,0.4,0.2
premium,0.2,0.2,0.1,0.1,-0.2,0.2
preparing,0.2,0.0,0.0,0.2,0.0,0.1
pretend,-0.3,0.4,0.4,0.1,-0.4,-0.2
priest,0.4,0.2,-0.3,0.2,0.7,-0.2
prominent,0.4,0.1,-0.1,0.1,0.2,0.3
proven,0.5,0.0,-0.4,0.0,0.3,0.1
radical,0.1,-0.3,0.5,0.4,-0.2,0.7
remembered,0.3,0.4,-0.2,0.4,0.5,-0.3
requested,0.0,0.1,-0.2,0.1,0.0,0.1
residential,0.3,0.0,-0.4,0.3,0.1,-0.3
reward,0.2,0.2,0.3,0.5,0.1,0.3
rings,0.3,0.1,0.4,0.2,0.3,0.2
robin,-0.4,0.5,0.3,0.6,0.1,-0.2
russell,0.1,0.0,0.0,0.1,0.2,0.0
satellite,0.6,0.3,-0.2,-0.6,-0.4,-0.2
shake,0.1,0.0,0.5,0.1,0.0,0.6
shore,0.5,0.0,-0.3,0.2,0.5,-0.2
spots,-0.3,0.1,0.2,0.0,0.0,0.1
stats,-0.2,0.0,0.1,-0.3,-0.5,-0.1
struggling,0.5,0.3,-0.5,0.2,0.1,0.5
substantial,0.7,0.0,-0.4,0.1,0.2,0.3
teen,-0.2,0.0,0.5,0.3,-0.7,0.4
temperatures,0.0,0.3,0.0,0.0,0.0,0.0
transmission,0.3,0.2,0.1,-0.1,-0.3,0.2
trap,0.4,-0.3,-0.3,-0.2,0.2,0.4
uniform,0.2,0.3,-0.1,-0.1,0.2,-0.2
wildlife,0.3,0.2,0.2,0.4,0.4,0.2
wooden,0.3,0.1,0.2,0.3,0.3,-0.2
ads,-0.4,0.4,0.3,-0.2,-0.6,0.4
aggressive,0.4,-0.3,0.2,0.4,0.0,0.7
anne,0.0,0.0,0.1,0.2,0.3,-0.2
answered,0.1,0.0,0.2,0.2,0.0,0.2
apparent,-0.1,0.1,0.1,0.0,0.0,0.0
bang,0.3,-0.2,0.6,0.2,0.0,0.9
blast,0.6,-0.4,0.4,0.6,0.0,0.9
bones,0.3,0.0,0.0,-0.3,0.7,-0.2
brands,0.0,0.0,0.2,-0.2,-0.5,0.2
centuries,0.8,0.4,-0.5,0.1,0.9,-0.3
communist,0.5,0.0,-0.4,0.2,0.4,0.5
complaint,0.2,0.1,-0.2,0.1,0.0,0.3
component,0.2,0.0,0.1,-0.3,-0.2,-0.2
connections,0.1,0.2,0.2,0.3,0.1,0.1
courage,0.6,0.0,0.3,0.6,0.4,0.4
cure,0.1,0.0,0.2,0.5,0.2,0.2
del,-0.1,0.0,0.0,0.0,0.0,-0.1
desperate,0.4,0.2,-0.2,0.3,0.0,0.7
diversity,0.2,0.2,0.3,0.3,0.1,0.1
duties,0.5,0.0,-0.3,-0.1,0.3,0.1
encouraged,0.1,0.3,0.4,0.6,0.0,0.3
eve,-0.1,0.2,0.1,0.4,0.6,-0.3
faculty,0.4,0.0,-0.2,0.0,0.4,-0.1
feedback,-0.1,0.1,0.5,-0.1,-0.4,0.4
fighter,0.5,-0.3,0.2,0.3,0.1,0.7
frozen,0.3,0.0,-0.2,-0.9,0.2,-0.3
guards,0.6,0.0,-0.2,-0.1,0.3,0.3
hiding,-0.2,0.1,-0.1,-0.1,0.0,-0.6
humanity,0.6,0.1,0.1,0.5,0.8,0.2
ian,0.0,0.0,0.1,0.1,0.1,-0.1
il,0.0,0.0,0.0,0.0,0.0,0.0
innovation,-0.2,0.1,0.4,0.2,-0.8,0.3
instruments,0.3,0.0,0.1,-0.1,0.1,0.2
invest,0.2,0.0,-0.1,-0.1,-0.1,0.1
jacket,0.1,0.3,-0.2,0.5,0.0,-0.1
justin,0.0,0.0,0.2,0.2,-0.3,0.1
legislative,0.4,0.0,-0.4,-0.3,0.2,0.2
listing,-0.1,0.2,-0.1,-0.1,-0.2,-0.2
manual,0.3,0.1,-0.3,0.0,0.1,-0.2
mothers,0.3,0.1,-0.1,0.8,0.3,0.1
murdered,0.7,0.0,-0.7,-0.5,0.1,0.7
nursing,0.1,0.1,-0.2,0.6,0.0,-0.2
occupied,0.4,0.0,-0.5,-0.2,0.1,0.1
ongoing,0.1,0.1,0.1,0.0,-0.2,0.0
operator,0.2,0.0,-0.1,-0.1,0.0,0.1
painful,0.5,-0.2,-0.5,0.4,0.0,0.6
pound,0.6,0.0,0.2,0.0,0.2,0.6
preparation,0.1,0.0,-0.1,0.1,-0.1,0.0
punch,0.4,-0.4,0.3,0.2,-0.1,0.7
purple,0.1,0.1,0.1,0.3,0.2,0.2
railroad,0.8,0.0,-0.4,-0.1,0.4,0.5
registration,0.2,0.2,-0.3,-0.2,-0.1,-0.1
releases,-0.2,0.3,0.5,0.1,-0.3,0.2
rick,0.1,0.0,0.1,0.1,0.1,0.0
romance,-0.1,0.3,0.2,0.7,0.3,0.3
submitted,0.2,0.0,-0.3,-0.2,-0.1,-0.2
sufficient,0.1,0.0,-0.1,0.0,0.0,-0.1
survived,0.5,0.0,0.1,0.3,0.2,0.4
suspended,0.0,0.7,0.3,-0.2,0.0,-0.1
technologies,0.2,-0.1,0.2,-0.3,-0.7,0.2
tissue,-0.6,0.6,-0.5,0.1,-0.2,-0.5
trailer,0.6,0.0,-0.3,0.0,-0.2,0.2
trends,-0.3,0.2,0.4,0.1,-0.8,0.1
trials,0.5,0.0,-0.2,-0.3,0.3,0.3
ukraine,0.4,0.0,-0.2,0.1,0.3,0.3
underground,0.7,0.0,-0.5,-0.2,0.4,0.1
versus,0.0,-0.1,0.2,-0.1,0.1,0.3
virtual,-0.7,0.5,0.1,-0.5,-0.8,-0.2
walks,0.1,0.0,0.2,0.1,0.0,0.0
wounded,0.5,-0.1,-0.6,0.3,0.1,0.5
ali,0.0,0.1,0.2,0.2,0.1,0.1
amongst,0.1,0.2,-0.1,0.1,0.5,-0.2
announcement,0.2,0.1,0.1,0.0,-0.2,0.5
arranged,0.2,0.0,-0.2,0.0,0.1,-0.2
arsenal,0.8,0.0,-0.2,0.1,0.4,0.7
attending,0.1,0.0,-0.1,0.1,-0.1,-0.1
attracted,0.1,-0.2,0.3,0.4,-0.1,0.3
biological,0.2,0.0,-0.1,0.2,0.5,0.0
bite,0.2,-0.5,0.1,0.2,0.0,0.6
blocked,0.6,0.0,-0.7,-0.3,0.0,0.3
boards,0.2,0.2,0.2,0.2,0.1,0.0
burned,-0.4,0.5,-0.7,0.9,0.2,0.5
categories,0.0,0.0,0.0,-0.2,-0.1,-0.2
checks,-0.4,0.2,-0.4,0.0,-0.2,0.0
chip,-0.5,-0.1,0.3,0.0,-0.3,0.2
concerning,0.3,0.1,-0.3,-0.2,0.0,0.1
dare,-0.2,-0.2,0.5,0.4,0.0,0.6
database,0.2,0.0,-0.2,-0.5,-0.7,-0.3
define,0.2,-0.1,-0.2,-0.2,0.0,0.2
discrimination,0.6,0.0,-0.5,-0.6,0.4,0.4
disorder,-0.2,0.3,0.3,0.3,0.0,0.6
distributed,-0.3,0.3,0.1,-0.3,-0.4,-0.2
districts,0.4,0.0,-0.3,0.0,0.3,0.0
documentary,0.1,0.1,-0.3,0.0,-0.3,-0.3
domain,0.5,0.0,0.0,-0.2,0.2,0.1
dynamic,-0.3,-0.3,0.7,0.5,-0.5,0.6
edited,-0.3,-0.2,-0.2,-0.3,-0.2,-0.4
engagement,0.3,0.0,0.2,0.6,0.2,0.3
explore,-0.2,-0.2,0.4,0.3,0.3,0.2
favour,-0.2,0.1,0.2,0.5,0.3,-0.2
fewer,-0.4,0.1,0.0,-0.3,0.0,-0.4
footage,-0.1,0.3,-0.4,0.0,-0.2,-0.3
giants,0.9,0.0,-0.5,0.2,0.8,0.7
grave,0.8,0.0,-0.7,-0.7,0.6,-0.8
hamilton,0.3,0.0,0.1,0.1,0.4,0.1
implementation,0.4,0.0,-0.4,-0.4,-0.5,-0.2
indiana,0.3,0.0,-0.2,0.2,0.2,-0.2
investigate,0.1,-0.2,-0.1,-0.4,0.0,-0.2
jazz,-0.3,0.2,0.6,0.7,0.1,0.5
jon,-0.2,0.0,0.0,0.3,-0.1,0.1
jonathan,0.0,0.0,0.0,0.3,0.1,0.1
laboratory,0.3,0.0,-0.1,-0.6,-0.3,-0.4
lawrence,0.2,0.0,0.0,0.1,0.3,0.0
lincoln,0.7,0.0,-0.4,-0.2,0.5,-0.3
literary,0.3,0.2,-0.3,0.3,0.5,-0.6
mask,-0.4,0.3,0.1,-0.3,-0.1,-0.5
massachusetts,0.5,0.0,-0.3,-0.2,0.5,0.0
midnight,0.5,0.2,-0.6,-0.7,0.3,-0.8
minnesota,0.4,0.0,-0.4,-0.8,0.1,-0.3
mouse,-0.6,-0.2,0.3,0.4,0.0,-0.5
oscar,0.4,0.0,0.2,0.4,-0.1,0.6
packed,0.7,0.0,-0.5,0.4,0.0,0.2
piano,0.8,0.0,0.2,0.4,0.4,0.3
praise,-0.2,0.3,0.5,0.7,0.5,0.6
presentation,0.0,0.1,0.0,-0.2,-0.5,0.2
psychology,0.4,0.1,-0.3,0.0,0.1,-0.4
relation,0.0,0.0,0.0,0.2,0.0,0.0
restrictions,0.6,0.0,-0.5,-0.5,0.0,0.3
rocket,0.7,-0.6,0.1,0.9,-0.5,0.9
ruin,0.7,0.0,-0.7,-0.4,0.8,-0.5
saudi,0.2,0.0,-0.2,0.5,0.2,0.1
sean,0.0,0.0,0.0,0.2,0.0,0.0
sec,-0.5,-0.3,0.3,-0.1,-0.5,0.2
secrets,0.3,0.2,-0.4,-0.2,0.3,-0.5
slave,0.8,0.0,-0.7,-0.1,0.6,0.5
stability,0.6,0.0,-0.2,0.1,0.2,-0.3
steady,0.4,0.0,0.1,0.2,0.1,-0.2
stones,0.6,0.0,0.1,-0.1,0.6,-0.1
symbol,0.1,0.2,0.0,0.0,0.5,0.0
terminal,0.5,-0.1,-0.5,-0.5,0.1,0.2
toilet,0.4,0.0,-0.1,-0.3,-0.1,0.3
treaty,0.5,0.3,-0.3,0.1,0.5,-0.2
triple,0.1,0.0,0.4,0.0,-0.2,0.3
unlikely,-0.2,0.2,0.2,0.0,-0.2,-0.1
updates,-0.4,0.1,0.3,-0.2,-0.8,0.1
vietnam,0.3,0.0,-0.2,0.6,0.2,0.3
viewed,-0.1,0.0,0.0,0.0,0.0,-0.3
affair,0.3,0.1,0.1,0.5,0.1,0.2
agenda,0.3,0.2,-0.2,-0.2,-0.1,0.1
bat,0.1,0.2,0.5,0.1,0.1,0.2
bow,0.0,0.1,0.4,0.1,0.3,-0.1
calendar,0.2,0.3,-0.3,0.0,0.3,-0.2
cape,-0.1,0.6,0.1,0.2,0.3,0.1
collective,0.5,0.0,-0.1,0.3,0.2,0.2
conversations,0.1,0.3,0.2,0.4,0.1,0.1
cooperation,0.4,0.0,0.1,0.4,0.1,-0.1
craft,0.3,-0.2,0.1,0.4,0.5,-0.1
darkness,0.7,0.2,-0.8,-0.7,0.8,-0.6
deeper,0.5,-0.2,-0.3,-0.3,0.3,-0.3
devil,0.5,-0.3,0.2,0.8,0.8,0.6
edit,-0.5,-0.1,0.2,-0.2,-0.7,-0.2
enable,-0.2,0.0,0.3,0.1,-0.4,0.1
equity,0.3,0.0,0.0,0.1,0.2,0.0
estimates,0.1,0.1,-0.1,-0.1,-0.2,-0.2
failing,0.4,-0.2,-0.6,-0.4,0.0,0.3
finishing,0.2,0.0,0.1,0.1,-0.1,0.2
fortune,0.5,0.0,0.2,0.4,0.4,0.2
gates,0.6,0.0,-0.2,-0.1,0.4,0.1
goodbye,0.4,0.4,-0.3,0.3,0.2,0.2
graham,0.1,0.0,0.1,0.3,0.1,0.0
hardware,0.6,0.0,-0.1,-0.3,-0.2,0.2
hillary,0.2,0.0,0.0,0.1,0.1,0.2
hurts,0.4,-0.3,-0.5,0.5,0.0,0.7
intellectual,0.3,0.2,-0.1,-0.4,0.3,-0.4
invite,-0.1,0.3,0.4,0.5,-0.1,0.1
involvement,0.3,0.0,-0.1,0.2,0.0,0.1
kentucky,0.2,0.0,0.0,0.3,0.2,0.1
madrid,0.3,0.0,0.1,0.5,0.5,0.2
nuts,0.0,-0.1,0.5,0.2,0.2,0.3
oregon,0.3,0.0,0.0,0.1,0.3,0.0
partly,-0.1,0.3,0.0,0.0,0.0,-0.2
petition,0.1,0.4,-0.3,0.1,0.2,0.3
phrase,-0.2,0.2,0.1,0.0,0.1,0.1
physically,0.3,0.0,0.0,0.0,0.0,0.2
protecting,0.4,0.2,-0.1,0.5,0.1,0.3
racial,0.3,0.0,-0.2,0.1,0.3,0.4
rated,-0.1,0.0,0.0,-0.1,0.0,0.0
regime,0.7,0.0,-0.5,-0.4,0.3,0.5
rivers,0.5,0.1,0.1,-0.2,0.6,0.3
rounds,0.3,-0.5,0.4,0.0,0.0,0.5
ruled,0.5,0.0,-0.3,-0.2,0.4,0.3
sa,0.0,0.0,0.0,0.0,0.0,0.0
sauce,0.2,0.2,-0.6,0.4,-0.1,0.2
seal,0.4,0.0,0.2,0.2,0.3,0.2
separated,0.1,0.0,0.1,-0.4,0.0,0.1
shield,0.6,0.3,0.2,0.1,0.5,0.2
similarly,-0.1,0.0,0.0,0.0,0.0,-0.1
slide,-0.2,-0.4,0.3,-0.1,-0.2,0.0
stem,0.0,0.1,0.2,0.1,0.2,-0.2
summit,0.8,0.0,-0.4,-0.6,0.5,0.2
talented,0.1,0.2,0.3,0.4,-0.2,0.3
throat,0.2,0.0,-0.2,0.5,0.2,0.5
tiger,0.6,-0.2,0.4,0.4,0.3,0.7
touched,-0.1,0.3,-0.2,0.6,0.0,-0.3
toy,-0.3,0.2,0.7,0.3,-0.5,0.2
visits,0.0,0.0,0.1,0.4,-0.1,0.0
warriors,0.6,-0.2,-0.1,0.3,0.6,0.8
wisdom,0.5,-0.1,-0.2,0.3,0.8,-0.2
accounting,0.2,0.2,-0.4,-0.4,0.1,-0.3
alien,0.3,0.4,0.2,-0.7,-0.4,0.4
attacking,0.4,-0.3,0.1,0.2,0.1,0.8
awkward,0.2,0.2,-0.5,0.1,-0.1,0.2
beast,0.7,0.0,0.1,0.3,0.5,0.7
beef,0.5,-0.1,-0.4,0.3,0.1,0.2
candy,-0.4,0.2,0.3,0.4,-0.5,0.3
carrier,0.7,0.0,-0.2,0.0,0.1,0.3
celebration,0.2,0.6,0.5,0.7,0.1,0.7
celebrity,0.1,0.3,0.3,0.2,-0.5,0.6
certificate,-0.3,0.5,-0.5,-0.2,0.2,-0.1
cited,-0.1,0.0,-0.2,-0.3,0.1,0.0
clay,0.4,-0.1,-0.8,0.1,0.5,-0.4
coaching,0.2,0.0,0.2,0.5,0.0,0.4
colleagues,0.2,0.0,0.0,0.3,0.1,0.1
constructed,0.6,0.0,-0.3,-0.3,0.1,0.2
dated,0.1,0.0,-0.2,-0.2,0.5,-0.2
dec,0.0,0.0,0.0,-0.3,0.0,0.0
default,0.0,0.0,-0.2,-0.4,-0.3,-0.3
delhi,0.5,0.0,-0.1,0.6,0.7,0.5
derived,-0.1,0.0,0.0,-0.3,0.1,-0.1
dialogue,0.0,0.3,0.2,0.3,0.2,0.3
disabled,0.3,0.0,-0.5,-0.2,0.1,-0.3
distinct,0.1,-0.2,0.4,-0.3,0.0,0.3
drag,0.5,0.7,-0.6,0.1,0.1,0.2
educated,0.3,0.1,-0.1,0.2,0.3,-0.1
eligible,-0.1,0.0,0.2,0.0,-0.2,0.1
estimate,-0.1,0.1,0.1,-0.1,-0.1,-0.2
execution,0.7,-0.5,-0.7,-0.5,0.4,0.8
existed,0.2,0.0,-0.2,-0.2,0.6,-0.4
fifty,0.0,0.0,0.1,0.0,0.1,0.0
followers,0.2,0.2,0.2,0.3,-0.2,0.2
fool,-0.2,0.1,0.5,0.2,0.3,0.4
framework,0.6,0.0,-0.2,-0.3,0.2,-0.1
franchise,0.4,0.0,0.1,-0.1,-0.3,0.3
funded,0.3,0.0,-0.1,0.2,-0.2,0.1
furniture,0.6,0.0,-0.3,0.4,0.3,-0.2
generations,0.7,0.2,-0.2,0.3,0.7,0.2
guaranteed,0.4,0.0,-0.3,0.1,0.1,0.4
integrated,0.2,-0.1,0.1,0.1,-0.1,-0.1
intelligent,0.2,-0.1,0.2,0.0,0.1,0.1
interaction,0.0,0.0,0.4,0.2,-0.2,0.2
jet,0.5,-0.8,0.3,0.4,-0.4,0.9
journalists,0.1,0.0,0.2,-0.1,-0.1,0.4
lifestyle,-0.1,0.2,0.2,0.3,-0.4,0.0
lighting,-0.4,0.3,0.1,0.5,-0.3,0.3
lisa,-0.2,0.0,0.2,0.3,-0.1,-0.2
loop,-0.3,0.2,0.8,-0.1,-0.3,-0.1
mall,0.6,0.0,-0.4,-0.1,-0.4,0.3
mp,-0.1,0.0,0.0,-0.2,-0.3,0.1
overseas,0.3,0.3,0.3,0.1,0.2,0.1
performances,0.1,0.1,0.4,0.4,0.1,0.6
philippines,0.4,0.0,0.1,0.7,0.3,0.2
polish,-0.2,-0.3,0.5,0.1,0.1,-0.2
recommendations,0.1,0.2,0.0,0.2,-0.1,-0.2
recover,-0.2,0.2,0.5,0.4,0.0,-0.1
regarded,0.3,0.0,-0.2,0.2,0.3,-0.1
relax,-0.5,0.5,-0.4,0.6,-0.1,-0.7
reliable,0.5,0.0,-0.3,0.3,0.2,-0.1
rely,0.2,0.0,-0.2,0.3,0.1,-0.2
remarkable,0.2,0.2,0.5,0.3,0.0,0.5
responses,-0.1,0.0,0.4,0.0,-0.2,0.2
ruling,0.6,-0.2,-0.5,-0.3,0.4,0.5
sacrifice,0.7,-0.1,-0.6,0.3,0.7,0.6
se,-0.4,0.0,0.0,0.0,-0.2,-0.4
sole,0.1,0.0,0.1,-0.1,0.2,-0.3
stopping,0.4,-0.4,-0.7,-0.2,-0.1,0.3
strategies,0.3,0.0,0.1,-0.2,0.1,0.1
succeed,0.2,0.3,0.6,0.4,0.1,0.5
tables,0.5,0.0,-0.1,0.2,0.2,-0.2
tale,-0.2,0.3,0.2,0.5,0.7,-0.3
targets,0.2,-0.4,0.2,-0.2,-0.1,0.4
timing,0.0,-0.2,0.4,0.0,-0.2,0.1
ton,0.9,0.0,-0.5,0.0,0.1,0.3
volunteers,0.1,0.2,0.2,0.4,0.0,0.2
witnesses,0.2,0.0,-0.1,-0.1,0.2,0.1
wore,0.0,0.2,0.0,0.2,0.1,-0.1
worship,0.5,0.3,-0.3,0.6,0.7,0.4
worthy,0.3,0.1,-0.1,0.3,0.3,0.1
acted,0.1,0.0,0.1,0.0,0.0,0.2
alarm,-0.1,-0.3,0.6,0.3,-0.2,0.9
bass,0.5,0.0,0.3,0.2,0.0,0.7
bloody,0.3,0.1,-0.4,0.7,0.1,0.7
breathing,-0.4,0.5,0.1,0.5,0.1,-0.4
butt,0.2,0.0,0.5,0.2,0.0,0.2
characteristics,0.1,0.2,-0.2,-0.2,0.1,-0.2
cnn,-0.1,-0.2,0.1,-0.2,-0.6,0.5
collaboration,0.2,0.1,0.1,0.4,0.1,0.1
con,-0.1,-0.1,0.2,-0.3,0.1,0.2
consideration,0.3,0.3,-0.3,0.1,0.2,-0.3
counts,0.0,0.0,0.2,0.0,0.0,0.1
creates,0.1,0.0,0.3,0.3,-0.1,0.2
crucial,0.4,-0.1,-0.2,0.2,0.0,0.5
daughters,0.1,0.1,0.2,0.6,-0.1,0.1
dependent,0.2,0.2,-0.4,0.0,0.0,-0.2
discussions,0.1,0.2,0.0,0.2,0.0,0.1
drives,0.4,-0.3,0.2,0.2,-0.1,0.4
dual,0.1,0.0,0.3,0.0,0.1,0.0
edinburgh,0.5,0.0,-0.2,-0.3,0.7,0.0
equipped,0.3,0.0,0.1,0.0,-0.2,0.1
expanded,0.3,0.4,0.3,0.1,0.0,0.3
experimental,0.0,0.0,0.4,-0.2,-0.4,0.2
feeding,0.2,0.1,-0.2,0.5,0.0,0.1
filter,-0.1,0.4,0.1,-0.2,0.0,-0.2
galaxy,0.8,0.6,-0.2,0.1,0.9,0.3
globe,0.6,0.0,0.4,0.1,0.4,0.1
grades,0.1,0.2,-0.1,-0.1,0.1,0.1
greece,0.4,0.0,-0.2,0.5,0.9,0.1
gulf,0.5,-0.2,-0.3,0.4,0.5,0.2
highlights,-0.2,0.3,0.5,0.3,-0.3,0.4
hoped,-0.1,0.4,0.1,0.3,0.0,-0.2
intent,0.3,-0.3,-0.2,0.1,0.1,0.3
involve,0.1,0.0,0.0,0.1,0.0,0.1
judgment,0.6,-0.1,-0.5,-0.3,0.5,0.4
kennedy,0.3,0.0,-0.1,0.1,0.3,0.2
knight,0.5,-0.2,0.0,0.1,0.7,0.3
larry,0.0,0.0,0.2,0.2,0.1,0.0
las,0.0,0.0,0.1,0.3,0.1,0.1
lmao,-0.6,0.3,0.7,0.3,-0.9,0.6
logo,-0.2,0.3,0.4,-0.1,-0.4,0.1
malaysia,0.2,0.0,-0.1,0.6,0.3,0.1
mature,0.3,0.0,-0.3,0.3,0.5,-0.2
moore,0.1,0.0,0.1,0.1,0.2,-0.2
nazi,0.5,0.0,-0.4,-0.5,0.3,0.7
netherlands,0.3,0.0,-0.1,-0.2,0.3,-0.3
odds,-0.2,0.1,0.3,0.0,0.0,0.1
peaceful,-0.4,0.4,0.0,0.4,0.1,-0.8
philip,0.1,0.0,0.1,0.2,0.3,-0.2
photographer,0.0,0.0,0.2,0.1,0.0,-0.1
pin,-0.7,-0.6,0.2,-0.2,0.1,-0.2
prevention,0.2,0.2,-0.2,-0.1,0.0,-0.3
printing,0.1,0.2,0.0,0.2,0.3,0.2
promoting,-0.1,0.1,0.2,0.3,-0.2,0.3
publicly,0.0,0.1,0.1,0.0,-0.1,0.3
pump,0.4,-0.1,0.3,0.2,0.1,0.4
repeated,0.1,0.0,0.1,-0.1,0.0,0.1
replied,-0.1,-0.1,0.2,0.1,0.0,-0.1
requests,-0.1,0.1,0.1,0.0,-0.1,-0.2
revenge,0.6,-0.2,-0.3,0.5,0.4,0.6
satisfied,0.0,0.0,0.1,0.5,0.0,-0.3
seeds,-0.5,0.4,0.1,0.3,0.2,-0.5
signals,-0.3,-0.3,0.4,-0.1,-0.2,0.3
slip,-0.4,-0.4,0.3,-0.2,-0.1,-0.3
spaces,-0.5,0.3,0.2,-0.3,0.1,-0.6
spare,-0.2,0.0,0.1,0.0,0.0,-0.3
specialist,0.2,-0.1,0.0,-0.1,0.1,0.0
stocks,0.3,0.0,-0.2,-0.2,0.2,0.2
stranger,0.2,0.1,-0.1,-0.4,0.1,0.1
submit,0.3,0.0,-0.4,-0.2,0.1,-0.3
surprising,-0.2,-0.1,0.6,0.2,-0.3,0.5
tap,-0.5,-0.2,0.5,0.0,0.0,0.1
thompson,0.2,0.0,0.0,0.1,0.3,0.0
threats,0.4,-0.1,-0.3,0.2,0.1,0.6
tourism,0.0,0.2,0.2,0.4,-0.3,0.1
turkish,0.2,0.1,0.0,0.5,0.5,0.2
volunteer,-0.1,0.1,0.2,0.5,-0.1,0.1
acceptable,0.0,0.0,0.0,0.0,0.0,-0.2
allies,0.3,0.0,0.1,0.4,0.2,0.2
attempting,0.1,0.0,0.1,0.1,-0.1,0.1
auction,0.2,-0.1,0.2,0.2,0.2,0.5
bonds,0.4,0.0,-0.2,0.3,0.3,0.0
challenging,0.3,0.2,0.1,0.1,-0.1,0.4
chaos,0.2,0.3,0.7,0.3,0.1,0.8
churches,0.6,0.0,-0.2,0.2,0.6,-0.3
cleveland,0.4,0.0,-0.1,-0.1,0.2,0.0
composed,0.2,0.2,-0.1,-0.2,0.1,-0.5
concentration,0.5,-0.2,-0.3,-0.2,0.1,0.2
copper,0.4,-0.1,0.1,0.4,0.4,0.0
corp,0.5,0.0,-0.3,-0.4,0.1,0.1
corps,0.5,0.0,-0.2,-0.2,0.3,0.3
counting,-0.2,0.0,0.2,0.0,-0.1,-0.2
credits,-0.3,0.3,0.3,-0.1,-0.2,0.0
dawn,-0.4,0.5,0.1,0.4,0.5,-0.3
dispute,0.3,0.2,0.2,0.3,0.0,0.5
earnings,0.2,0.1,-0.2,0.0,-0.1,0.1
editing,-0.1,0.2,0.1,-0.1,-0.4,-0.2
executed,0.7,-0.3,-0.6,-0.4,0.3,0.6
firing,0.4,-0.3,0.3,0.8,0.0,0.8
fits,0.1,-0.1,0.6,0.2,-0.1,0.4
frequent,-0.1,0.0,0.4,0.0,0.0,0.2
gardens,0.1,0.2,0.1,0.4,0.3,-0.4
gathered,0.3,0.0,-0.2,0.5,0.2,-0.1
hilarious,-0.3,0.3,0.7,0.5,-0.2,0.7
huh,-0.5,0.4,0.3,0.1,-0.5,-0.3
ignored,0.2,0.1,-0.5,-0.5,0.0,-0.6
improvements,0.1,0.0,0.2,0.2,-0.3,0.1
investments,0.4,0.0,0.1,-0.1,0.1,0.0
isis,0.5,-0.1,-0.4,0.2,0.9,0.6
margin,-0.2,0.2,0.0,-0.1,0.1,-0.4
mars,0.8,0.0,-0.2,-0.3,0.9,0.1
maryland,0.3,0.0,-0.1,0.2,0.3,-0.1
mechanism,0.5,-0.2,0.2,-0.4,0.2,0.1
moderate,0.0,0.0,0.0,0.0,0.0,-0.2
murray,0.2,0.0,0.0,0.1,0.2,0.0
oklahoma,0.4,0.1,-0.1,0.4,0.3,0.1
opera,0.6,0.2,0.2,0.3,0.5,0.8
overcome,0.5,0.0,0.3,0.3,0.1,0.5
parallel,0.1,-0.1,0.1,-0.2,0.2,-0.2
passage,0.3,0.0,-0.1,0.0,0.5,-0.3
pit,0.5,-0.3,-0.5,-0.1,0.3,0.2
psychological,0.3,0.0,-0.1,-0.2,0.1,0.0
publications,0.2,0.1,-0.2,-0.1,0.2,-0.2
quest,0.4,-0.2,0.3,0.3,0.7,0.4
radiation,-0.2,-0.4,0.1,0.9,-0.2,0.6
shocked,0.2,-0.3,0.6,0.1,-0.3,0.8
sized,0.0,0.0,0.0,0.0,-0.1,0.0
stroke,0.4,-0.2,-0.3,0.3,0.2,0.5
stunning,-0.1,-0.2,0.5,0.4,-0.2,0.7
tanks,0.8,0.0,-0.4,0.1,0.2,0.7
tokyo,0.5,0.0,0.3,0.3,-0.2,0.5
topics,0.0,0.0,0.1,0.0,0.0,-0.1
trains,0.7,0.0,-0.1,0.2,0.3,0.6
traveling,0.1,0.2,0.4,0.3,0.1,0.2
treating,0.1,0.0,0.1,0.5,0.0,0.1
tune,-0.2,0.3,0.5,0.3,0.2,0.2
utility,0.2,0.0,-0.1,-0.2,0.0,-0.1
vessel,0.6,0.2,-0.2,0.1,0.6,-0.1
weed,-0.3,0.4,-0.2,0.2,0.2,-0.2
wherever,-0.3,0.4,0.2,0.1,0.0,-0.2
acquisition,0.4,0.0,-0.3,-0.3,-0.1,0.1
addressed,0.1,0.1,-0.1,0.1,0.1,0.1
alabama,0.3,0.0,0.1,0.6,0.3,0.2
alice,-0.2,0.2,0.1,0.3,0.2,-0.2
angels,-0.6,0.7,0.2,0.5,0.8,0.2
anime,-0.3,0.2,0.5,0.2,-0.6,0.4
announce,0.1,0.1,0.0,0.0,0.0,0.6
autumn,0.0,0.6,-0.2,0.4,0.3,-0.3
backed,0.2,0.0,0.0,-0.1,0.0,0.0
barry,0.1,0.0,0.1,0.2,0.2,0.0
bold,0.4,0.0,0.3,0.3,0.1,0.5
borders,0.5,0.0,-0.4,-0.3,0.4,0.1
breathe,-0.8,0.7,0.1,0.4,0.1,-0.6
cameron,0.0,0.0,0.0,0.1,0.1,0.0
choosing,-0.1,0.1,0.2,0.0,0.0,0.0
classical,0.3,0.0,0.1,0.1,0.7,0.1
classified,0.3,0.2,-0.2,-0.4,0.2,-0.3
clip,-0.3,-0.3,0.4,-0.2,-0.4,0.3
coaches,0.3,0.0,0.2,0.2,0.1,0.5
coins,0.3,-0.3,0.3,-0.3,0.4,0.2
concepts,-0.4,0.3,0.0,-0.2,0.2,-0.2
conspiracy,0.3,0.0,-0.3,-0.5,0.3,-0.4
controversy,0.4,0.2,0.2,0.5,0.1,0.7
convince,0.1,0.0,0.1,0.2,0.0,0.3
cooper,0.2,0.0,0.1,0.2,0.3,0.0
disappeared,-0.7,0.5,-0.5,-0.4,0.2,-0.7
eh,-0.5,0.4,0.0,0.0,-0.1,-0.4
encounter,0.1,0.0,0.2,0.1,0.1,0.3
equality,0.2,0.0,0.0,0.3,0.4,0.2
exam,0.3,0.2,-0.3,-0.4,-0.1,-0.2
examination,0.4,0.1,-0.3,-0.5,0.2,-0.3
fails,0.4,-0.2,-0.6,-0.4,0.0,0.2
federation,0.6,0.0,-0.2,-0.1,0.4,0.2
fi,-0.6,0.3,0.1,-0.1,-0.7,-0.3
fiscal,0.3,0.1,-0.3,-0.5,0.2,-0.2
guardian,0.5,-0.1,0.0,0.4,0.6,0.2
hd,-0.4,-0.2,0.3,-0.4,-0.8,0.2
homeless,0.4,0.3,-0.6,-0.6,0.2,-0.3
instrument,0.1,0.0,0.2,0.2,0.3,0.3
intervention,0.5,0.0,-0.2,0.1,0.1,0.5
jerry,-0.1,0.0,0.2,0.2,0.1,0.0
lover,0.0,0.3,0.2,0.8,0.3,0.2
mainstream,0.3,0.2,0.1,0.0,-0.3,0.1
menu,-0.2,0.3,0.0,0.2,-0.1,-0.2
missouri,0.4,0.0,-0.2,0.2,0.3,0.0
mounted,0.5,0.0,-0.2,0.1,0.3,0.2
mutual,0.0,0.0,0.1,0.3,0.1,-0.1
nope,-0.2,-0.2,0.5,-0.2,-0.4,0.1
occasions,0.2,0.2,0.2,0.3,0.2,0.2
offense,0.3,-0.2,0.1,0.3,0.1,0.6
oral,-0.2,0.3,0.1,0.4,0.4,0.2
panic,0.2,0.4,0.6,0.4,-0.1,0.9
pays,0.1,0.0,0.2,0.0,0.0,0.1
peoples,0.4,0.0,-0.2,0.3,0.5,0.2
pursue,0.1,-0.3,0.4,0.1,0.0,0.4
realise,-0.1,0.2,0.3,0.1,0.0,-0.1
refugees,0.5,0.2,-0.4,0.2,0.2,0.3
removing,0.0,-0.1,0.0,-0.2,-0.1,0.1
requirement,0.3,0.0,-0.3,-0.3,0.1,0.2
responded,0.1,-0.1,0.2,0.0,-0.1,0.1
rip,-0.2,-0.4,0.1,0.1,-0.2,0.7
ruined,0.5,0.0,-0.7,-0.4,0.8,0.3
scope,0.2,0.0,0.2,-0.2,0.1,-0.2
segment,0.1,0.0,-0.1,-0.2,-0.1,-0.1
spectrum,-0.2,0.4,0.3,0.2,0.2,0.1
stays,0.1,0.0,-0.2,0.1,0.0,-0.3
ted,0.0,0.0,0.1,0.2,0.2,-0.1
terror,0.7,-0.1,-0.5,-0.5,0.3,0.9
uh,-0.8,0.5,-0.5,0.0,-0.2,-0.7
va,0.0,0.0,0.0,0.0,0.0,-0.1
venture,0.2,0.0,0.5,0.2,0.1,0.3
virtually,-0.6,0.3,0.1,-0.4,-0.7,-0.4
waited,0.4,0.2,-0.5,-0.1,0.3,-0.6
warren,0.3,0.0,-0.2,0.4,0.4,-0.2
worn,0.2,0.2,-0.6,0.1,0.7,-0.4
yea,-0.4,0.2,0.6,0.3,0.3,0.2
ac,-0.1,0.1,0.1,-0.5,-0.3,-0.1
accompanied,0.2,0.0,0.1,0.4,0.1,0.0
adams,0.2,0.0,0.0,0.1,0.3,0.0
aids,0.3,0.0,-0.2,0.1,-0.2,0.2
aimed,0.1,-0.4,0.3,-0.1,0.0,0.2
alpha,0.4,-0.1,0.2,-0.1,0.8,0.5
approaches,0.2,0.0,0.1,0.0,-0.1,0.0
arguing,0.3,0.1,0.2,0.5,0.0,0.7
arrangement,0.2,0.0,0.0,0.1,0.1,-0.2
beliefs,0.5,0.2,-0.3,0.4,0.6,0.2
boats,0.5,0.3,0.1,0.2,0.3,0.1
boundaries,0.6,0.0,-0.4,-0.3,0.4,0.1
brick,0.7,0.0,-0.3,0.2,0.4,0.1
brooklyn,0.4,0.0,0.1,0.3,0.2,0.3
colleges,0.5,0.0,-0.1,0.1,0.5,0.1
considerable,0.5,0.0,-0.2,0.0,0.1,0.2
conventional,0.3,0.0,-0.2,-0.2,0.3,-0.1
danny,-0.1,0.0,0.4,0.4,-0.3,0.2
des,-0.1,0.0,0.0,0.0,0.2,-0.2
designated,0.2,0.0,-0.1,-0.3,0.0,0.1
dvd,-0.3,0.3,0.5,-0.4,-0.6,0.0
emperor,0.7,0.0,-0.2,0.1,0.8,0.5
employers,0.4,0.0,-0.2,-0.2,0.2,0.1
enormous,0.9,0.0,-0.5,0.0,0.2,0.6
errors,0.1,0.0,0.2,-0.3,-0.2,0.2
focusing,0.0,-0.2,0.2,-0.1,-0.2,0.0
forgive,-0.1,0.3,0.2,0.7,0.5,-0.4
gains,0.3,0.0,0.2,0.2,-0.2,0.3
garage,0.4,0.0,-0.1,0.1,0.0,0.0
gathering,0.2,0.2,0.1,0.6,0.2,0.2
guidelines,0.1,0.3,-0.2,-0.2,-0.1,-0.1
handled,0.2,0.0,0.0,0.1,0.0,0.0
hosted,0.1,0.0,0.1,0.4,0.0,0.1
indians,0.2,0.0,0.0,0.3,0.5,0.2
indonesia,0.3,0.1,0.0,0.7,0.3,0.1
inquiry,0.2,0.0,-0.3,-0.3,0.1,0.0
inspector,0.3,0.0,-0.2,-0.2,0.1,0.2
jumped,0.1,-0.2,0.7,0.2,-0.2,0.4
khan,0.5,0.0,-0.1,0.3,0.7,0.5
lion,0.6,0.0,0.2,0.5,0.4,0.6
loaded,0.6,0.0,-0.3,0.1,0.0,0.4
lonely,0.1,0.3,-0.5,-0.6,0.1,-0.5
maintaining,0.2,0.0,-0.1,0.0,0.0,-0.1
measured,0.3,0.0,-0.2,-0.1,0.1,-0.3
mercy,0.2,0.4,0.1,0.5,0.6,-0.2
nevertheless,0.1,0.2,0.0,0.0,0.1,-0.1
newspapers,0.1,0.5,-0.4,0.1,0.2,0.1
outer,-0.2,0.4,0.1,-0.7,0.3,-0.2
oxygen,-0.7,0.7,0.2,-0.3,0.2,-0.2
pipe,0.4,0.0,0.3,0.1,0.2,0.1
pissed,0.3,-0.1,0.2,0.5,-0.2,0.7
poem,-0.2,0.5,0.1,0.3,0.5,-0.4
powder,-0.5,0.6,-0.7,0.1,0.1,-0.3
powered,0.4,-0.2,0.3,0.4,-0.3,0.5
promises,0.1,0.3,0.2,0.4,0.2,0.1
quotes,-0.1,0.2,0.1,0.0,0.1,0.0
racism,0.6,0.0,-0.6,-0.4,0.5,0.5
ratings,0.0,0.0,0.1,-0.2,-0.3,0.0
reads,0.0,0.0,0.1,0.2,0.1,-0.3
recovered,0.3,0.0,0.2,0.4,0.1,0.1
refers,0.0,0.0,0.0,0.0,0.0,-0.1
roy,0.1,0.0,0.1,0.2,0.2,0.1
rude,0.2,-0.1,-0.2,0.2,-0.1,0.5
screw,0.3,-0.2,0.2,-0.1,0.1,0.3
seventh,0.1,0.0,0.1,0.0,0.3,0.0
shelter,0.5,0.3,-0.3,0.7,0.3,-0.2
signature,0.1,0.2,-0.1,0.1,0.2,0.1
sooner,-0.2,-0.3,0.3,0.1,-0.2,0.2
spider,-0.3,0.4,0.1,-0.2,0.4,-0.1
stewart,0.1,0.0,0.1,0.1,0.2,0.0
strikes,0.5,-0.4,0.4,0.2,0.1,0.7
suggesting,-0.1,0.2,0.0,0.1,0.0,-0.3
suits,0.3,0.2,0.1,-0.1,0.1,0.1
toys,-0.2,0.1,0.8,0.4,-0.5,0.3
tracking,0.2,0.0,0.1,-0.2,-0.3,0.1
tribute,0.4,0.0,-0.1,0.5,0.6,0.2
trigger,0.2,-0.3,0.5,0.1,-0.1,0.6
vary,-0.3,0.2,0.4,0.0,-0.1,0.1
venue,0.4,0.0,-0.2,0.2,0.1,0.3
wages,0.3,0.1,-0.4,0.1,0.2,0.1
wells,0.6,0.0,-0.5,-0.2,0.5,-0.2
wheels,0.4,-0.1,0.6,0.1,0.3,0.2
ye,-0.1,0.2,0.0,0.2,0.8,0.1
abc,-0.5,0.1,0.3,0.1,-0.6,0.0
abortion,0.5,0.0,-0.6,-0.2,0.1,0.6
accuracy,-0.1,-0.3,0.1,-0.4,0.0,0.1
albert,0.2,0.0,0.0,0.2,0.4,0.0
applying,0.0,0.0,-0.1,0.0,-0.2,0.1
artificial,-0.2,0.1,0.2,-0.5,-0.4,0.0
belongs,0.1,0.0,0.1,0.4,0.1,-0.1
beneath,0.3,0.0,-0.4,-0.3,0.2,-0.3
bitcoin,-0.4,-0.2,0.5,-0.2,-0.8,0.2
bullet,0.5,-1.0,0.2,0.3,0.1,0.8
burns,0.1,0.2,-0.3,0.9,0.0,0.7
carl,0.2,0.0,0.0,0.1,0.3,0.0
celebrated,0.1,0.4,0.5,0.6,0.2,0.5
consistently,0.2,0.0,0.0,-0.1,0.0,-0.1
conversion,0.2,0.0,0.2,0.1,0.1,0.2
copyright,0.1,0.2,-0.5,-0.4,0.2,-0.2
counties,0.6,0.0,-0.4,0.1,0.4,0.0
democrat,0.1,0.0,0.1,0.1,0.3,0.2
deposit,0.5,0.0,-0.6,-0.1,0.1,-0.2
destination,0.3,0.0,-0.1,0.2,0.0,0.1
dirt,0.3,0.0,-0.7,0.2,0.6,-0.2
diverse,-0.1,0.0,0.3,0.2,-0.1,0.2
divine,-0.2,0.5,0.2,0.5,0.9,0.4
emails,-0.7,-0.3,0.3,-0.3,-0.7,0.0
er,-0.5,0.3,-0.2,0.0,-0.1,-0.6
exclusively,0.1,0.0,-0.2,-0.4,0.0,0.1
export,0.4,0.0,0.1,-0.1,0.1,0.1
fastest,-0.4,-0.6,0.7,0.2,-0.5,0.6
formerly,0.1,0.0,-0.2,-0.2,0.6,-0.3
functional,0.1,0.0,0.1,-0.5,-0.2,-0.1
gather,0.2,0.0,0.1,0.5,0.3,0.1
grandfather,0.4,0.0,-0.2,0.7,0.8,-0.1
habit,0.2,0.1,-0.3,0.1,0.3,-0.2
harvard,0.5,0.0,-0.2,0.1,0.5,0.2
indicates,-0.1,-0.2,0.0,-0.3,0.0,-0.2
isolated,0.3,0.0,-0.5,-0.7,0.3,-0.6
jealous,0.2,-0.1,-0.3,0.4,0.1,0.5
knocked,0.3,-0.2,0.4,0.0,0.0,0.5
landed,0.4,0.0,-0.3,0.1,0.0,0.2
laughed,-0.2,0.3,0.6,0.7,0.0,0.6
laura,0.0,0.0,0.1,0.4,0.1,0.0
lazy,0.3,0.5,-0.6,0.3,0.0,-0.5
mama,0.1,0.2,0.3,0.9,0.4,0.2
marshall,0.4,0.0,-0.1,0.0,0.3,0.3
mitchell,0.1,0.0,0.0,0.1,0.1,0.0
modified,0.0,0.0,0.1,-0.2,-0.4,0.1
municipal,0.3,0.0,-0.2,-0.2,0.2,0.0
naval,0.5,0.0,-0.1,-0.3,0.3,0.3
neighbors,0.1,0.0,0.2,0.5,0.1,0.2
nelson,0.2,0.0,0.1,0.1,0.2,0.1
neutral,0.0,0.0,0.0,0.0,0.0,-0.5
noble,0.4,0.2,0.1,0.3,0.5,0.2
oldest,0.3,0.1,-0.4,-0.1,0.9,-0.2
pat,-0.2,0.0,0.4,0.3,0.0,-0.3
picks,-0.3,-0.3,0.5,0.0,-0.1,0.1
poland,0.3,0.0,0.0,0.1,0.5,0.1
popularity,-0.2,0.3,0.3,0.4,-0.2,0.4
professionals,0.2,0.0,0.0,-0.2,0.1,0.1
pussy,-0.3,0.4,0.3,0.6,-0.2,-0.1
reactions,-0.1,-0.1,0.6,0.1,-0.3,0.5
relate,-0.1,0.0,0.2,0.4,0.0,-0.2
robot,0.4,-0.2,0.2,-0.7,-0.5,0.2
sacred,0.5,0.4,-0.3,0.4,0.8,-0.3
securities,0.1,0.2,-0.1,-0.3,0.1,-0.2
shoe,0.0,0.0,0.3,0.2,0.0,-0.2
speakers,0.3,0.0,0.2,0.1,-0.2,0.7
springs,-0.1,0.2,0.9,0.2,0.0,0.3
spy,-0.2,-0.3,0.1,-0.3,0.1,-0.6
steven,0.0,0.0,0.1,0.2,0.0,0.0
suggestions,-0.4,0.3,0.2,0.2,-0.2,-0.4
supplied,0.1,0.0,-0.1,0.1,0.0,0.0
susan,0.0,0.0,0.1,0.4,0.2,-0.1
suspension,0.2,0.6,0.7,-0.2,-0.1,-0.1
terrorism,0.6,-0.3,-0.5,0.5,0.1,0.8
terry,-0.1,0.4,0.2,0.3,0.1,0.0
toxic,0.2,0.4,-0.4,0.6,-0.2,0.6
treasury,0.6,0.0,-0.3,0.2,0.5,0.0
tunnel,0.7,-0.1,-0.4,-0.4,0.3,-0.3
unions,0.4,0.0,0.0,0.4,0.3,0.4
upgrade,-0.2,0.3,0.4,-0.3,-0.8,0.3
warrant,0.3,0.2,-0.2,-0.2,0.3,0.2
wider,0.1,0.3,0.1,0.0,0.0,0.1
wound,0.3,-0.2,-0.6,0.6,0.1,0.5
aaron,0.0,0.0,0.1,0.2,0.3,0.0
actively,-0.3,-0.2,0.5,0.2,-0.4,0.4
afghanistan,0.5,0.0,-0.3,0.4,0.6,0.3
ai,-0.8,0.5,0.2,-0.8,-0.9,-0.2
applies,-0.1,0.0,0.1,0.0,-0.1,0.0
arrangements,0.1,0.1,0.1,0.1,0.1,-0.2
asset,0.2,0.0,0.0,-0.3,0.1,0.0
assuming,-0.3,0.0,0.1,-0.1,-0.2,-0.3
backing,0.3,0.0,0.2,0.2,0.0,0.1
baker,0.1,0.3,0.1,0.7,0.2,0.0
barcelona,0.3,0.1,0.3,0.7,0.5,0.4
blessed,-0.2,0.4,0.1,0.7,0.6,-0.3
brazilian,0.0,0.0,0.3,0.6,-0.1,0.2
brush,-0.3,0.1,0.1,0.1,0.1,-0.2
burden,0.8,0.0,-0.6,-0.2,0.3,0.1
campbell,0.1,0.0,0.0,0.2,0.2,-0.1
carries,0.3,0.0,-0.2,0.0,0.0,0.0
casual,-0.4,0.2,0.3,0.3,-0.4,-0.3
certified,0.2,0.2,-0.3,-0.3,0.1,0.1
charter,0.3,0.1,-0.2,-0.2,0.4,0.0
chef,0.1,0.0,0.1,0.5,0.1,0.2
civilian,0.0,0.0,0.0,0.1,0.0,-0.2
coalition,0.5,0.0,-0.3,0.1,0.2,0.1
cock,0.1,-0.1,0.4,0.4,0.2,0.5
complain,0.2,0.1,-0.1,-0.1,-0.1,0.4
complaints,0.3,0.1,-0.2,-0.2,0.0,0.3
controversial,0.4,0.1,0.2,0.3,-0.1,0.6
denver,0.2,0.0,0.0,-0.1,0.1,0.0
describing,-0.1,0.0,0.0,0.0,0.0,-0.2
differently,-0.2,0.2,0.2,0.0,-0.2,-0.1
directions,-0.1,-0.3,0.1,-0.1,0.0,0.0
discipline,0.6,-0.1,-0.5,-0.4,0.3,0.3
discussing,0.0,0.1,0.1,0.1,0.0,0.0
disgusting,0.4,0.1,-0.7,0.1,-0.1,0.7
dj,-0.3,-0.1,0.6,0.3,-0.7,0.7
dominant,0.6,0.0,-0.2,-0.2,0.2,0.6
earning,0.2,0.0,0.0,0.1,0.0,0.1
emma,-0.3,0.1,0.2,0.4,-0.2,-0.3
essay,0.1,0.3,-0.2,-0.1,0.2,-0.4
expense,0.4,0.0,-0.4,-0.3,0.1,0.2
explaining,0.0,0.0,0.0,0.1,0.0,-0.1
furthermore,0.1,0.2,-0.1,-0.2,0.1,-0.1
graphic,0.1,-0.1,0.3,0.1,-0.4,0.5
greg,-0.1,0.0,0.2,0.2,-0.1,0.0
healing,-0.3,0.4,0.2,0.7,0.3,-0.5
hiring,0.1,0.0,0.1,0.1,-0.3,0.1
hosts,0.1,0.0,0.1,0.4,0.1,0.1
implemented,0.4,0.0,-0.4,-0.4,-0.2,0.1
instantly,-0.6,-0.8,0.7,0.0,-0.8,0.4
invasion,0.7,-0.2,-0.5,0.2,0.4,0.9
jacob,0.0,0.0,0.1,0.3,0.4,-0.2
jumping,-0.2,0.2,0.8,0.3,-0.3,0.4
laptop,0.1,0.0,-0.1,-0.2,-0.8,-0.3
legendary,0.6,0.2,0.1,0.4,0.8,0.5
leo,-0.1,0.0,0.3,0.6,0.3,0.3
maker,0.3,0.0,0.1,0.4,0.5,0.1
margaret,0.2,0.0,-0.1,0.2,0.5,-0.2
mario,-0.2,0.2,0.7,0.5,-0.5,0.3
opponents,0.4,0.1,-0.2,-0.3,0.1,0.4
outdoor,-0.2,0.3,0.2,0.2,0.1,-0.1
palm,-0.3,0.3,0.2,0.6,0.2,-0.4
parker,0.1,-0.1,-0.2,0.4,-0.1,-0.2
photograph,-0.4,0.4,-0.3,0.2,0.2,-0.3
pole,0.3,-0.4,0.1,-0.2,0.1,-0.1
pub,0.4,0.0,-0.2,0.7,0.3,0.3
quarters,0.2,0.0,0.3,0.1,0.1,0.1
queensland,0.5,0.0,-0.3,0.8,0.2,0.0
rangers,0.3,0.0,0.2,0.2,0.1,0.4
ranks,0.4,0.0,-0.2,-0.2,0.3,0.2
reception,-0.1,0.0,-0.2,0.2,-0.2,0.1
recipe,-0.3,0.2,-0.3,0.3,0.1,-0.2
regulatory,0.2,0.0,-0.5,-0.4,0.1,-0.1
reviewed,-0.2,0.1,-0.2,-0.1,-0.3,-0.3
rolls,0.0,0.0,0.4,0.3,-0.1,0.1
rubber,0.0,0.1,0.9,0.1,-0.2,-0.1
secured,0.3,0.0,-0.4,-0.1,-0.1,0.0
serial,-0.1,0.0,0.1,-0.3,-0.2,0.2
settings,-0.2,0.0,0.0,-0.1,-0.3,-0.4
shed,0.3,0.0,-0.3,0.1,0.2,-0.3
snake,0.1,-0.3,0.1,-0.3,0.4,0.2
sponsored,-0.1,0.0,0.0,-0.2,-0.4,0.0
stealing,0.1,-0.1,0.2,0.1,0.1,0.4
strict,0.4,-0.2,-0.4,-0.5,0.2,0.5
subsequently,0.0,0.0,0.0,0.0,-0.1,-0.2
substance,0.5,0.0,-0.2,0.0,0.2,0.0
suggestion,-0.4,0.3,0.1,0.1,-0.3,-0.5
switzerland,0.5,0.0,-0.2,-0.3,0.4,-0.2
syndrome,0.3,0.0,-0.4,-0.2,0.1,0.3
tasks,0.2,0.0,-0.2,-0.2,-0.1,0.0
trips,-0.2,-0.1,0.4,0.3,-0.2,0.2
ultra,0.2,-0.2,0.5,0.4,-0.5,0.7
unexpected,-0.1,-0.2,0.6,0.1,-0.4,0.5
usage,-0.1,0.0,-0.1,-0.2,-0.2,-0.3
utah,0.5,0.0,-0.3,0.5,0.5,-0.2
worlds,0.9,0.2,-0.1,0.2,0.8,0.3
accidentally,-0.2,-0.1,0.5,0.1,-0.4,0.3
affordable,-0.2,0.0,0.1,0.2,-0.3,-0.2
amateur,-0.1,0.0,0.2,0.1,-0.2,-0.1
appeals,0.2,0.1,0.1,0.2,0.1,0.4
argentina,0.5,0.0,0.0,0.6,0.3,0.3
baltimore,0.4,0.0,-0.2,0.1,0.3,0.1
batman,0.4,0.5,0.3,-0.2,-0.2,0.5
bearing,0.5,-0.3,0.2,-0.1,0.2,0.1
beats,0.1,-0.2,0.7,0.3,-0.2,0.6
bin,0.1,0.0,-0.2,-0.2,0.0,-0.2
biology,0.3,0.0,0.0,0.2,0.5,-0.2
bobby,-0.2,0.1,0.4,0.4,-0.1,0.1
briefly,-0.6,-0.2,0.5,0.0,-0.5,-0.3
canal,0.6,0.0,-0.5,-0.1,0.4,-0.3
cancelled,0.1,-0.1,-0.6,-0.5,-0.3,0.2
charlotte,0.1,0.1,0.0,0.3,0.2,-0.1
cheaper,-0.2,0.0,0.1,-0.1,-0.3,0.1
christopher,0.2,0.0,0.0,0.2,0.3,0.0
climb,0.4,0.3,0.1,0.3,0.0,0.4
competing,0.3,0.0,0.4,0.2,-0.1,0.6
completion,0.3,0.0,-0.1,0.2,0.1,0.2
cruise,0.6,0.2,0.2,0.4,-0.1,0.1
custody,0.6,0.0,-0.5,-0.4,0.3,0.3
delete,-0.4,-0.2,-0.2,-0.3,-0.7,0.2
demonstrated,0.2,0.0,0.0,0.0,0.0,0.2
departure,0.1,0.2,0.1,-0.2,0.0,0.1
developers,0.1,0.0,0.2,0.0,-0.6,0.1
developments,0.4,0.0,0.0,0.0,-0.4,0.2
dig,0.5,-0.3,-0.3,0.2,0.4,0.4
eagles,0.1,0.4,0.3,0.2,0.5,0.4
employer,0.4,0.0,-0.1,0.0,0.2,0.2
evans,0.1,0.0,0.0,0.1,0.2,0.0
explosion,0.7,-0.4,0.5,0.9,-0.2,0.9
fever,0.2,0.2,-0.1,0.8,0.1,0.5
fluid,-0.1,0.1,0.2,0.1,0.1,-0.1
folk,0.2,0.1,0.1,0.7,0.6,0.1
generate,0.2,0.0,0.3,0.3,-0.3,0.4
gop,0.3,0.0,-0.2,0.0,0.3,0.3
handsome,0.3,0.0,0.1,0.5,0.2,0.2
ho,-0.1,0.0,0.5,0.4,0.1,0.6
holidays,-0.1,0.3,0.4,0.7,0.2,0.3
hotels,0.5,0.0,0.0,0.3,0.1,0.1
imagination,-0.5,0.5,0.6,0.4,0.2,0.2
integration,0.3,0.0,0.1,0.1,-0.2,0.1
integrity,0.6,0.0,0.0,0.2,0.5,0.1
interpretation,0.2,0.1,0.1,0.0,0.2,-0.1
leaf,-0.3,0.6,-0.2,0.1,0.1,-0.4
legitimate,0.5,0.0,-0.1,-0.1,0.3,0.2
lightning,-0.2,-0.7,0.7,0.7,0.4,0.9
loads,0.7,0.0,-0.3,0.1,0.1,0.3
longest,0.4,0.1,0.0,0.0,0.4,0.1
magical,-0.4,0.5,0.7,0.5,0.5,0.3
mills,0.7,0.0,-0.4,0.2,0.6,0.4
motivation,0.2,0.2,0.5,0.5,-0.1,0.5
nasty,0.2,-0.2,-0.3,-0.2,0.0,0.5
oliver,0.1,0.0,0.1,0.3,0.3,0.0
outfit,0.0,0.3,0.2,0.2,-0.2,0.1
pension,0.4,0.0,-0.4,0.2,0.6,-0.2
permit,0.1,0.3,-0.2,-0.2,0.1,0.0
perry,0.0,0.0,0.1,0.1,0.1,0.0
plates,0.4,0.1,0.1,0.1,0.2,0.2
pleasant,-0.1,0.2,0.2,0.6,0.1,-0.3
portrait,0.3,0.1,-0.2,0.2,0.5,-0.2
productive,0.3,-0.1,0.3,0.3,-0.2,0.3
reminds,-0.1,0.2,0.1,0.3,0.2,-0.2
reserves,0.5,0.0,-0.2,-0.1,0.3,-0.1
ron,0.1,0.0,0.1,0.2,0.1,0.0
safely,-0.2,0.3,0.3,0.4,-0.1,-0.5
shirts,-0.2,0.4,-0.1,0.3,0.0,-0.2
shorter,-0.3,-0.1,0.2,0.0,-0.2,-0.1
slight,-0.6,0.3,0.1,-0.2,-0.1,-0.4
socialist,0.3,0.2,-0.3,0.4,0.3,0.4
streaming,-0.4,-0.3,0.4,0.1,-0.7,0.1
sue,0.2,-0.1,-0.2,-0.3,0.1,0.5
targeted,0.1,-0.4,-0.1,-0.4,-0.3,0.3
tension,0.4,-0.2,0.7,0.3,0.0,0.4
thailand,0.3,0.0,0.0,0.7,0.4,0.1
theories,-0.1,0.4,0.2,-0.2,0.3,-0.2
touching,-0.1,0.3,0.1,0.7,0.0,-0.3
transactions,0.1,0.1,-0.3,-0.5,-0.4,-0.1
twist,-0.1,0.2,0.6,0.1,0.0,0.3
ugh,0.2,-0.1,-0.6,-0.1,-0.2,0.4
unemployment,0.7,0.0,-0.7,-0.4,0.2,-0.2
unity,0.4,0.0,0.1,0.5,0.2,0.1
useless,0.1,0.1,-0.5,-0.4,0.1,-0.2
viewers,-0.1,0.0,0.2,0.1,-0.4,-0.3
winds,-0.4,0.6,0.3,-0.3,0.5,0.5
woke,-0.1,-0.1,0.2,0.2,-0.7,0.3
wtf,-0.2,-0.2,0.5,-0.2,-0.8,0.7
abilities,-0.1,0.0,0.4,0.2,0.1,0.2
advocate,0.3,0.0,0.0,0.3,0.2,0.5
aims,-0.2,-0.3,0.4,0.1,0.0,0.2
arc,0.1,-0.2,0.5,0.0,0.4,-0.1
backup,0.2,0.0,0.2,-0.2,-0.5,0.1
beaten,0.5,-0.1,-0.6,-0.2,0.3,0.3
bitter,0.2,-0.2,-0.3,-0.6,0.1,0.3
blown,-0.4,0.5,0.2,-0.1,0.1,0.5
branches,0.3,0.3,0.3,0.2,0.3,-0.1
campaigns,0.3,0.2,-0.1,0.1,0.1,0.4
chips,-0.3,0.3,0.3,0.2,-0.3,0.1
cia,0.4,-0.2,-0.2,-0.6,-0.2,-0.2
clever,-0.3,-0.2,0.6,0.1,0.0,0.1
clinic,0.2,0.0,-0.2,-0.6,-0.1,-0.4
closest,0.1,-0.1,0.0,0.5,0.0,-0.3
collections,0.4,0.0,-0.3,0.1,0.4,-0.3
continuous,0.2,0.0,0.1,-0.1,0.1,-0.1
converted,0.2,0.0,0.1,0.1,0.1,0.0
correctly,0.0,-0.1,0.2,-0.2,-0.1,0.0
creator,0.5,0.3,0.1,0.4,0.7,0.3
creatures,0.2,0.1,0.2,0.2,0.6,0.2
criteria,0.2,0.0,-0.2,-0.5,0.2,-0.2
declined,0.3,-0.2,-0.4,-0.4,0.2,-0.3
detective,0.2,-0.1,0.0,-0.2,0.2,0.1
difficulties,0.6,0.2,-0.5,-0.3,0.1,0.2
disability,0.5,0.2,-0.5,-0.1,0.1,-0.1
dish,0.1,0.4,0.1,0.3,0.1,-0.2
douglas,0.3,0.1,0.1,0.2,0.2,0.0
du,-0.5,0.2,0.2,0.0,0.0,-0.3
duck,-0.1,-0.3,0.4,0.3,0.0,0.2
egyptian,0.6,0.0,-0.4,0.5,0.8,0.1
ep,-0.4,0.2,0.3,-0.1,-0.4,0.3
evaluation,0.1,0.2,-0.2,-0.3,-0.1,-0.2
excess,0.5,-0.1,-0.1,0.2,-0.1,0.4
farming,0.4,0.0,-0.5,0.4,0.6,-0.1
fence,0.2,0.0,0.1,0.1,0.1,-0.2
fifa,0.1,0.0,0.6,0.1,-0.3,0.5
fighters,0.3,-0.5,0.2,0.2,0.1,0.7
flights,-0.3,0.5,0.2,-0.2,-0.3,0.3
forcing,0.4,-0.2,-0.2,0.1,0.0,0.6
forming,0.1,0.0,0.0,0.1,0.1,0.0
franklin,0.2,0.1,0.0,0.3,0.4,0.0
fred,0.0,0.0,0.1,0.2,0.2,0.0
gradually,-0.1,0.6,-0.1,0.0,0.0,-0.5
gravity,0.9,-0.3,-0.7,-0.3,0.9,-0.2
habits,0.2,0.0,0.1,0.1,0.2,-0.3
hawaii,0.2,0.2,0.1,0.8,0.3,0.1
highlight,-0.4,0.3,0.3,0.3,-0.5,0.4
holder,0.1,0.0,0.0,0.0,0.0,-0.2
hood,0.1,0.3,0.1,0.4,0.1,-0.2
hung,0.3,0.2,-0.4,0.0,0.1,-0.2
identical,0.0,0.0,0.0,-0.4,-0.2,-0.2
imperial,0.7,0.0,-0.3,-0.1,0.6,0.5
investigations,0.3,0.1,-0.3,-0.4,0.1,-0.1
jose,0.0,0.0,0.1,0.3,0.1,0.0
ken,-0.1,0.0,0.3,0.0,0.0,-0.1
legally,0.2,0.1,-0.4,-0.5,0.2,0.1
lied,0.3,-0.1,-0.5,-0.3,0.1,0.2
listened,-0.2,0.1,0.0,0.3,0.0,-0.7
males,0.2,0.0,0.0,0.1,0.2,0.1
manufacturer,0.5,0.0,-0.2,-0.3,0.1,0.3
meters,0.0,0.0,0.1,-0.2,0.0,-0.2
nail,0.1,-0.6,-0.1,-0.3,0.3,0.4
nasa,0.5,-0.4,0.1,-0.2,-0.2,0.6
negotiations,0.4,0.1,-0.2,-0.1,0.2,0.1
nonsense,-0.4,0.4,0.5,0.1,-0.1,0.2
ontario,0.4,0.0,0.0,-0.4,0.3,-0.1
operational,0.2,-0.1,0.1,-0.4,-0.2,0.0
orleans,0.2,0.2,0.1,0.4,0.5,0.2
owns,0.3,0.0,-0.3,-0.1,0.1,0.1
phoenix,0.2,0.5,0.4,0.9,0.8,0.5
playoffs,0.3,0.0,0.6,0.3,-0.4,0.7
poet,-0.2,0.3,0.1,0.4,0.5,-0.4
quoted,-0.1,0.1,0.1,-0.1,0.1,-0.1
relating,-0.1,0.0,0.1,0.3,0.0,-0.3
repeatedly,0.2,0.0,0.4,-0.1,0.0,0.3
robinson,0.1,0.0,0.0,0.1,0.2,0.0
rolled,0.1,-0.1,0.4,0.0,0.0,0.1
scientist,0.1,0.0,0.0,-0.2,0.2,0.0
sink,0.6,-0.3,-0.4,-0.3,0.1,0.0
skip,-0.4,-0.3,0.7,0.3,-0.3,0.2
slavery,0.8,0.0,-0.8,-0.4,0.7,0.5
snap,-0.2,-0.4,0.5,0.1,-0.2,0.6
sorts,0.0,0.0,0.1,0.0,0.0,-0.2
souls,-0.7,0.6,0.1,0.4,0.8,-0.4
stole,0.1,0.3,0.1,0.1,0.0,0.2
swedish,0.0,0.0,0.1,-0.3,0.2,-0.1
swim,-0.1,-0.2,0.2,0.1,0.1,0.1
swiss,0.1,0.0,0.1,-0.2,0.3,-0.1
tennessee,0.2,0.0,0.0,0.5,0.2,0.1
transaction,0.1,0.0,-0.1,-0.4,-0.2,-0.2
transformation,0.3,0.2,0.4,0.3,0.1,0.4
veteran,0.5,0.0,-0.2,0.2,0.6,0.1
vulnerable,-0.4,0.3,-0.3,0.3,-0.1,-0.3
wealthy,0.4,0.0,0.1,0.2,0.2,0.1
additionally,0.0,0.1,0.0,0.0,0.0,-0.1
amy,-0.2,0.0,0.2,0.4,-0.3,0.0
attract,0.2,-0.2,0.3,0.3,0.0,0.2
barbara,0.1,0.0,0.0,0.3,0.4,0.0
blowing,-0.5,0.6,0.3,-0.2,-0.1,0.3
bored,0.3,0.2,-0.6,-0.3,0.0,-0.6
bronze,0.7,0.0,0.1,0.4,0.7,0.1
bug,-0.6,0.3,0.3,0.1,0.0,-0.2
caring,-0.2,0.3,0.2,0.8,0.0,-0.3
catching,0.1,0.0,0.5,0.1,-0.1,0.2
cave,0.8,0.0,-0.5,-0.5,0.8,-0.4
cheating,0.2,-0.2,-0.2,-0.5,0.0,0.3
chronic,0.5,0.0,-0.5,-0.2,0.4,0.1
cleared,-0.4,-0.3,0.2,0.1,-0.2,-0.2
communicate,0.0,0.1,0.2,0.3,0.0,0.2
convicted,0.7,-0.1,-0.7,-0.6,0.2,0.5
cultures,0.4,0.1,0.1,0.4,0.7,0.1
dealt,0.1,-0.3,0.0,0.0,0.0,0.1
delayed,0.3,0.5,-0.4,-0.2,0.1,-0.3
demonstrate,0.1,0.0,0.1,0.0,0.0,0.3
departments,0.2,0.0,-0.2,-0.3,0.1,-0.2
depend,0.2,0.2,-0.1,0.3,0.0,-0.1
developer,0.0,0.0,0.1,-0.1,-0.6,0.0
diagnosis,0.4,0.0,-0.3,-0.5,0.1,0.1
dismissed,0.2,0.2,-0.4,-0.5,0.0,0.3
distinguished,0.4,0.2,0.0,0.2,0.5,0.1
dose,-0.2,-0.1,-0.1,0.0,0.0,0.0
eighth,0.0,0.0,0.0,0.0,0.0,-0.1
experiments,0.1,0.0,0.3,-0.2,0.1,0.1
fa,-0.6,0.4,0.5,0.2,0.2,0.1
flesh,0.3,0.0,-0.4,0.6,0.5,0.1
flip,-0.4,-0.2,0.7,0.0,-0.3,0.2
forty,0.1,0.0,0.0,0.0,0.1,0.0
generous,0.2,0.2,0.1,0.6,0.2,0.1
germans,0.3,0.0,0.0,-0.1,0.3,0.2
hated,0.5,-0.1,-0.4,0.3,0.1,0.6
hr,-0.1,0.0,-0.2,-0.4,-0.4,-0.2
implement,0.4,0.0,0.1,-0.1,0.1,0.1
incorporated,0.5,0.0,-0.3,-0.5,-0.1,-0.1
influenced,0.1,0.2,0.2,0.1,0.0,-0.1
jerusalem,0.7,0.0,-0.5,0.4,0.9,0.3
kidding,-0.5,0.1,0.6,0.3,-0.4,0.1
laser,-0.6,-0.7,0.3,0.6,-0.6,0.7
loyal,0.4,0.0,-0.2,0.5,0.3,0.1
marijuana,-0.2,0.5,-0.4,0.4,0.2,-0.3
mentally,-0.3,0.2,0.1,-0.2,0.0,0.0
missions,0.3,-0.1,0.1,0.1,0.2,0.3
occupation,0.6,0.0,-0.5,-0.3,0.3,0.4
opponent,0.4,0.0,0.2,-0.2,0.1,0.4
paintings,0.2,0.3,-0.2,0.3,0.4,-0.2
patch,-0.3,0.3,-0.1,0.2,0.0,-0.2
patience,0.3,0.3,-0.4,0.2,0.5,-0.7
pic,-0.5,0.3,0.3,-0.1,-0.7,0.0
pointing,-0.2,-0.3,0.1,0.0,-0.1,0.2
pollution,0.4,0.4,-0.7,0.2,-0.2,0.3
precisely,-0.2,-0.5,0.4,-0.4,-0.1,0.1
prisoner,0.5,-0.1,-0.6,-0.3,0.3,-0.2
privilege,0.4,0.1,0.0,0.1,0.3,0.0
proposals,0.1,0.3,0.0,0.0,-0.1,-0.1
protests,0.4,0.2,0.3,0.5,0.1,0.8
punk,-0.2,-0.2,0.6,0.2,-0.4,0.7
radar,-0.2,-0.4,0.5,-0.4,-0.4,0.3
regards,0.0,0.2,0.1,0.3,0.2,-0.3
relatives,0.3,0.0,0.0,0.4,0.3,0.1
resist,0.5,0.2,-0.3,0.3,0.2,0.6
solely,-0.3,-0.1,0.0,-0.2,0.0,-0.3
stepped,0.1,-0.1,0.2,0.0,0.0,0.1
striking,0.3,-0.3,0.4,0.2,0.0,0.6
terrorists,0.6,-0.1,-0.4,0.3,0.1,0.8
th,0.0,0.0,0.0,0.0,0.0,0.0
tourist,-0.1,0.2,0.3,0.2,-0.3,0.1
transit,0.3,-0.1,0.2,-0.1,-0.2,0.3
trucks,0.8,0.0,-0.2,0.2,-0.2,0.6
trusted,0.4,0.0,-0.2,0.6,0.2,-0.2
vessels,0.7,0.0,-0.3,-0.1,0.5,0.1
villa,0.5,0.0,-0.2,0.5,0.4,-0.3
volumes,0.5,0.0,-0.2,0.1,0.4,0.2
websites,-0.8,0.4,0.3,-0.4,-0.8,-0.1
wireless,-0.7,0.5,0.4,-0.3,-0.7,-0.2
wondered,-0.2,0.4,0.2,0.2,0.0,-0.5
wrap,-0.3,0.4,-0.3,0.3,-0.1,-0.3
wright,0.4,0.0,-0.1,0.2,0.6,0.0
yoga,-0.4,0.3,0.3,0.4,0.5,-0.4
adopt,0.1,0.0,0.0,0.5,0.1,0.1
airlines,0.7,0.6,-0.2,-0.3,-0.4,0.5
alaska,0.6,0.0,-0.4,-0.8,0.5,-0.1
albums,0.2,0.3,0.1,0.3,0.2,0.2
anytime,-0.5,0.2,0.4,0.1,-0.6,-0.1
bacteria,-0.7,0.6,0.0,0.1,0.8,-0.5
beings,0.2,0.1,0.1,0.2,0.7,0.0
beside,0.0,0.0,0.0,0.1,0.0,-0.2
blade,0.1,-0.6,0.2,-0.4,0.3,0.3
boot,0.4,0.0,0.1,0.2,0.2,0.2
bottles,0.2,0.0,0.4,-0.1,0.0,0.2
bucks,0.1,-0.1,0.3,0.1,-0.2,0.3
bulk,0.8,0.0,-0.5,0.0,0.1,0.2
camps,0.3,0.2,-0.2,0.3,0.3,0.3
cargo,0.8,0.0,-0.4,-0.1,0.2,0.1
census,0.3,0.2,-0.3,-0.2,0.5,-0.2
christianity,0.6,0.0,-0.3,0.3,0.8,0.2
coastal,0.2,0.3,0.1,0.1,0.4,0.0
coin,0.2,-0.2,0.6,-0.2,0.4,0.2
colored,0.0,0.1,0.2,0.5,0.0,0.3
commentary,0.1,0.1,0.0,0.0,0.1,0.4
confusion,0.1,0.4,-0.2,0.1,0.0,0.3
congressional,0.4,0.1,-0.3,-0.3,0.3,0.3
corn,0.1,0.1,0.1,0.4,0.5,-0.1
cried,0.2,-0.2,-0.1,0.4,0.1,0.7
customs,0.3,0.1,-0.2,-0.2,0.6,0.1
dealer,0.2,0.0,0.1,-0.2,0.1,0.3
deemed,0.3,0.0,-0.2,-0.2,0.4,0.0
destiny,0.7,-0.1,0.0,0.2,0.9,0.4
distant,0.1,0.3,-0.1,-0.5,0.4,-0.6
electronics,0.1,-0.1,0.2,-0.4,-0.7,0.2
emerging,-0.2,0.4,0.3,0.2,-0.8,0.3
emotion,0.3,0.3,0.1,0.6,0.5,0.5
emphasis,0.3,-0.1,0.1,0.1,0.1,0.6
ethics,0.4,0.0,-0.1,0.0,0.7,0.1
excitement,-0.1,0.2,0.7,0.6,-0.5,0.8
exploration,0.4,0.2,0.2,0.2,0.4,0.4
fights,0.5,-0.2,0.3,0.4,0.2,0.8
filling,0.2,0.1,-0.3,0.3,0.0,-0.1
filming,0.1,0.1,0.1,0.1,-0.4,0.1
glasgow,0.5,0.0,-0.2,-0.2,0.6,0.3
graphics,-0.3,0.3,0.5,-0.2,-0.7,0.3
helen,0.1,0.0,0.1,0.4,0.6,0.1
humor,-0.2,0.4,0.6,0.5,0.3,0.4
insight,-0.1,-0.4,0.3,0.3,0.2,0.2
invested,0.4,0.0,-0.2,0.1,0.2,0.1
jennifer,0.0,0.0,0.2,0.3,-0.2,0.1
lit,-0.4,0.2,0.4,0.8,-0.3,0.5
louisiana,0.4,0.2,-0.4,0.6,0.2,0.1
mar,0.2,-0.3,-0.5,-0.2,0.1,0.3
marie,-0.1,0.1,0.1,0.3,0.2,-0.2
meals,0.2,0.0,-0.2,0.5,0.0,-0.1
mississippi,0.5,0.2,-0.5,0.5,0.3,0.2
nerve,-0.2,-0.3,0.4,0.2,0.0,0.5
netflix,-0.4,0.0,0.2,-0.2,-0.8,0.2
nightmare,0.6,0.3,-0.4,-0.4,0.2,0.7
operators,0.1,0.0,0.0,0.0,-0.1,0.2
overnight,-0.3,-0.2,0.1,-0.2,-0.5,-0.1
partially,0.0,0.1,0.0,0.0,0.0,-0.2
participating,0.1,0.1,0.1,0.1,-0.1,0.1
pie,0.1,0.1,-0.3,0.6,0.1,-0.2
platforms,0.4,0.2,0.1,-0.2,-0.2,0.1
populations,0.5,0.1,-0.2,0.2,0.1,0.2
poster,-0.4,0.5,-0.1,0.1,-0.2,0.1
pr,-0.5,0.2,0.2,-0.3,-0.6,0.3
practically,0.0,0.0,0.0,0.0,0.0,-0.1
preserve,0.3,0.1,-0.1,0.2,0.5,-0.2
produces,0.1,0.0,0.1,0.1,-0.1,0.1
qualify,0.0,0.0,0.2,-0.1,-0.1,0.1
raid,0.4,-0.4,0.2,0.2,0.1,0.8
ram,0.7,-0.2,0.3,0.2,0.3,0.6
ranging,-0.1,0.1,0.2,0.0,0.0,0.0
ranking,0.1,0.0,0.0,-0.2,-0.2,0.1
receives,0.0,0.1,0.1,0.1,-0.1,-0.1
respective,0.0,0.0,0.0,-0.1,0.0,-0.2
restricted,0.3,0.2,-0.4,-0.3,0.1,0.2
routes,0.2,-0.1,0.1,0.0,0.2,0.0
samuel,0.1,0.0,0.0,0.3,0.4,-0.1
sandy,-0.1,0.1,-0.5,0.4,0.1,-0.2
scenario,-0.2,0.1,0.2,-0.2,-0.3,0.0
sheep,0.2,0.4,0.1,0.6,0.3,-0.4
situated,0.2,0.0,-0.2,0.0,0.1,-0.2
slaves,0.7,0.0,-0.7,-0.3,0.6,0.5
sony,-0.2,0.0,0.2,-0.2,-0.5,0.1
spotted,-0.2,0.0,0.1,0.0,-0.1,0.1
spreading,-0.1,0.3,0.1,0.1,0.0,0.2
stanley,0.2,0.0,0.0,0.1,0.3,-0.1
sustainable,0.2,0.2,0.2,0.3,-0.2,-0.1
sustained,0.3,0.2,-0.1,0.0,0.1,0.1
taxi,0.3,0.0,0.2,0.1,-0.3,0.3
themes,0.1,0.1,0.1,0.1,0.2,-0.2
threatening,0.5,0.2,-0.2,-0.4,0.1,0.7
tobacco,0.1,0.4,-0.4,0.5,0.4,-0.1
trace,-0.7,-0.2,-0.1,-0.1,0.2,-0.6
trapped,0.5,0.1,-0.6,-0.2,0.0,0.4
turner,0.2,0.0,0.1,0.2,0.3,0.0
uncomfortable,0.3,0.1,-0.3,-0.3,0.0,0.2
wasted,0.2,0.1,-0.6,-0.3,0.1,0.1
weakness,-0.5,0.2,-0.4,0.1,0.0,-0.4
widespread,0.2,0.4,-0.2,0.0,0.0,0.3
xbox,0.2,0.0,0.3,0.2,-0.7,0.4
accepting,-0.2,0.2,0.1,0.6,0.0,-0.3
accessible,-0.3,0.1,0.2,0.2,-0.3,-0.1
acknowledge,0.1,0.0,-0.2,0.1,0.1,0.2
advised,0.1,0.0,-0.1,0.0,0.1,0.1
advisory,0.0,0.1,-0.1,-0.1,0.0,0.2
animation,-0.4,0.3,0.7,0.3,-0.5,0.5
assignment,0.3,0.1,-0.3,-0.2,0.0,0.0
balanced,0.0,0.0,0.4,0.0,0.0,-0.2
bare,-0.4,0.0,-0.2,-0.3,0.1,-0.3
basement,0.6,0.0,-0.5,-0.4,0.3,-0.2
bases,0.4,0.0,0.1,-0.1,0.1,0.1
battles,0.7,0.0,-0.4,0.4,0.3,0.8
bias,0.2,0.1,-0.3,0.1,0.1,0.1
birmingham,0.5,0.0,-0.2,0.1,0.4,0.2
bits,-0.6,0.3,0.5,0.0,0.0,0.1
cancel,-0.2,-0.2,-0.4,-0.3,-0.2,0.3
carpet,0.2,0.3,-0.7,0.5,0.2,-0.4
ceiling,0.3,0.2,-0.2,0.0,0.1,-0.2
cherry,-0.3,0.0,0.4,0.4,0.1,0.2
chill,-0.2,0.1,0.1,-0.8,0.0,-0.3
classification,0.3,0.0,-0.5,-0.4,0.2,-0.1
clue,-0.5,0.1,0.3,0.0,0.0,-0.2
codes,-0.3,-0.1,0.1,-0.3,-0.4,0.1
cole,0.1,0.0,0.0,0.2,0.2,-0.1
collapse,0.8,-0.3,-0.8,-0.2,0.2,0.7
collecting,0.1,0.0,0.0,0.2,0.1,-0.2
compound,0.6,0.0,-0.3,-0.1,0.2,0.2
conscious,0.0,0.2,0.1,0.3,0.0,-0.1
consecutive,0.2,0.0,0.2,-0.2,0.0,0.1
contents,0.3,0.0,-0.2,0.0,0.0,-0.2
costume,-0.1,0.4,0.2,0.3,0.1,0.3
craig,0.1,0.0,0.1,0.1,0.1,0.0
deleted,-0.6,-0.3,-0.5,-0.4,-0.5,0.1
devoted,0.4,0.0,-0.2,0.7,0.3,0.2
didnt,-0.2,0.0,0.0,0.0,-0.1,-0.1
displayed,0.1,0.0,0.1,0.0,-0.2,0.1
dominated,0.7,-0.2,-0.4,0.2,0.2,0.6
earl,0.3,0.0,-0.1,0.2,0.7,0.1
endless,0.8,0.6,0.2,-0.2,0.9,0.2
escaped,-0.4,-0.4,0.5,0.1,0.0,0.4
examine,0.1,0.0,-0.2,-0.1,0.1,-0.3
floating,-0.8,0.8,0.4,0.1,0.0,-0.5
garbage,0.4,0.0,-0.6,0.2,-0.1,0.2
gospel,0.5,0.3,0.1,0.7,0.7,0.6
grain,-0.4,0.3,-0.2,0.3,0.4,-0.4
grid,0.3,0.0,0.1,-0.5,-0.4,0.0
grows,0.2,0.2,0.3,0.5,0.1,0.1
heating,0.1,0.3,0.1,0.8,0.1,0.2
identification,-0.1,0.1,-0.2,-0.2,0.1,-0.2
knees,0.2,-0.1,0.2,0.2,0.0,0.1
lap,-0.2,0.1,-0.3,0.5,0.1,-0.4
lions,0.6,0.0,0.3,0.5,0.3,0.7
liver,0.3,0.0,-0.5,0.4,0.1,-0.1
metro,0.5,0.0,-0.2,-0.2,-0.2,0.5
metropolitan,0.4,0.0,-0.3,-0.1,-0.1,0.3
mines,0.7,0.0,-0.6,-0.3,0.5,0.3
mixture,0.1,0.1,-0.4,0.0,0.0,0.0
nominated,0.0,0.0,0.0,0.1,0.0,0.2
oak,0.6,0.0,0.2,0.3,0.5,-0.1
parliamentary,0.3,0.0,-0.3,-0.3,0.4,0.2
patent,-0.1,0.3,-0.1,-0.2,0.2,-0.1
perception,-0.4,0.3,0.2,-0.1,0.1,-0.3
physician,0.2,0.0,0.0,0.2,0.3,-0.1
portland,0.3,0.0,-0.3,0.0,0.2,0.0
proceed,0.0,-0.2,0.3,0.0,-0.1,0.2
proceedings,0.2,0.1,-0.2,-0.2,0.3,0.1
pupils,-0.2,0.0,0.3,0.3,-0.6,-0.2
reserved,0.1,0.0,-0.4,-0.4,0.1,-0.7
restore,0.1,0.0,0.4,0.3,0.3,0.1
rifle,0.4,-0.5,0.1,-0.3,0.2,0.8
rival,0.2,0.0,0.2,-0.3,0.1,0.5
rs,-0.3,0.0,0.0,0.0,-0.2,-0.4
runner,-0.1,-0.3,0.6,0.4,-0.3,0.3
sadly,0.3,0.2,-0.6,-0.3,0.1,-0.5
sc,-0.3,0.0,0.0,0.0,-0.2,-0.4
shoulders,0.4,0.0,0.1,0.3,0.1,0.1
significance,0.5,0.0,-0.2,0.0,0.2,0.1
sits,0.1,0.0,-0.4,0.2,0.0,-0.5
sizes,0.0,0.0,0.1,0.0,-0.1,0.0
slept,0.1,0.1,-0.6,0.5,0.0,-0.8
soap,-0.2,0.2,0.1,0.2,0.1,-0.3
spray,-0.6,0.6,0.3,-0.2,-0.3,0.3
stored,0.3,0.0,-0.4,-0.2,0.3,-0.5
stressed,0.4,-0.1,-0.5,0.3,-0.1,0.6
structural,0.5,0.0,0.1,-0.3,0.1,0.0
suite,0.2,0.0,0.1,0.3,0.0,-0.2
tbh,-0.7,0.0,0.4,0.1,-0.9,-0.1
tropical,0.1,0.2,0.2,0.9,0.1,0.3
ukrainian,0.2,0.0,0.1,0.1,0.3,0.2
unnecessary,0.1,0.2,-0.3,-0.2,0.0,-0.1
verse,-0.3,0.3,0.3,0.2,0.4,-0.2
victor,0.3,0.0,0.4,0.4,0.2,0.6
vintage,0.2,0.1,-0.2,0.4,0.7,-0.2
warned,0.2,0.0,-0.2,-0.1,0.1,0.5
watson,0.1,0.0,0.0,0.1,0.2,0.0
acres,0.6,0.0,-0.5,0.1,0.4,-0.3
adapted,0.0,0.0,0.4,0.1,0.1,0.0
adoption,0.2,0.0,-0.2,0.4,0.1,-0.1
anonymous,-0.3,0.3,-0.1,-0.4,0.0,-0.5
antonio,0.1,0.0,0.1,0.3,0.2,0.1
approaching,0.2,-0.1,0.0,0.0,-0.1,0.3
artistic,-0.1,0.2,0.3,0.3,0.1,0.1
attendance,0.1,0.0,-0.2,0.0,0.0,-0.2
aviation,0.4,0.3,0.2,-0.1,-0.2,0.6
barrel,0.6,0.0,0.3,0.1,0.3,0.2
beds,0.4,0.2,-0.1,0.6,0.1,-0.4
beloved,0.3,0.3,0.1,0.8,0.3,0.1
bless,0.1,0.4,0.2,0.6,0.6,0.2
boxing,0.5,-0.2,0.4,0.2,0.2,0.7
celebrating,0.1,0.4,0.6,0.7,0.0,0.8
charging,0.5,-0.3,0.3,0.4,-0.2,0.7
chemicals,0.1,0.1,-0.2,-0.3,-0.2,0.2
chuck,0.2,-0.2,0.5,0.1,-0.1,0.4
cinema,0.2,0.1,0.1,0.2,0.1,0.3
colonial,0.5,0.0,-0.3,0.0,0.6,0.2
comics,-0.2,0.2,0.5,0.2,-0.3,0.3
compliance,0.3,0.0,-0.5,-0.4,0.1,-0.3
contrary,0.1,0.0,0.4,-0.2,0.1,0.3
controlling,0.5,-0.1,-0.4,-0.5,0.1,0.4
corporations,0.7,0.0,-0.4,-0.6,-0.1,0.2
couch,0.4,0.1,-0.2,0.5,0.1,-0.3
crush,0.6,-0.2,-0.5,0.1,0.0,0.8
dam,0.9,0.0,-0.6,-0.2,0.4,0.2
decrease,-0.2,-0.1,-0.1,-0.2,0.0,-0.3
defeated,0.4,0.0,-0.7,-0.4,0.2,-0.4
diabetes,0.3,0.0,-0.5,-0.1,0.1,-0.1
dressing,-0.1,0.2,-0.1,0.2,0.0,-0.2
expanding,0.3,0.4,0.4,0.3,0.0,0.4
fears,0.4,0.1,-0.3,-0.5,0.2,0.5
fires,0.2,0.5,0.1,1.0,0.3,0.8
genre,-0.1,0.0,0.1,0.0,0.2,-0.2
gentle,-0.3,0.4,0.2,0.5,0.1,-0.7
grammar,0.3,0.0,-0.3,-0.2,0.5,-0.3
hiv,0.5,0.0,-0.6,-0.4,-0.3,0.2
idk,-0.5,0.2,0.3,-0.1,-0.9,-0.5
illustrated,0.1,0.2,0.1,0.2,0.3,-0.1
invented,0.2,0.1,0.3,0.1,-0.1,0.2
jake,0.0,0.0,0.3,0.2,-0.2,0.1
jam,0.2,0.3,-0.6,0.3,0.1,0.1
jamie,-0.1,0.0,0.3,0.3,-0.3,0.0
jessica,-0.1,0.0,0.2,0.3,-0.3,0.1
keith,0.1,0.0,0.1,0.1,0.1,0.0
kent,0.3,0.0,-0.1,0.0,0.3,0.1
layers,0.3,0.3,-0.2,0.2,0.2,-0.2
lease,0.1,0.2,-0.3,-0.3,0.1,-0.2
lens,0.0,0.0,0.2,-0.4,-0.1,-0.2
licensed,0.2,0.1,-0.3,-0.3,0.1,0.0
loyalty,0.5,0.0,0.1,0.5,0.3,0.2
madison,0.0,0.0,0.0,0.1,0.1,0.0
magnetic,0.3,-0.3,0.4,0.2,0.0,0.3
metres,0.0,0.0,0.0,-0.2,0.1,-0.1
monsters,0.6,0.0,0.1,-0.3,0.5,0.7
mysterious,0.1,0.3,-0.2,-0.3,0.4,-0.4
notion,-0.5,0.4,0.3,0.0,0.1,-0.3
partial,-0.2,0.0,-0.1,0.0,0.0,-0.1
piss,-0.2,-0.1,-0.4,0.4,-0.1,0.3
placing,0.0,0.0,-0.1,0.0,-0.2,-0.2
propaganda,0.5,0.3,-0.3,0.2,0.3,0.6
rat,-0.3,-0.2,0.2,0.3,0.1,0.1
reflection,-0.4,0.3,0.2,-0.3,0.2,-0.6
reminded,0.1,0.0,0.0,0.2,0.1,-0.1
resolve,0.6,-0.1,-0.1,0.2,0.2,0.3
revolutionary,0.4,0.2,0.3,0.5,0.2,0.8
scandal,0.3,-0.1,0.1,0.4,0.1,0.7
shine,-0.5,0.3,0.3,0.6,0.0,0.3
si,-0.1,0.0,0.0,0.0,0.0,0.0
simultaneously,0.2,0.1,0.1,-0.1,0.0,0.2
substitute,-0.1,0.0,0.1,-0.1,-0.1,-0.1
surveillance,0.4,0.3,-0.4,-0.6,-0.2,-0.4
tactics,0.2,-0.2,0.1,-0.2,0.2,0.2
testimony,0.5,0.0,-0.2,0.1,0.3,0.3
thai,-0.1,0.0,0.1,0.5,0.4,0.1
treasure,0.6,0.0,-0.1,0.5,0.6,0.2
trophy,0.4,0.0,0.2,0.3,0.2,0.3
tweet,-0.8,0.3,0.7,0.1,-0.9,0.2
tyler,0.0,0.0,0.0,0.1,-0.2,0.0
underlying,0.3,-0.1,-0.2,-0.1,0.1,-0.2
unfair,0.2,0.0,-0.2,-0.3,0.0,0.4
villages,0.4,0.0,-0.2,0.4,0.5,-0.2
von,0.0,0.1,0.0,-0.1,0.3,0.0
wa,-0.1,0.0,0.0,0.0,-0.1,0.0
acceptance,0.2,0.2,0.1,0.5,0.1,-0.2
accidents,0.3,-0.3,-0.1,-0.1,-0.1,0.7
affects,0.1,0.0,0.0,0.0,0.0,0.0
annually,0.1,0.1,0.0,-0.1,0.1,-0.2
apologize,0.1,0.1,-0.1,0.3,0.0,0.1
appreciated,0.2,0.2,0.1,0.6,0.1,0.1
approached,0.1,0.0,0.0,0.1,0.0,-0.1
arriving,0.0,0.0,0.1,0.2,-0.1,0.1
ash,-0.6,0.6,-1.0,0.6,0.3,-0.5
aunt,0.1,0.0,0.1,0.6,0.3,0.1
benjamin,0.2,0.1,0.0,0.2,0.4,0.0
blake,0.0,0.0,0.1,0.1,0.2,0.1
bubble,-0.8,0.8,0.9,0.1,-0.4,-0.5
buyers,0.1,0.0,0.1,0.0,0.0,0.1
casino,0.3,0.1,0.3,0.4,-0.1,0.6
charts,-0.1,0.3,0.2,-0.2,-0.3,0.1
clouds,-0.6,0.7,-0.5,-0.2,0.2,-0.5
connecting,-0.1,0.2,0.3,0.2,-0.2,0.0
counsel,0.3,0.0,-0.2,0.1,0.4,-0.2
creature,0.2,0.0,0.1,0.3,0.3,0.2
deadly,0.5,-0.4,-0.4,-0.3,0.1,0.7
decides,0.2,-0.2,0.1,0.0,-0.1,0.2
der,0.0,0.0,0.0,0.0,0.0,0.0
desired,0.1,0.2,0.2,0.5,0.0,0.3
determination,0.6,0.0,0.2,0.4,0.1,0.5
embrace,0.2,0.4,0.1,0.7,0.2,-0.1
emerged,0.1,0.2,0.2,0.1,-0.2,0.2
exhibit,0.3,0.0,-0.1,-0.1,0.1,0.1
flew,-0.5,0.5,0.4,0.1,0.0,0.3
gentleman,0.3,0.2,-0.1,0.3,0.4,-0.2
gm,-0.1,0.0,0.0,0.0,-0.5,0.0
halloween,0.1,0.3,0.3,0.3,0.3,0.5
hammer,0.7,0.0,-0.1,0.1,0.3,0.6
hitler,0.8,0.0,-0.6,-0.8,0.3,0.7
hosting,0.1,0.1,0.1,0.3,-0.3,0.1
icon,0.4,0.2,0.1,0.2,0.5,0.2
imposed,0.6,-0.2,-0.4,-0.3,0.1,0.4
indigenous,0.3,0.0,-0.2,0.3,0.8,0.0
infinite,0.9,0.6,0.0,0.0,1.0,0.3
installation,0.4,0.0,-0.2,-0.2,-0.3,0.1
inter,0.0,0.0,0.1,0.0,-0.1,0.0
interactions,0.0,0.1,0.4,0.2,-0.2,0.1
introducing,-0.1,0.1,0.2,0.2,-0.6,0.3
iranian,0.2,0.0,-0.1,0.4,0.6,0.1
kicking,0.2,-0.3,0.8,0.2,-0.2,0.6
laying,0.1,0.1,-0.3,0.1,0.0,-0.3
legislature,0.7,0.0,-0.5,-0.2,0.5,0.3
liability,0.5,-0.1,-0.5,-0.4,0.1,0.2
maine,0.3,0.0,-0.2,-0.3,0.3,-0.2
makers,0.2,0.0,0.2,0.4,0.2,0.1
manhattan,0.8,0.0,0.1,0.1,0.2,0.5
marathon,0.6,0.0,0.3,0.5,0.6,0.6
marvel,0.2,0.4,0.5,0.4,0.2,0.5
michelle,0.0,0.0,0.1,0.3,-0.2,0.0
moreover,0.0,0.1,0.0,0.0,0.0,0.0
mps,0.2,0.0,-0.2,-0.1,0.2,0.2
neil,0.0,0.0,0.1,0.1,0.0,-0.1
organisations,0.6,0.0,-0.3,-0.2,0.2,0.1
ours,0.1,0.1,0.1,0.4,0.0,0.0
parade,0.4,0.3,0.4,0.5,0.2,0.7
paradise,0.1,0.6,0.2,0.7,0.7,0.1
perceived,0.1,0.2,0.0,-0.1,0.0,-0.2
pics,-0.3,-0.1,0.2,0.0,-0.7,0.1
planes,0.7,0.3,0.1,-0.1,-0.3,0.7
politician,0.4,0.2,-0.2,-0.3,0.3,0.4
preliminary,0.1,0.2,0.1,-0.2,-0.5,-0.1
premiere,-0.2,0.2,0.3,0.3,-0.8,0.5
presidency,0.6,0.0,-0.3,0.0,0.3,0.3
reaches,0.0,0.2,0.1,0.0,0.0,0.1
react,-0.1,-0.3,0.6,0.1,-0.2,0.4
realistic,0.2,0.0,-0.1,-0.1,0.0,-0.1
remarks,-0.2,0.1,0.1,0.1,0.0,0.2
retain,0.3,0.0,-0.4,0.0,0.1,-0.1
roberts,0.0,0.0,0.0,0.0,0.1,0.0
rocky,0.6,0.0,0.1,-0.1,0.5,0.2
russians,0.3,0.0,-0.2,-0.4,0.3,0.2
saints,0.1,0.3,0.2,0.5,0.8,0.1
satisfaction,0.2,0.0,-0.1,0.6,0.1,-0.1
scratch,-0.4,-0.3,-0.1,0.1,-0.1,0.4
shade,-0.5,0.4,-0.2,-0.5,0.1,-0.6
sheets,-0.3,0.5,-0.1,0.3,0.0,-0.4
sheriff,0.4,0.0,-0.1,0.1,0.3,0.3
shy,-0.5,0.2,-0.2,0.1,-0.2,-0.7
sometime,-0.3,0.1,0.0,0.0,-0.1,-0.3
spirits,-0.6,0.6,0.3,0.2,0.5,0.1
sporting,-0.1,0.0,0.7,0.3,-0.2,0.4
strictly,0.4,-0.1,-0.6,-0.4,0.1,0.3
sunshine,-0.7,0.5,0.2,0.9,0.0,0.3
teens,-0.2,0.0,0.5,0.3,-0.8,0.5
thou,0.1,0.0,-0.1,0.2,0.9,-0.1
tier,0.3,0.0,0.0,-0.1,0.1,-0.1
tommy,-0.1,0.0,0.2,0.3,-0.2,0.1
travelling,-0.1,0.2,0.4,0.2,0.1,0.1
vancouver,0.2,0.0,0.1,-0.2,0.0,0.0
vocal,-0.2,0.2,0.2,0.3,0.0,0.6
warrior,0.5,-0.2,0.1,0.2,0.6,0.7
worries,0.3,0.0,-0.3,-0.2,0.0,0.2
yield,0.1,0.2,-0.6,0.0,0.2,-0.3
accomplished,0.3,0.0,0.1,0.4,0.2,0.1
admission,0.1,0.0,0.0,0.0,0.0,0.1
adventures,-0.1,0.2,0.6,0.4,0.1,0.5
aka,-0.4,-0.2,0.1,-0.1,-0.5,0.0
appearing,-0.3,0.3,0.2,0.0,-0.3,-0.1
bacon,0.1,0.0,-0.2,0.7,0.0,0.2
barrier,0.7,0.0,-0.5,-0.2,0.1,0.1
belgium,0.2,0.0,0.0,0.1,0.4,0.0
believing,-0.2,0.3,0.2,0.5,0.1,0.0
blacks,0.1,0.0,0.0,0.0,0.1,0.1
bombs,0.7,-0.3,0.1,0.8,-0.1,0.9
burst,-0.1,-0.2,0.5,0.4,-0.2,0.8
caps,-0.2,0.1,0.3,0.1,-0.1,0.1
casting,0.3,-0.1,-0.3,0.2,0.2,0.1
cattle,0.6,0.0,-0.2,0.3,0.4,0.1
classroom,0.2,0.0,0.0,0.2,-0.1,0.2
collins,0.0,0.0,0.0,0.0,0.1,0.0
colours,-0.4,0.4,0.4,0.4,0.1,0.3
compromise,0.2,0.0,0.1,0.1,0.2,-0.2
convenient,-0.2,0.0,0.2,0.1,-0.4,-0.1
costa,0.1,0.0,-0.1,0.3,0.1,0.0
criminals,0.3,0.0,-0.2,-0.4,0.1,0.4
crop,0.2,0.1,-0.3,0.2,0.3,-0.1
earthquake,0.9,0.0,-0.7,0.4,0.5,0.9
elderly,0.2,0.3,-0.4,0.3,0.7,-0.3
eliminate,0.4,-0.3,-0.5,-0.5,0.0,0.6
embarrassing,0.3,0.1,0.1,0.5,-0.2,0.3
farmer,0.3,0.0,-0.2,0.4,0.4,0.1
finest,-0.1,0.2,0.3,0.2,0.2,0.3
grants,0.1,0.2,0.0,0.1,0.2,0.0
harbor,0.6,0.0,-0.4,0.2,0.5,-0.2
harvey,0.1,0.0,0.0,0.1,0.2,0.0
hates,0.4,-0.2,-0.3,0.6,0.1,0.7
incidents,0.2,-0.1,-0.1,-0.1,-0.1,0.3
inform,-0.1,-0.2,0.1,-0.1,0.0,0.1
ion,-0.8,-0.4,0.6,0.2,0.1,0.2
jeremy,0.0,0.0,0.1,0.1,0.1,0.0
lesbian,0.0,0.0,0.2,0.4,0.1,0.2
lovers,0.1,0.3,0.3,0.7,0.2,0.1
lt,0.0,-0.1,0.0,-0.1,0.1,0.0
mathematics,0.6,0.0,0.1,-0.6,0.8,-0.4
medication,-0.1,-0.1,-0.2,-0.2,-0.2,-0.2
minded,-0.1,0.2,0.1,0.0,0.1,-0.1
morris,0.1,0.0,0.0,0.2,0.3,0.0
norway,0.5,0.0,-0.3,-0.7,0.5,-0.2
par,-0.2,-0.1,0.2,0.0,0.1,-0.1
podcast,-0.3,0.2,0.3,0.2,-0.9,0.2
portfolio,0.2,0.3,-0.1,-0.1,-0.2,-0.2
productivity,0.3,-0.2,0.1,-0.2,-0.4,0.2
promoted,-0.1,-0.2,0.4,0.3,-0.2,0.3
protocol,0.4,0.0,-0.3,-0.5,0.2,-0.2
quietly,-0.4,0.4,-0.2,0.0,0.0,-0.8
rachel,-0.1,0.0,0.1,0.2,0.1,0.0
replacing,0.1,-0.1,0.2,-0.2,-0.5,0.1
responsibilities,0.7,0.0,-0.6,-0.2,0.2,0.1
salad,-0.3,0.4,-0.1,-0.4,-0.1,-0.3
scholarship,0.3,0.2,0.1,0.2,0.4,0.1
screening,0.1,0.3,-0.1,-0.4,-0.3,-0.1
sends,-0.2,-0.3,0.4,0.1,-0.2,0.1
smiling,-0.4,0.4,0.5,0.7,0.0,-0.3
soup,0.1,0.1,-0.5,0.8,0.3,-0.4
southeast,0.2,0.1,-0.1,0.4,0.2,-0.1
stake,0.4,-0.4,-0.2,0.2,0.4,0.2
stating,0.1,0.0,0.0,-0.2,0.0,0.1
strain,0.5,-0.1,-0.4,0.3,0.1,0.4
suspected,0.2,0.2,-0.2,-0.3,0.0,0.1
swift,-0.5,-0.6,0.7,0.1,-0.2,0.4
tackle,0.5,-0.3,0.2,0.2,0.1,0.6
tigers,0.4,-0.2,0.4,0.5,0.1,0.6
timeline,-0.1,0.1,0.1,-0.2,0.0,-0.2
torture,0.7,0.3,-0.7,0.6,0.5,0.8
traded,0.0,-0.1,0.2,0.1,0.1,0.1
translated,-0.1,0.1,0.0,-0.1,0.2,-0.3
tricks,-0.4,-0.2,0.6,0.1,-0.1,0.3
twins,0.2,0.0,0.3,0.4,-0.2,0.2
urgent,0.3,-0.4,0.2,0.5,-0.4,0.7
vegetables,0.1,0.0,-0.2,0.2,0.1,-0.3
vertical,0.0,-0.3,0.1,-0.3,0.0,0.1
violation,0.5,-0.2,-0.5,0.3,0.1,0.7
wallet,0.1,0.1,-0.1,0.2,0.1,-0.4
welsh,0.2,0.0,0.1,0.3,0.6,0.1
workshop,0.4,0.0,0.1,0.5,0.3,0.3
wrapped,-0.2,0.2,-0.3,0.3,-0.1,-0.4
aboard,0.1,0.1,0.1,0.2,0.1,0.2
abstract,-0.3,0.2,0.2,-0.5,0.1,-0.4
accent,-0.2,0.1,0.3,0.3,0.2,0.3
addiction,0.6,-0.2,-0.6,0.4,0.2,0.5
associates,0.1,0.0,0.1,-0.1,0.0,-0.1
awake,-0.2,0.3,0.4,0.2,-0.5,0.2
beam,0.5,-0.3,0.3,0.4,0.2,0.4
beans,-0.1,-0.1,0.1,0.3,0.2,-0.3
binding,0.3,0.0,-0.3,0.1,0.4,-0.1
blank,-0.5,0.3,0.1,-0.6,-0.3,-0.7
buffalo,0.8,0.0,-0.2,0.4,0.5,0.3
cbs,-0.2,0.0,0.1,-0.3,-0.2,0.2
commons,0.3,0.0,0.0,0.2,0.5,0.0
conservatives,0.4,0.0,-0.2,-0.2,0.4,0.2
contacts,-0.3,0.1,0.3,-0.1,-0.2,-0.2
conviction,0.6,-0.2,-0.4,0.2,0.3,0.5
corrupt,0.4,-0.1,-0.5,-0.1,0.3,0.3
cow,0.5,0.0,-0.3,0.5,0.3,-0.2
curve,0.0,0.2,0.5,0.1,0.0,-0.2
depressed,0.7,-0.2,-0.8,-0.5,0.1,-0.6
deserved,0.3,0.0,-0.1,0.1,0.2,0.1
dining,0.2,0.0,0.1,0.6,0.2,-0.2
disorders,0.4,0.1,-0.4,0.1,0.1,0.4
duration,0.2,0.3,-0.2,-0.2,0.2,-0.3
eddie,-0.1,0.2,0.3,0.4,-0.1,0.1
emily,-0.3,0.2,0.2,0.3,-0.2,-0.3
encouraging,-0.2,0.4,0.4,0.7,-0.2,0.3
farms,0.5,0.0,-0.2,0.5,0.4,-0.2
fifteen,-0.2,0.0,0.2,0.0,-0.4,-0.1
flows,-0.3,0.2,0.3,0.2,0.0,-0.3
ga,-0.2,0.0,0.1,0.1,0.1,0.0
genes,-0.4,0.1,0.2,-0.1,0.6,-0.4
graduated,0.2,0.1,0.2,0.3,-0.3,0.2
grandmother,0.4,0.1,-0.3,0.8,0.7,-0.2
harsh,0.4,-0.3,-0.5,-0.4,0.1,0.7
heights,0.1,0.3,0.2,-0.2,0.1,0.3
horn,0.3,-0.2,0.4,0.2,0.3,0.8
hurry,-0.2,-0.4,0.5,0.3,-0.4,0.6
immune,0.2,0.1,0.1,-0.1,0.0,0.2
inflation,0.3,0.6,0.6,0.4,-0.2,0.3
ingredients,-0.1,0.0,0.1,0.3,-0.1,0.1
inspection,0.2,0.1,-0.2,-0.3,0.0,0.1
install,0.3,0.0,-0.1,-0.2,-0.5,0.2
instruction,0.1,0.2,-0.1,-0.2,0.0,0.3
intensity,0.4,-0.3,0.5,0.5,0.0,0.9
inventory,0.4,0.0,-0.3,-0.2,0.1,-0.1
investigated,0.2,0.0,-0.2,-0.3,0.1,0.1
invitation,-0.3,0.3,0.2,0.5,0.0,0.1
judicial,0.6,0.0,-0.4,-0.4,0.4,0.3
justify,0.2,0.0,0.1,-0.1,0.1,0.4
kyle,0.0,0.0,0.1,0.1,-0.3,0.1
lakes,0.5,0.0,-0.2,-0.2,0.6,-0.3
lean,-0.3,-0.3,0.3,0.1,-0.1,-0.1
lecture,0.3,0.2,-0.3,-0.2,0.3,0.4
libraries,0.6,0.0,-0.5,0.2,0.5,-0.7
logical,0.2,-0.2,0.1,-0.6,0.2,-0.2
mason,0.5,0.0,-0.3,0.1,0.5,0.1
meaningful,0.4,0.1,-0.1,0.6,0.2,-0.1
migration,0.4,0.4,0.1,0.1,0.4,0.2
missile,0.7,-0.8,0.3,0.6,-0.3,0.9
motivated,0.2,-0.2,0.4,0.5,-0.2,0.5
muscles,0.4,0.0,0.4,0.4,0.1,0.4
nancy,-0.1,0.0,0.1,0.3,0.2,0.0
norman,0.2,0.0,-0.1,0.1,0.3,0.0
northwest,0.3,0.3,-0.1,-0.6,0.2,0.1
nurses,0.1,0.0,0.2,0.5,0.1,0.0
organ,0.6,0.0,-0.2,0.2,0.5,0.7
patrol,0.3,0.0,0.1,-0.2,0.1,0.3
pearl,-0.1,-0.2,0.4,-0.2,0.4,-0.4
peer,0.0,0.0,0.1,0.1,0.0,-0.2
pepper,-0.3,0.4,0.3,0.7,0.1,0.6
pig,0.4,0.0,-0.1,0.3,0.1,0.3
pile,0.3,0.0,-0.5,0.0,0.1,-0.2
plug,0.1,-0.1,0.5,-0.1,-0.2,0.1
provision,0.3,0.0,-0.1,0.3,0.3,0.1
releasing,-0.3,0.5,0.6,0.1,-0.2,0.3
requiring,0.3,0.0,-0.2,-0.2,0.0,0.3
revised,0.1,0.2,0.1,-0.1,-0.3,0.0
rod,0.4,-0.5,0.3,-0.3,0.2,0.2
scream,-0.1,-0.4,0.5,0.6,0.0,1.0
stairs,0.4,0.0,0.1,0.0,0.3,0.2
staring,0.2,-0.2,-0.4,-0.4,0.1,-0.5
statistical,0.1,0.0,-0.2,-0.7,-0.3,-0.3
sticks,-0.2,0.1,0.3,0.2,0.2,0.1
strangers,0.2,0.0,-0.1,-0.5,0.1,0.2
succeeded,0.2,0.2,0.3,0.3,-0.1,0.3
sweat,0.1,-0.2,-0.4,0.6,-0.2,0.2
switched,-0.2,-0.3,0.2,-0.1,-0.3,0.1
syrian,0.2,0.0,-0.2,0.4,0.6,0.1
tattoo,0.1,0.0,-0.3,0.3,0.1,0.2
teenage,-0.3,0.1,0.5,0.4,-0.8,0.4
thunder,0.7,-0.1,0.0,0.1,0.8,0.9
tours,-0.1,0.1,0.1,0.2,-0.2,0.1
tragedy,0.7,-0.2,-0.6,-0.3,0.5,0.5
trauma,0.8,-0.2,-0.7,0.1,0.2,0.6
vincent,0.1,0.1,0.0,0.3,0.3,0.0
wrestling,0.5,0.0,0.2,0.5,0.3,0.6
zoo,0.4,0.0,0.2,0.3,0.1,0.4
accordance,0.2,0.0,-0.2,-0.1,0.3,-0.3
acquire,0.2,-0.1,-0.1,0.0,0.0,0.0
activist,0.1,0.1,0.3,0.4,-0.2,0.6
activists,0.2,0.1,0.3,0.4,-0.2,0.7
addresses,0.0,0.2,0.0,-0.1,0.0,-0.1
alike,-0.1,0.0,0.1,0.0,0.0,-0.2
applicable,0.1,0.0,-0.2,-0.3,0.0,-0.2
arrow,-0.1,-0.4,0.3,-0.1,0.6,0.2
availability,-0.2,0.1,0.1,-0.1,-0.4,-0.2
aw,-0.4,0.4,0.2,0.6,-0.3,-0.2
ba,-0.3,0.1,0.1,0.0,0.1,-0.1
bend,0.1,0.1,0.4,0.1,0.0,0.1
boundary,0.4,0.0,-0.4,-0.2,0.3,-0.1
breach,0.4,-0.2,-0.2,0.1,0.2,0.6
cabin,0.4,0.0,-0.1,0.7,0.4,-0.3
cage,0.5,0.2,0.1,-0.4,0.3,0.2
chancellor,0.5,0.0,-0.3,-0.2,0.5,0.2
cheers,-0.1,0.3,0.6,0.7,-0.2,0.7
circles,-0.1,0.1,0.2,0.0,0.5,-0.3
closet,0.3,0.0,-0.2,0.1,0.2,-0.5
combine,0.4,0.0,-0.1,0.1,0.0,0.2
companion,0.2,0.0,0.1,0.8,0.3,-0.1
comparing,0.0,0.0,0.0,-0.2,-0.1,-0.2
consciousness,0.3,0.4,0.0,0.3,0.7,-0.2
consultant,0.1,0.0,-0.1,-0.3,-0.2,-0.1
controller,0.2,-0.1,0.1,-0.2,-0.4,0.1
corresponding,0.1,0.1,-0.1,-0.2,0.1,-0.3
courtesy,0.0,0.2,0.2,0.4,0.4,-0.4
cuba,0.2,0.1,0.1,0.8,0.3,0.3
damages,0.4,-0.1,-0.4,-0.3,0.1,0.3
demanding,0.5,-0.1,-0.2,-0.2,-0.1,0.5
disc,0.0,0.4,0.5,-0.2,-0.2,0.0
dishes,0.1,0.0,-0.1,0.3,0.1,0.2
dozens,0.3,0.0,0.1,0.1,0.1,0.2
eagle,0.3,0.6,0.1,0.2,0.6,0.3
eaten,0.1,0.0,-0.4,0.3,0.0,-0.1
embassy,0.6,0.0,-0.4,-0.2,0.4,0.1
engaging,-0.2,0.2,0.3,0.4,-0.3,0.3
fascinating,-0.1,0.2,0.2,0.3,-0.1,0.4
financing,0.3,0.0,-0.2,-0.4,0.0,0.1
fitted,0.1,0.0,0.1,0.1,-0.1,0.0
flexible,-0.3,0.2,0.7,0.1,-0.2,0.1
gaining,0.2,0.0,0.2,0.1,-0.2,0.3
gentlemen,0.4,0.0,-0.1,0.3,0.5,-0.1
goodness,-0.1,0.3,0.2,0.6,0.2,0.2
guilt,0.8,0.0,-0.7,-0.3,0.3,0.2
haven,-0.1,0.3,-0.1,0.7,0.3,-0.6
helicopter,0.6,0.5,-0.3,-0.2,-0.4,0.8
homework,0.3,0.3,-0.4,-0.2,-0.2,-0.2
households,0.3,0.0,-0.1,0.4,0.1,-0.1
hp,0.0,0.0,0.1,-0.4,-0.5,0.0
iconic,0.3,0.0,0.1,0.2,0.4,0.5
infected,0.3,-0.1,-0.6,0.5,0.1,0.4
keen,-0.3,-0.5,0.4,-0.1,0.1,0.4
kenya,0.3,0.0,0.1,0.8,0.5,0.1
lesser,-0.4,0.0,-0.2,-0.2,0.0,-0.4
liberals,0.0,0.0,0.2,0.1,0.0,0.3
lip,-0.2,0.1,0.3,0.5,0.0,-0.1
mandatory,0.6,-0.1,-0.5,-0.5,0.1,0.4
manufactured,0.4,0.0,0.0,-0.5,-0.4,0.1
mechanics,0.5,-0.1,0.1,-0.1,0.2,0.4
mere,-0.6,0.3,-0.2,-0.2,0.0,-0.6
miracle,-0.4,0.5,0.5,0.6,0.4,0.7
mt,0.8,0.0,-0.4,-0.5,0.8,-0.3
mud,0.5,0.0,-0.9,0.1,0.4,-0.5
murphy,0.2,0.0,0.0,0.3,0.2,0.0
nathan,0.1,0.0,0.1,0.2,0.2,0.0
observation,0.1,0.0,-0.1,-0.3,0.1,-0.4
operates,0.3,0.0,0.1,-0.2,-0.1,0.2
owe,0.5,0.0,-0.4,-0.2,0.1,0.1
permitted,0.2,0.1,-0.1,-0.1,0.0,-0.1
phenomenon,0.4,0.2,0.2,0.1,0.2,0.6
pittsburgh,0.6,0.0,-0.2,0.1,0.3,0.2
playoff,0.3,0.0,0.6,0.3,-0.4,0.8
precise,-0.2,-0.4,0.2,-0.6,-0.2,0.0
profession,0.3,0.0,-0.1,0.0,0.3,0.1
prospect,0.1,0.0,0.3,0.2,-0.2,0.2
protective,0.4,0.2,-0.2,0.5,0.1,0.1
providers,0.3,0.0,-0.1,0.3,0.0,0.0
publisher,0.3,0.2,-0.1,0.1,0.3,0.0
putin,0.7,-0.1,-0.5,-0.8,0.2,0.4
reportedly,-0.3,0.3,-0.1,-0.3,-0.2,-0.3
retreat,0.1,0.1,-0.3,0.2,0.3,-0.6
rookie,-0.2,0.0,0.4,0.2,-0.8,0.3
sandwich,0.1,0.1,-0.4,0.3,-0.3,-0.3
seeks,0.0,-0.2,0.2,0.1,0.0,0.2
sentences,0.3,0.2,-0.3,-0.2,0.2,0.1
separation,0.3,0.0,-0.4,-0.3,0.1,0.2
sexually,0.1,0.0,0.2,0.6,0.0,0.4
ski,-0.2,-0.5,0.4,-0.5,0.1,0.3
skilled,0.2,-0.1,0.1,0.2,0.2,0.1
sterling,0.4,-0.1,0.1,-0.2,0.4,0.2
stuart,0.1,0.0,0.0,0.1,0.3,0.0
surgeon,0.4,-0.2,-0.2,-0.1,0.2,0.1
theft,0.2,-0.3,-0.3,-0.2,0.2,0.3
um,-0.5,0.4,-0.2,0.0,-0.2,-0.7
understands,0.2,0.0,0.0,0.3,0.1,-0.1
valve,0.3,-0.1,0.2,0.0,0.1,0.1
visa,-0.4,0.3,-0.1,-0.1,0.0,-0.2
washing,-0.1,0.4,0.1,0.3,0.0,0.1
adjacent,0.0,0.0,0.0,0.0,0.0,-0.2
agreements,0.2,0.2,-0.2,0.1,0.2,0.0
appreciation,0.1,0.2,0.2,0.5,0.1,0.1
arabia,0.3,0.0,-0.1,0.8,0.7,0.1
athletic,0.1,-0.3,0.6,0.3,-0.1,0.4
authorized,0.3,0.0,-0.3,-0.2,0.2,0.2
banner,-0.2,0.6,0.1,0.2,0.2,0.3
beijing,0.5,0.0,-0.1,0.2,0.8,0.2
blew,-0.3,0.4,0.3,-0.3,0.0,0.4
blocking,0.5,-0.1,-0.4,-0.1,0.0,0.3
brad,0.0,-0.3,0.0,0.1,-0.1,0.0
caribbean,0.1,0.3,0.2,0.7,0.2,0.1
charm,-0.2,0.2,0.3,0.5,0.3,0.1
chasing,0.1,-0.3,0.4,0.3,-0.1,0.5
climbing,0.3,0.2,0.2,0.2,0.1,0.3
colony,0.4,0.0,-0.2,0.1,0.5,0.1
complaining,0.0,0.3,0.1,0.0,-0.1,0.4
cruel,0.4,-0.4,-0.3,-0.6,0.3,0.5
curriculum,0.3,0.1,-0.3,-0.2,0.3,-0.1
deadline,0.4,-0.4,-0.2,-0.2,-0.4,0.5
deer,0.0,-0.2,0.3,0.3,0.2,-0.3
delta,0.2,0.2,0.1,0.2,0.4,0.1
demanded,0.3,-0.2,-0.1,0.1,0.1,0.7
dive,0.1,-0.6,0.5,-0.2,0.0,0.4
divide,0.2,-0.2,-0.2,-0.2,0.1,0.3
easter,0.1,0.1,0.3,0.4,0.7,0.2
electoral,0.2,0.1,-0.2,-0.1,0.2,0.2
eleven,-0.1,-0.3,0.1,0.0,0.0,0.0
entity,0.1,0.2,-0.1,-0.4,0.3,-0.2
excessive,0.4,0.3,0.2,0.2,-0.1,0.6
exercises,0.1,0.0,0.3,0.2,0.0,0.2
feminist,0.1,0.1,0.0,0.2,-0.3,0.4
governing,0.4,0.0,-0.3,-0.1,0.3,0.1
ham,0.2,0.0,-0.1,0.4,0.1,0.0
heal,-0.1,0.3,0.2,0.6,0.3,-0.2
interface,0.0,0.1,0.1,-0.5,-0.7,-0.1
ios,-0.5,-0.2,0.1,-0.4,-0.8,-0.2
jewelry,0.2,0.0,0.3,0.1,0.4,0.0
journalism,0.1,0.2,-0.3,-0.1,0.2,0.2
juan,0.0,0.0,0.0,0.3,0.1,0.1
julia,0.0,0.0,0.1,0.3,0.1,0.1
jungle,0.6,0.2,-0.5,0.7,0.7,0.4
linear,-0.2,-0.3,0.2,-0.4,0.0,-0.3
mg,-0.6,0.1,0.1,-0.2,-0.3,-0.4
occasional,-0.2,0.2,0.0,0.0,0.0,-0.2
oriented,-0.1,-0.2,0.0,-0.1,-0.1,-0.1
pete,0.0,0.0,0.2,0.2,0.0,0.1
pilots,0.3,0.2,-0.1,0.0,0.1,0.5
prayers,-0.4,0.5,-0.4,0.4,0.6,-0.5
predicted,0.0,0.0,0.0,-0.1,0.0,0.0
pressed,0.4,0.2,-0.4,0.2,0.0,0.2
preventing,-0.1,0.0,-0.2,-0.1,0.0,0.1
prof,0.1,0.0,-0.1,0.1,0.3,0.1
provisions,0.4,0.0,-0.2,0.3,0.3,0.0
pursuit,-0.1,-0.4,0.3,0.4,0.0,0.4
rap,0.1,-0.2,0.6,0.3,-0.4,0.7
reflected,-0.3,0.2,0.1,-0.4,0.0,-0.4
reminder,-0.3,0.3,0.1,0.1,-0.1,-0.1
restored,0.3,0.1,0.1,0.4,0.3,0.1
resume,-0.2,0.3,0.0,-0.1,-0.1,0.0
rev,0.2,-0.3,0.4,0.6,0.1,0.8
richmond,0.5,0.0,-0.3,0.2,0.4,0.2
ridge,0.8,0.0,-0.6,-0.3,0.8,0.1
samsung,0.1,0.0,0.2,-0.4,-0.7,-0.1
scholars,0.2,0.0,-0.2,0.3,0.6,-0.6
sealed,0.3,0.1,-0.5,0.0,0.2,-0.5
sounded,0.0,0.2,0.1,0.0,0.0,0.5
sri,0.0,0.0,-0.1,0.3,0.8,-0.2
streams,-0.1,0.1,-0.2,-0.3,0.5,-0.2
strongest,0.7,0.0,0.1,0.3,0.2,0.7
tends,-0.1,0.0,0.0,0.0,0.0,-0.2
tribe,0.4,0.0,-0.2,0.6,0.8,0.5
unfortunate,0.3,0.1,-0.5,-0.3,0.1,-0.3
variable,-0.2,0.2,0.4,-0.2,-0.2,-0.2
victorian,0.6,0.1,-0.3,0.3,0.6,-0.2
worrying,0.3,0.4,0.2,-0.2,0.1,-0.2
zones,0.1,0.1,0.0,-0.1,-0.2,-0.1
ace,-0.2,-0.2,0.5,0.1,0.1,0.3
adjusted,-0.1,0.0,0.1,-0.1,-0.1,-0.2
alternate,-0.1,0.2,0.4,0.0,0.0,0.0
arrives,-0.1,0.0,0.1,0.3,0.0,0.2
artwork,0.3,0.2,-0.2,0.3,0.4,-0.4
ashley,0.0,0.0,0.1,0.2,-0.2,0.0
athlete,0.4,-0.3,0.6,0.6,-0.2,0.5
attraction,0.3,-0.3,0.3,0.4,0.0,0.4
babe,-0.3,0.3,-0.3,0.7,-0.8,0.1
bankruptcy,0.5,-0.2,-0.6,-0.4,0.2,0.1
canon,0.5,-0.2,-0.2,-0.1,0.6,0.0
capabilities,-0.2,0.0,0.1,0.0,-0.3,-0.1
cared,-0.2,0.3,0.1,0.6,0.0,-0.3
catherine,0.0,0.0,0.0,0.2,0.3,-0.2
chains,0.7,-0.2,-0.4,-0.5,0.4,0.4
closure,0.3,-0.1,-0.3,-0.1,0.0,-0.3
cognitive,-0.3,0.2,0.0,-0.4,-0.4,-0.4
competitors,0.1,0.0,0.2,-0.2,-0.1,0.2
connecticut,0.1,0.0,0.0,-0.2,0.3,-0.2
convert,0.0,0.0,0.3,0.0,-0.1,0.1
cooked,-0.1,0.0,-0.4,0.7,0.0,0.0
ct,0.0,0.0,0.0,0.0,0.0,0.0
cups,-0.2,0.1,0.3,0.3,0.1,0.1
deciding,0.1,0.0,0.0,-0.1,0.0,-0.2
defender,0.5,0.0,0.1,0.1,0.4,0.4
dental,-0.1,-0.2,0.2,-0.6,-0.2,0.2
diplomatic,0.2,0.2,0.1,-0.2,0.3,-0.5
divisions,0.4,0.0,-0.2,-0.3,0.1,0.2
drum,0.2,0.2,0.6,0.3,0.6,0.7
editorial,-0.1,0.3,-0.2,-0.2,0.1,-0.1
enabled,-0.3,0.1,0.3,0.0,-0.4,-0.2
entertaining,-0.2,0.3,0.5,0.4,-0.1,0.4
est,0.0,0.0,0.0,0.0,0.0,0.0
establishing,0.4,0.0,-0.3,0.0,0.0,0.0
eternal,0.6,0.5,0.0,-0.2,1.0,-0.4
freeze,-0.1,-0.3,0.2,-0.9,0.0,-0.4
generic,-0.3,0.0,-0.2,-0.3,-0.3,-0.4
grandma,0.1,0.2,-0.2,0.8,0.5,-0.4
grip,0.3,-0.2,-0.5,0.3,0.0,0.2
handful,-0.1,0.0,-0.3,0.3,0.0,-0.2
happily,-0.5,0.5,0.7,0.6,-0.3,0.3
harmony,-0.3,0.4,0.3,0.4,0.4,-0.2
hmm,-0.4,0.4,-0.2,0.1,0.0,-0.5
humble,0.2,0.1,-0.4,0.3,0.3,-0.6
hurting,0.5,-0.2,-0.5,0.4,0.0,0.4
hybrid,0.0,0.0,0.2,-0.2,-0.5,-0.1
intentions,-0.2,0.2,0.0,0.1,0.0,-0.5
investing,0.2,0.0,0.1,-0.3,-0.1,-0.2
keyboard,-0.1,0.0,0.4,-0.3,-0.6,0.2
lasting,0.4,0.2,0.1,0.2,0.5,-0.2
locally,-0.2,0.0,0.0,0.3,0.0,-0.2
loses,0.2,-0.2,-0.6,-0.4,0.0,-0.3
mild,-0.3,0.3,0.1,0.2,0.0,-0.5
minimal,-0.6,0.3,0.1,-0.5,-0.4,-0.7
mixing,0.0,0.2,-0.2,0.0,-0.1,0.1
molecular,-0.7,0.5,0.8,-0.4,-0.3,-0.8
nearest,0.0,0.0,0.1,0.2,-0.2,-0.2
neighbor,0.1,0.0,0.0,0.4,0.1,0.1
noon,0.0,0.3,0.0,0.8,0.1,-0.1
nowadays,-0.4,0.2,0.1,0.1,-0.6,-0.1
openly,-0.3,0.3,0.3,0.2,-0.2,0.2
overview,0.0,0.4,0.1,-0.1,-0.3,-0.2
pairs,-0.1,0.0,0.2,0.0,-0.1,-0.1
palestinian,0.3,0.0,-0.1,0.3,0.3,0.3
parish,0.3,0.0,-0.2,0.4,0.5,-0.3
pathetic,0.1,0.1,-0.4,-0.2,-0.1,0.3
poems,-0.2,0.3,0.2,0.3,0.4,-0.4
possibilities,-0.5,0.5,0.6,0.2,-0.4,0.1
potato,0.3,0.0,-0.5,0.4,0.1,-0.2
potter,0.2,0.0,0.1,0.3,0.4,-0.1
preference,-0.2,0.1,0.0,0.0,-0.2,-0.2
promising,-0.3,0.2,0.4,0.5,-0.7,0.2
proportion,0.1,0.0,-0.1,-0.2,0.1,-0.2
purchases,0.1,0.0,-0.1,0.0,-0.4,0.0
rage,0.4,-0.3,0.3,0.9,0.1,0.9
rd,-0.2,0.0,0.0,-0.1,-0.3,-0.2
reflects,-0.1,0.1,0.2,-0.2,0.0,-0.4
respected,0.4,0.0,-0.2,0.2,0.4,0.1
restoration,0.3,0.0,0.1,0.2,0.6,0.0
selfish,0.2,0.0,-0.3,-0.4,0.0,0.2
sergeant,0.5,-0.1,-0.2,0.0,0.2,0.6
silk,-0.6,0.7,-0.2,0.2,0.3,-0.6
stamp,0.2,-0.2,-0.3,0.1,0.2,0.4
throne,0.8,0.0,-0.4,0.1,0.8,0.2
thy,-0.2,0.1,0.0,0.2,0.8,-0.1
urge,0.3,-0.2,0.4,0.6,-0.1,0.5
voter,0.1,0.0,0.1,0.1,0.1,0.1
warner,0.2,0.0,-0.1,0.0,0.2,0.3
wasting,-0.1,0.2,-0.5,-0.3,-0.1,-0.1
witch,0.2,0.3,0.1,0.2,0.7,0.3
advantages,-0.2,0.1,0.3,0.1,-0.2,0.1
ally,0.3,0.0,0.2,0.5,0.3,0.2
archives,0.6,0.0,-0.5,-0.2,0.8,-0.5
array,0.1,0.0,0.2,-0.1,-0.1,0.0
assisted,0.0,0.1,0.1,0.3,-0.1,-0.2
backs,0.3,0.0,0.1,0.2,0.0,0.1
belly,0.2,0.0,0.3,0.6,0.0,-0.1
booth,0.3,0.0,-0.2,0.1,0.1,-0.3
breakdown,0.5,-0.2,-0.6,-0.2,-0.2,0.6
bridges,0.7,0.0,-0.3,0.0,0.4,-0.1
brutal,0.6,-0.3,-0.5,-0.4,0.2,0.8
calculated,0.1,-0.1,-0.2,-0.6,-0.2,-0.3
cam,0.2,-0.1,0.2,-0.2,-0.5,-0.1
centres,0.2,0.0,0.0,0.0,0.0,0.0
chapters,0.2,0.1,-0.1,0.1,0.3,-0.2
citizenship,0.4,0.0,-0.2,0.1,0.3,0.1
civilians,0.1,0.0,0.0,0.3,0.1,-0.2
cliff,0.8,-0.1,-0.6,-0.3,0.7,0.1
conflicts,0.5,-0.1,0.2,0.4,0.2,0.7
consensus,0.2,0.1,-0.2,0.1,0.1,-0.2
cycling,0.0,0.0,0.4,0.2,-0.3,0.1
declaration,0.4,0.0,-0.4,0.1,0.4,0.6
dennis,0.0,0.0,0.1,0.1,0.1,0.0
derby,0.3,0.0,0.2,0.3,0.3,0.5
distinction,0.2,0.0,0.0,-0.2,0.2,0.1
donations,-0.1,0.2,0.1,0.5,0.1,-0.1
dragons,0.8,0.3,-0.2,0.8,0.8,0.7
draws,0.0,0.0,0.1,0.0,-0.1,-0.1
examined,0.1,0.0,-0.2,-0.3,0.0,-0.3
facial,-0.2,0.0,0.1,0.3,-0.2,-0.2
faithful,0.3,0.0,-0.1,0.6,0.4,0.0
fatal,0.6,-0.3,-0.8,-0.6,0.2,0.5
fig,-0.1,0.0,-0.5,0.4,0.6,-0.4
fitting,0.1,0.0,0.1,0.1,0.0,-0.1
genuinely,0.1,0.2,0.1,0.5,-0.1,0.1
hardest,0.7,-0.1,0.3,-0.3,0.1,0.4
holland,0.2,0.0,0.1,0.2,0.3,0.0
honored,0.4,0.0,-0.1,0.5,0.4,0.2
hunger,0.3,0.1,-0.6,-0.2,0.7,0.4
hurricane,0.7,0.4,-0.3,0.1,0.2,0.9
implications,0.3,0.2,-0.2,-0.2,0.1,-0.2
import,0.3,0.0,-0.1,0.0,0.1,0.1
innovative,-0.2,-0.1,0.4,0.1,-0.7,0.2
ipad,-0.1,0.1,0.1,-0.4,-0.8,-0.2
jurisdiction,0.5,0.0,-0.5,-0.4,0.4,0.1
laughter,-0.4,0.5,0.7,0.8,0.1,0.6
lemon,-0.2,0.0,0.2,-0.1,0.1,0.2
les,0.0,0.0,0.0,0.0,0.0,0.0
lifted,-0.4,0.6,0.3,0.2,-0.1,0.1
loading,0.2,0.1,-0.2,-0.2,-0.6,-0.3
lung,-0.2,0.4,0.3,0.6,0.5,0.1
matching,0.0,0.0,0.2,0.1,-0.1,-0.1
mighty,0.7,0.0,0.1,0.2,0.4,0.6
monetary,0.2,0.1,0.0,-0.2,0.2,0.0
novels,0.2,0.2,-0.1,0.4,0.3,-0.3
nutrition,0.1,0.0,0.0,0.3,0.1,-0.2
ore,0.8,-0.1,-0.4,-0.2,0.8,-0.2
os,-0.2,0.0,0.0,-0.5,-0.7,-0.4
outcomes,0.2,0.0,-0.1,0.0,0.0,0.0
outta,-0.2,-0.2,0.4,0.2,-0.4,0.3
pine,0.1,0.1,0.1,0.3,0.3,-0.3
polls,0.0,0.1,-0.1,-0.1,0.0,0.0
poorly,0.2,0.1,-0.5,-0.3,0.0,-0.4
portugal,0.3,0.1,0.0,0.6,0.5,0.0
pose,-0.1,0.0,-0.2,0.0,0.0,-0.3
pour,-0.1,-0.2,-0.6,0.2,0.0,0.1
proteins,0.0,0.0,-0.2,0.2,0.2,-0.3
provider,0.3,0.0,-0.1,0.4,0.1,0.0
publish,0.2,0.1,-0.2,0.0,0.2,0.2
purely,-0.6,0.4,0.1,-0.2,0.0,-0.3
ralph,0.2,0.0,0.1,0.2,0.1,0.2
rental,0.0,0.1,-0.1,-0.2,-0.2,-0.1
resolved,0.3,-0.1,-0.2,0.1,0.1,0.2
rewards,0.1,0.2,0.3,0.4,0.0,0.3
sang,-0.2,0.2,0.4,0.5,0.2,0.5
seemingly,-0.4,0.3,0.0,-0.1,0.0,-0.4
senators,0.4,0.0,-0.3,-0.2,0.4,0.2
severely,0.3,-0.2,-0.4,-0.4,0.0,0.7
shark,0.6,-0.4,-0.1,0.1,0.6,0.6
shocking,0.1,-0.3,0.6,0.2,-0.3,0.8
southwest,0.2,0.2,0.0,0.4,0.1,0.0
ss,0.3,-0.2,-0.2,-0.5,0.5,0.5
studios,0.2,0.0,0.2,0.2,-0.3,0.2
survivors,0.4,0.0,0.2,0.3,0.2,0.4
tales,-0.2,0.3,0.2,0.5,0.6,-0.1
technically,-0.2,-0.1,0.1,-0.5,-0.4,-0.2
titled,0.2,0.0,-0.1,0.0,0.3,0.1
traditions,0.5,0.0,-0.3,0.5,0.8,0.1
unlimited,-0.3,0.4,0.5,0.2,-0.2,0.4
washed,-0.1,0.1,0.1,-0.2,0.1,-0.3
watches,0.1,0.0,0.2,0.1,0.1,-0.2
advise,0.1,0.0,0.0,0.2,0.1,0.1
anxious,-0.1,0.3,0.5,-0.1,-0.1,0.5
appearances,-0.3,0.4,0.1,-0.2,0.0,-0.2
bee,-0.7,0.5,0.4,0.3,0.3,0.3
bombing,0.7,-0.3,-0.6,0.8,0.2,0.9
cafe,0.1,0.0,0.1,0.7,0.2,0.1
carlos,0.1,0.0,0.2,0.4,0.0,0.2
challenged,0.3,0.0,0.2,0.0,0.0,0.5
cigarettes,-0.4,0.4,-0.4,0.6,0.2,0.0
colin,0.0,0.0,0.1,0.1,0.0,0.0
consisting,0.1,0.0,-0.1,-0.1,0.0,-0.2
cult,0.4,-0.1,-0.4,0.2,0.5,0.6
dairy,0.1,0.1,0.1,-0.3,0.2,-0.1
dakota,0.3,0.2,0.1,0.1,0.4,0.1
darling,-0.2,0.3,0.3,0.8,0.1,0.1
delighted,-0.3,0.5,0.7,0.6,-0.1,0.5
delivering,0.2,0.0,0.2,0.1,-0.1,0.2
destroying,0.6,-0.3,-0.5,0.5,0.1,0.8
diary,0.0,0.2,-0.2,0.4,0.3,-0.4
disagree,0.1,-0.1,0.3,-0.3,0.0,0.4
disappear,-0.8,-0.5,-0.2,-0.3,0.0,-0.6
drill,0.5,-0.5,-0.1,0.3,-0.2,0.8
earliest,0.1,0.2,-0.1,-0.1,0.9,-0.2
edges,-0.1,-0.2,0.2,-0.3,0.0,0.1
entries,-0.1,0.2,-0.1,-0.1,0.1,-0.3
euro,-0.3,0.0,0.3,-0.2,-0.6,0.0
evolved,0.4,0.0,0.1,0.2,0.9,0.2
exports,0.3,0.0,-0.1,-0.2,0.1,0.1
fixing,0.1,0.0,0.1,0.1,-0.1,0.1
fl,-0.2,0.0,0.0,0.3,-0.2,-0.1
flags,-0.2,0.6,0.1,0.1,0.2,0.3
flies,-0.6,0.6,0.3,0.1,0.1,0.2
forecast,-0.3,0.3,0.0,0.0,-0.4,-0.1
fr,0.0,0.0,0.0,0.0,0.0,0.0
governance,0.5,0.0,-0.4,-0.3,0.4,0.0
heated,0.2,0.2,0.2,0.8,-0.2,0.5
hug,0.2,0.2,-0.2,0.8,0.0,-0.2
importantly,0.1,0.0,0.0,0.0,-0.1,0.2
indicating,-0.1,0.0,0.0,-0.1,-0.1,0.0
indoor,0.1,0.0,0.0,0.3,0.0,-0.3
influential,0.5,0.0,0.1,0.2,0.1,0.4
intend,0.1,0.0,0.0,0.1,-0.2,0.0
invisible,-0.8,0.5,0.1,-0.3,0.1,-0.6
jeans,0.1,0.2,-0.3,0.2,0.0,-0.1
jets,0.7,-0.5,0.2,0.4,-0.5,0.9
julie,-0.1,0.0,0.1,0.3,-0.2,0.0
karen,0.1,0.0,0.0,-0.2,-0.1,0.4
lasted,0.3,0.0,-0.2,0.0,0.5,-0.1
lawsuit,0.6,0.0,-0.5,-0.5,0.2,0.3
leak,-0.2,0.2,-0.4,-0.1,0.0,-0.4
lighter,-0.5,0.3,0.3,0.6,-0.3,0.1
lucas,0.0,0.0,0.1,0.2,-0.2,0.0
marcus,0.2,0.0,0.0,0.1,0.3,0.1
mentions,-0.3,0.1,0.1,0.0,-0.3,-0.2
meter,0.2,0.0,0.1,-0.2,0.1,-0.2
mice,-0.5,-0.2,0.4,0.3,0.1,-0.4
musicians,0.2,0.0,0.3,0.5,0.2,0.6
olive,-0.2,0.0,-0.2,0.3,0.5,-0.3
passionate,0.3,0.2,0.3,0.9,-0.1,0.7
potatoes,0.3,0.0,-0.5,0.4,0.2,-0.3
prevented,0.4,0.0,-0.6,-0.2,0.0,0.1
receiver,0.1,0.0,0.1,0.0,-0.2,0.0
recommendation,0.1,0.1,0.0,0.1,-0.2,-0.1
riot,0.6,-0.2,0.2,0.6,-0.1,0.9
rogers,0.1,0.0,0.0,0.1,0.1,0.0
roster,0.0,0.2,-0.1,-0.1,-0.1,0.0
safer,0.2,0.1,0.0,0.4,0.0,-0.4
sells,0.0,0.0,0.2,0.1,-0.2,0.2
sentenced,0.7,0.0,-0.7,-0.6,0.3,0.5
servant,0.1,0.0,-0.2,0.1,0.5,-0.4
setup,0.0,0.0,0.2,-0.1,-0.5,0.1
skull,0.4,0.0,0.2,-0.5,0.7,-0.2
slot,0.2,-0.3,-0.1,-0.2,-0.2,-0.1
smash,0.6,-0.4,-0.3,0.3,-0.3,0.9
statue,0.8,0.0,-0.4,-0.4,0.7,-0.5
surprisingly,-0.2,0.2,0.6,0.1,-0.4,0.3
surrender,0.5,0.5,-0.6,-0.1,0.3,-0.3
suspicious,0.2,0.1,-0.2,-0.4,0.0,-0.2
teenager,0.1,0.0,0.4,0.3,-0.7,0.5
tender,-0.3,0.3,0.1,0.6,-0.1,-0.4
thoroughly,0.2,0.0,-0.2,0.0,0.0,0.1
todd,0.1,0.0,0.1,0.2,0.1,0.0
treatments,0.1,0.0,-0.2,0.1,-0.1,-0.1
tweeted,-0.6,0.2,0.5,0.1,-0.9,0.3
vacuum,-0.5,-0.3,-0.4,-0.6,-0.2,0.4
variations,0.0,0.0,0.3,0.0,-0.1,0.0
wi,0.0,0.0,0.0,0.0,0.0,0.0
wont,0.2,-0.1,-0.3,-0.1,0.3,0.1
acknowledged,0.3,0.0,-0.1,0.0,0.1,0.2
advances,0.2,-0.2,0.3,0.1,-0.4,0.3
agrees,0.1,0.1,0.2,0.3,0.0,0.1
allegations,0.5,0.0,-0.4,0.2,0.0,0.6
anticipated,0.1,0.1,0.3,0.2,-0.3,0.2
approve,0.2,-0.1,0.1,0.2,0.0,0.3
architect,0.4,0.0,0.0,-0.1,0.2,0.1
basin,0.5,0.0,-0.3,-0.2,0.3,-0.3
beneficial,0.0,0.2,0.2,0.4,0.0,0.0
bleeding,0.2,0.3,-0.6,0.7,-0.2,0.5
breed,0.3,0.0,0.1,0.4,0.3,0.2
breeding,0.3,0.0,0.0,0.4,0.2,0.1
bride,0.1,0.5,0.2,0.6,0.2,0.3
broadway,0.3,0.0,0.4,0.5,-0.2,0.7
bros,0.0,0.0,0.5,0.4,-0.6,0.4
bud,-0.2,0.2,0.3,0.3,-0.4,-0.1
butler,0.3,-0.1,-0.1,0.1,0.4,-0.4
careers,0.2,0.0,0.0,0.0,-0.1,0.1
cartoon,-0.4,0.4,0.8,0.3,-0.5,0.5
celebrities,0.1,0.2,0.4,0.2,-0.6,0.6
chick,-0.5,0.5,0.5,0.5,-0.7,0.1
coke,-0.1,-0.1,0.5,-0.4,-0.5,0.3
comparable,0.0,0.0,0.0,0.0,0.0,0.0
confirmation,0.3,0.0,-0.1,0.1,0.0,0.2
console,0.3,0.0,0.2,0.1,-0.4,0.0
contractor,0.4,0.0,-0.2,0.0,0.0,0.2
contributing,0.1,0.0,0.1,0.2,-0.1,0.0
diameter,0.1,0.0,0.0,-0.2,0.1,-0.1
dubai,0.4,0.0,0.2,0.8,-0.7,0.5
dublin,0.5,0.0,-0.1,0.3,0.6,0.3
dump,0.6,-0.2,-0.7,0.1,-0.1,0.4
duo,0.0,0.0,0.4,0.3,0.0,0.2
dynamics,0.1,-0.1,0.5,0.1,-0.2,0.3
elephant,0.9,0.0,-0.5,0.4,0.3,0.4
enhanced,0.2,-0.2,0.3,-0.1,-0.6,0.3
essays,0.1,0.4,-0.2,0.0,0.3,-0.3
exhausted,0.6,-0.3,-0.8,0.3,0.1,-0.5
fabric,-0.3,0.6,-0.4,0.3,0.1,-0.4
fabulous,-0.1,0.3,0.6,0.5,-0.3,0.7
fairy,-0.7,0.7,0.5,0.3,0.5,-0.2
fathers,0.4,0.0,0.1,0.5,0.5,0.2
focuses,-0.1,-0.3,0.3,-0.1,-0.2,0.1
fold,0.0,0.2,-0.3,0.2,0.0,-0.2
freak,0.2,0.0,0.6,0.2,-0.3,0.7
frustrated,0.4,-0.1,-0.4,0.5,-0.1,0.6
gambling,0.1,0.0,0.4,0.3,0.2,0.5
gently,-0.5,0.4,0.2,0.4,0.0,-0.7
glorious,0.3,0.2,0.4,0.7,0.3,0.6
grief,0.8,-0.1,-0.7,-0.4,0.3,0.2
harrison,0.2,0.0,0.1,0.1,0.2,0.0
historically,0.3,0.0,-0.2,-0.2,0.7,-0.1
hub,0.4,0.0,0.2,0.1,0.1,0.2
hughes,0.2,0.0,0.0,0.1,0.2,0.0
inevitable,0.7,-0.3,-0.5,-0.3,0.4,0.3
investigating,0.1,0.0,0.1,-0.2,-0.1,0.1
kg,0.5,0.0,0.0,-0.3,0.1,-0.2
labels,-0.3,0.3,0.1,-0.2,-0.2,-0.1
lacking,-0.4,0.1,-0.2,-0.3,-0.1,-0.3
laughs,-0.1,0.3,0.7,0.6,-0.1,0.6
layout,-0.2,0.2,0.2,-0.2,-0.4,-0.2
lined,-0.1,0.1,0.0,0.1,0.1,-0.3
lodge,0.6,0.0,-0.2,0.6,0.4,-0.1
lords,0.5,0.0,-0.1,0.1,0.7,0.3
merchant,0.3,0.0,0.1,0.2,0.6,0.1
merit,0.2,0.0,0.3,0.1,0.3,0.1
micro,-0.8,0.4,0.5,-0.3,-0.6,-0.4
myth,0.4,0.3,0.1,0.2,0.9,0.1
nintendo,0.0,0.0,0.7,0.3,-0.7,0.4
objectives,0.2,0.0,0.0,-0.4,-0.2,0.1
obsessed,0.5,-0.1,0.2,0.6,-0.1,0.7
organised,0.2,0.0,-0.1,-0.2,-0.1,-0.1
overwhelming,0.8,-0.2,-0.4,0.4,0.1,0.8
pale,-0.4,0.3,0.0,-0.6,0.1,-0.5
particles,-0.7,0.5,0.6,-0.2,0.2,-0.3
pastor,0.3,0.0,-0.1,0.4,0.5,0.1
penalties,0.5,-0.1,-0.3,-0.4,0.2,0.4
permanently,0.6,-0.1,-0.6,-0.2,0.4,0.2
pets,-0.2,0.2,0.6,0.8,0.0,0.2
pockets,-0.1,0.2,0.2,0.3,0.1,-0.2
poison,0.3,-0.2,-0.5,-0.5,0.3,0.5
predict,0.0,0.0,0.3,-0.2,-0.1,0.0
presenting,0.1,0.0,0.3,0.2,-0.2,0.3
presidents,0.6,0.0,-0.1,0.1,0.4,0.4
pressing,0.4,-0.2,0.1,0.4,-0.2,0.5
prints,-0.3,0.3,0.1,0.1,0.2,-0.3
provincial,0.3,0.0,-0.2,0.2,0.5,-0.2
raped,0.8,-0.3,-0.8,-0.7,0.2,0.8
realised,0.1,0.1,0.4,0.3,-0.1,0.2
rebel,0.3,-0.1,0.6,0.5,0.1,0.7
repairs,0.2,0.0,0.2,0.2,0.1,0.2
rotation,0.2,0.2,0.4,-0.1,-0.1,0.1
separately,-0.2,0.1,-0.1,-0.2,0.0,-0.3
shaking,0.1,0.1,0.5,0.2,-0.2,0.6
shaw,0.1,0.0,0.0,0.3,0.4,-0.1
societies,0.4,0.0,-0.2,0.1,0.3,0.2
solved,0.2,-0.1,0.1,0.2,0.0,0.2
starring,-0.1,0.3,0.3,0.4,-0.3,0.5
struggles,0.5,0.2,-0.4,0.3,0.1,0.6
subtle,-0.4,0.4,0.1,-0.1,0.1,-0.7
tastes,-0.2,0.1,0.2,0.4,0.0,0.1
throws,0.2,-0.3,0.5,0.2,-0.1,0.5
toll,0.6,0.0,-0.3,-0.1,0.5,0.6
tooth,0.1,-0.2,0.1,-0.1,0.2,0.2
torn,-0.1,0.4,-0.5,-0.1,0.2,0.4
tragic,0.6,0.0,-0.6,-0.3,0.3,0.5
trainer,0.1,0.0,0.4,0.2,-0.3,0.3
transformed,0.3,0.1,0.4,0.3,-0.1,0.5
unbelievable,0.1,0.3,0.6,0.1,-0.4,0.7
underneath,0.3,-0.1,-0.3,-0.2,0.1,-0.4
variation,-0.1,0.2,0.3,0.0,-0.1,0.0
viewing,-0.2,0.1,0.0,-0.1,-0.3,-0.3
viral,-0.4,0.5,0.6,0.2,-0.8,0.6
warehouse,0.7,0.0,-0.2,-0.4,0.2,0.1
wears,0.1,0.2,-0.2,0.2,0.2,-0.2
widow,0.4,0.2,-0.5,-0.4,0.4,-0.3
wives,0.2,0.0,0.0,0.5,0.3,0.1
adjust,0.0,0.0,0.2,0.0,-0.2,-0.1
administrator,0.3,0.1,-0.3,-0.3,0.1,0.1
affecting,0.2,0.1,-0.1,0.3,0.0,0.2
allied,0.5,0.0,0.1,0.2,0.3,0.3
altogether,0.1,0.0,-0.1,0.1,0.1,0.0
animated,-0.2,0.3,0.8,0.4,-0.5,0.6
answering,0.0,0.0,0.2,0.1,-0.1,0.2
assess,0.2,-0.1,-0.2,-0.2,0.0,-0.2
assumption,0.1,0.3,-0.1,-0.1,0.0,-0.2
assured,0.3,0.0,0.1,0.4,0.2,0.1
austria,0.4,0.0,-0.1,0.0,0.6,0.0
avoided,-0.1,-0.2,0.2,-0.3,0.0,-0.4
avoiding,-0.1,-0.2,0.3,-0.3,-0.1,-0.3
basket,0.0,0.2,0.3,0.4,0.3,-0.2
beard,0.2,0.2,-0.2,0.6,0.4,-0.1
bio,-0.5,0.2,0.2,0.0,-0.7,0.1
blanket,0.2,0.5,-0.4,0.8,0.2,-0.5
brains,0.1,0.0,0.1,0.1,0.2,0.3
bucket,0.3,0.1,0.2,-0.1,0.1,0.2
burger,0.3,0.0,-0.1,0.6,-0.4,0.1
capability,0.3,0.0,0.2,-0.1,-0.2,0.2
charming,-0.2,0.3,0.4,0.6,0.1,0.2
chiefs,0.5,0.0,0.0,0.2,0.5,0.4
commented,0.0,0.1,0.1,0.0,-0.2,0.1
computing,-0.3,-0.1,0.2,-0.4,-0.7,0.1
concentrate,0.4,-0.3,-0.2,0.1,0.0,0.2
conducting,0.2,-0.1,0.3,0.2,0.1,0.3
consequence,0.6,0.0,-0.4,-0.2,0.2,0.3
continent,0.9,0.0,-0.7,0.0,0.7,-0.1
cookie,-0.2,0.1,-0.3,0.5,-0.1,-0.2
cruz,0.1,0.0,0.1,0.0,0.0,0.1
curse,0.5,-0.2,-0.5,0.6,0.6,0.6
displays,-0.2,0.1,0.1,-0.1,-0.5,0.2
drain,0.1,-0.3,-0.5,-0.3,0.1,-0.2
emissions,-0.4,0.6,-0.6,0.4,-0.2,0.1
ethical,0.3,0.2,0.0,0.1,0.3,-0.1
excellence,0.3,0.3,0.4,0.3,0.1,0.4
flame,-0.5,0.5,0.2,1.0,0.2,0.5
forests,0.6,0.0,-0.2,0.2,0.5,-0.3
freely,-0.6,0.5,0.6,0.2,-0.2,0.0
fruits,0.1,0.0,0.1,0.2,0.1,-0.2
grabbed,0.3,-0.2,-0.1,0.2,-0.2,0.5
graduation,0.4,0.3,0.2,0.5,-0.2,0.5
hint,-0.7,0.4,0.2,0.0,-0.1,-0.6
horizon,0.5,0.4,-0.2,0.2,0.5,-0.4
hostile,0.4,-0.3,-0.3,0.5,0.1,0.6
imagined,-0.5,0.5,0.3,0.1,0.0,-0.4
inhabitants,0.3,0.0,-0.1,0.2,0.2,-0.1
ink,-0.3,-0.2,-0.6,-0.2,0.3,-0.3
inn,0.3,0.0,-0.2,0.7,0.5,-0.2
intel,-0.2,-0.2,0.1,-0.4,-0.6,0.0
kicks,0.1,-0.3,0.8,0.2,-0.4,0.5
legends,0.5,0.3,0.1,0.2,0.8,0.2
lo,-0.5,0.2,0.0,0.0,0.5,0.3
lucy,-0.2,0.0,0.3,0.4,-0.1,0.0
magazines,0.0,0.2,-0.2,0.0,-0.4,-0.1
matrix,0.4,-0.1,0.3,-0.5,-0.2,0.2
measuring,0.1,0.0,0.0,-0.2,0.0,-0.2
miserable,0.5,-0.2,-0.7,-0.6,0.1,-0.1
momentum,0.5,-0.4,0.5,0.1,0.0,0.4
monkey,0.1,0.0,0.6,0.3,0.1,0.4
montreal,0.4,0.0,0.0,-0.2,0.3,0.1
motorcycle,0.6,-0.4,0.2,0.3,-0.3,0.7
nationwide,0.5,0.3,0.0,0.0,-0.2,0.2
nest,-0.2,0.3,-0.3,0.6,0.2,-0.5
newcastle,0.5,0.0,0.0,0.1,0.4,0.2
nicely,-0.3,0.3,0.3,0.4,-0.2,-0.3
ninth,0.0,0.0,0.0,-0.1,0.1,-0.1
nomination,0.2,0.1,0.1,0.1,-0.2,0.2
notable,0.3,0.0,0.1,0.1,0.1,0.1
obligation,0.7,-0.2,-0.5,-0.3,0.3,0.2
optical,-0.2,0.1,0.2,-0.5,-0.4,-0.1
outlook,0.1,0.2,0.2,0.1,-0.1,0.0
penny,-0.4,-0.3,0.4,0.0,0.2,-0.2
petty,-0.4,-0.2,0.1,-0.2,0.0,0.2
phd,0.3,0.0,-0.2,-0.1,0.2,-0.1
ports,0.5,0.0,-0.3,0.1,0.3,0.2
preserved,0.2,0.2,-0.4,-0.2,0.7,-0.3
programmes,0.1,0.1,-0.1,-0.1,0.0,0.0
prospects,0.1,0.1,0.3,0.2,-0.4,0.1
publishers,0.2,0.0,0.0,0.0,0.1,0.1
quantity,0.2,0.0,-0.1,-0.2,0.0,0.0
quantum,-0.6,0.1,0.6,-0.3,-0.5,0.3
rainbow,-0.7,0.6,0.2,0.4,0.1,0.2
rebels,0.3,0.0,0.4,0.3,0.1,0.7
recognised,0.2,0.0,-0.1,0.1,0.2,0.1
reed,-0.5,0.3,0.1,0.2,0.3,-0.4
reign,0.6,0.0,-0.2,0.1,0.6,0.3
responding,0.0,-0.1,0.2,0.1,-0.2,0.2
retained,0.3,0.0,-0.3,0.0,0.3,-0.2
rises,-0.2,0.5,0.3,0.3,0.1,0.3
saves,0.1,0.0,0.3,0.4,0.0,0.3
scan,-0.3,-0.3,0.1,-0.4,-0.6,0.1
scare,0.2,-0.2,0.2,-0.3,0.0,0.8
sectors,0.2,0.0,-0.1,-0.2,0.0,0.0
shorts,-0.3,0.1,0.2,0.3,-0.2,-0.1
span,0.1,0.3,0.1,0.0,0.2,-0.1
specialized,0.2,0.0,-0.2,-0.2,-0.2,0.0
spencer,0.0,0.0,0.1,0.1,0.2,-0.1
submission,0.3,-0.1,-0.5,-0.2,0.2,-0.4
sunny,-0.4,0.3,0.4,0.8,-0.1,0.2
supporter,0.2,0.2,0.2,0.4,0.0,0.4
te,0.0,0.0,0.0,0.0,0.0,0.0
testament,0.6,0.0,-0.3,0.1,0.7,0.2
toe,-0.3,0.0,0.3,0.2,0.1,-0.2
tops,-0.2,0.0,0.5,0.1,-0.1,0.2
tremendous,0.7,0.0,0.1,0.2,0.1,0.7
valued,0.3,0.0,0.0,0.5,0.2,0.1
wounds,0.4,-0.2,-0.6,0.3,0.2,0.6
ab,0.0,-0.1,0.0,0.0,0.0,0.0
accommodation,0.3,0.0,-0.1,0.4,0.1,-0.2
achievements,0.4,0.2,0.2,0.3,0.2,0.4
addressing,0.1,0.0,0.0,0.1,0.0,0.3
adorable,-0.5,0.4,0.6,0.7,-0.6,0.3
allegedly,-0.1,0.2,-0.1,-0.3,0.0,-0.2
ambulance,0.6,-0.3,0.1,0.1,-0.2,0.9
ar,0.0,0.0,0.0,0.0,0.0,0.0
ashamed,0.4,-0.2,-0.6,0.2,0.1,-0.5
assure,0.0,0.1,0.2,0.4,0.1,0.1
bailey,0.1,0.0,0.1,0.2,0.2,0.0
ballot,-0.2,0.3,-0.1,-0.1,0.3,0.0
batteries,0.3,-0.2,0.1,0.2,-0.4,0.2
blessing,-0.1,0.4,0.3,0.7,0.5,0.2
btw,-0.6,-0.2,0.4,-0.1,-0.8,0.0
cemetery,0.7,0.0,-0.6,-0.4,0.6,-0.7
chambers,0.5,0.0,-0.2,-0.1,0.4,-0.3
cheat,-0.1,-0.3,0.3,-0.3,0.1,0.3
cheer,-0.3,0.4,0.7,0.6,-0.2,0.8
chile,0.2,0.0,0.1,0.8,0.3,0.4
cigarette,-0.5,0.3,-0.4,0.5,0.1,-0.2
compact,0.3,0.0,0.2,-0.2,-0.2,0.0
completing,0.1,0.0,0.1,0.1,-0.1,0.1
consulting,0.0,0.0,-0.1,-0.2,0.0,-0.1
cooling,-0.1,0.2,0.0,-0.6,-0.1,-0.2
corners,0.2,-0.1,0.1,-0.1,0.1,-0.1
deficit,0.4,0.0,-0.5,-0.4,0.1,0.2
demo,-0.3,0.0,0.4,0.0,-0.6,0.2
demon,0.6,-0.2,0.2,0.7,0.8,0.7
demonstration,0.3,0.0,0.1,0.1,0.1,0.5
detected,-0.1,-0.2,0.2,-0.2,-0.2,0.3
detection,0.0,-0.1,0.2,-0.3,-0.1,0.2
doll,-0.3,0.1,0.3,0.2,0.2,-0.3
donated,-0.1,0.0,0.1,0.5,0.0,-0.1
elaborate,0.2,0.2,0.0,0.2,0.3,0.1
elder,0.4,0.0,-0.3,0.3,0.7,-0.2
encountered,0.1,0.0,0.2,0.0,0.1,0.2
expertise,0.3,-0.1,0.1,0.1,0.3,0.1
exploring,-0.1,0.2,0.4,0.2,-0.2,0.2
fc,0.0,0.0,0.0,0.0,-0.3,0.0
fiber,-0.4,0.4,0.1,0.1,-0.1,-0.3
filmed,-0.2,0.3,0.0,0.0,-0.3,-0.1
fried,0.1,0.0,-0.2,0.7,-0.1,0.3
grocery,0.2,0.0,-0.1,0.3,0.1,0.0
guided,-0.1,-0.4,0.1,0.3,0.1,-0.3
guinea,-0.2,0.0,0.3,0.3,0.2,-0.1
halfway,0.0,0.0,0.3,0.0,0.0,-0.1
happier,-0.4,0.3,0.7,0.7,-0.3,0.4
heels,0.1,-0.3,0.5,0.1,0.1,0.4
holmes,0.3,-0.1,-0.1,0.1,0.5,0.0
hull,0.8,0.0,-0.4,-0.2,0.3,0.1
independently,0.1,0.1,0.2,-0.1,-0.1,0.0
indication,0.0,0.0,0.1,-0.1,0.0,-0.2
insisted,0.2,-0.1,-0.1,0.2,0.1,0.6
instances,0.1,0.0,0.1,-0.1,0.0,-0.1
intensive,0.5,0.0,-0.2,0.3,-0.1,0.7
interactive,-0.2,0.1,0.6,0.1,-0.7,0.3
intimate,-0.2,0.2,0.1,0.8,0.1,-0.6
laundry,0.3,0.3,-0.5,0.4,0.0,-0.2
lbs,0.6,0.0,-0.3,-0.1,0.2,0.1
lifting,0.5,0.4,0.1,0.2,-0.1,0.4
linda,-0.1,0.0,0.2,0.4,0.2,0.0
martial,0.5,-0.2,-0.2,0.1,0.4,0.7
nigerian,0.2,0.0,0.1,0.5,0.2,0.2
northeast,0.3,0.1,-0.1,-0.5,0.1,0.1
observe,-0.2,0.0,0.1,-0.2,0.1,-0.3
packing,0.3,0.2,0.1,0.1,-0.1,0.1
panels,0.3,0.3,0.1,-0.1,0.0,-0.1
password,-0.5,-0.2,0.2,-0.4,-0.7,-0.2
pokemon,-0.3,0.1,0.6,0.4,-0.7,0.3
politically,0.1,0.2,-0.2,-0.2,0.1,0.2
presumably,0.0,0.3,0.0,0.0,0.0,-0.2
pretending,-0.3,0.2,0.3,0.1,-0.4,-0.1
priorities,0.4,0.0,-0.3,-0.1,0.0,0.1
pronounced,0.2,-0.2,0.0,0.0,0.1,0.4
prosecution,0.6,0.0,-0.4,-0.5,0.3,0.3
proves,0.3,-0.2,-0.1,-0.2,0.1,0.2
pulse,-0.2,-0.3,0.5,0.6,0.0,0.3
purchasing,0.1,0.0,0.0,0.1,-0.2,0.0
qualities,0.0,0.3,0.0,0.0,0.1,-0.1
queens,0.5,0.0,-0.1,0.2,0.6,0.2
rational,0.1,-0.1,-0.1,-0.5,0.2,-0.2
realm,0.6,0.2,-0.3,0.1,0.7,0.1
reforms,0.3,0.0,0.1,0.1,-0.1,0.2
revenues,0.4,0.0,-0.2,-0.1,0.1,0.1
rides,0.0,0.0,0.5,0.3,-0.3,0.4
ripped,0.1,-0.3,0.1,0.2,-0.2,0.7
rope,0.2,0.2,-0.4,0.2,0.4,0.0
shadows,-0.7,0.6,-0.8,-0.6,0.2,-0.6
shout,-0.1,-0.3,0.2,0.3,0.0,0.8
sierra,0.7,0.0,-0.5,0.1,0.8,0.1
smartphone,0.1,-0.2,0.1,-0.4,-0.9,0.2
specified,0.0,0.0,-0.1,-0.2,-0.1,0.0
spectacular,0.2,0.4,0.4,0.4,-0.2,0.7
stan,-0.1,0.0,0.2,0.2,-0.6,0.3
streak,-0.3,-0.6,0.4,0.2,-0.2,0.5
subscription,-0.2,0.0,0.0,-0.2,-0.6,-0.1
switching,-0.1,-0.2,0.4,-0.2,-0.3,0.1
technological,0.2,0.0,0.0,-0.5,-0.7,0.1
temporarily,-0.4,0.4,0.2,0.0,-0.4,-0.2
tolerance,0.3,0.0,0.2,0.3,0.1,-0.3
tourists,0.1,0.2,0.3,0.2,-0.3,0.3
traditionally,0.4,0.2,-0.3,0.3,0.6,-0.1
traveled,0.1,0.0,0.2,0.1,0.2,0.0
treats,-0.1,0.1,0.3,0.5,-0.2,0.2
unhappy,0.4,0.0,-0.5,-0.4,0.0,-0.2
whites,0.0,0.0,0.1,-0.3,0.0,-0.1
yup,-0.4,-0.2,0.5,0.3,-0.5,0.1
accomplish,0.4,0.0,0.2,0.3,0.1,0.4
adequate,0.0,0.0,0.0,0.0,0.0,-0.2
alter,-0.1,0.0,0.2,0.0,0.0,0.1
apology,0.2,0.3,-0.3,0.2,0.1,-0.3
arkansas,0.3,0.0,-0.2,0.3,0.3,0.0
attributed,0.1,0.0,-0.1,-0.1,0.1,-0.1
beg,0.2,-0.1,-0.4,0.1,0.3,0.4
belonging,0.2,0.2,-0.3,0.6,0.2,-0.4
booked,0.1,-0.2,0.1,0.0,0.0,0.0
bout,0.3,-0.3,0.3,0.3,0.1,0.6
bowling,0.7,0.0,0.2,0.0,0.1,0.6
brass,0.6,0.0,0.4,0.3,0.4,0.5
buzz,-0.6,0.3,0.5,0.3,-0.3,0.5
clarke,0.0,0.0,0.0,0.0,0.2,0.0
comeback,0.2,0.0,0.7,0.3,-0.2,0.5
cos,-0.1,0.0,0.0,-0.2,0.1,-0.2
crops,0.3,0.1,-0.4,0.4,0.6,-0.2
declare,0.3,0.0,0.0,0.0,0.3,0.6
designers,0.0,0.0,0.1,-0.2,-0.4,0.1
detect,0.0,0.0,0.1,-0.3,0.0,-0.3
diagnosed,0.5,0.0,-0.5,-0.6,0.0,0.1
diesel,0.6,0.0,-0.2,0.6,0.3,0.7
dimensions,0.1,0.0,0.0,-0.4,0.2,-0.3
dip,-0.3,-0.4,-0.5,0.1,-0.1,-0.3
disturbing,0.5,0.0,-0.3,-0.4,0.0,0.5
doesnt,0.0,0.0,0.0,0.0,0.0,0.0
dot,-0.8,-0.3,0.2,0.0,0.0,-0.7
dresses,-0.2,0.5,-0.5,0.3,0.1,-0.2
dylan,0.1,0.0,0.1,0.4,0.3,0.3
effectiveness,0.2,0.0,0.0,-0.2,-0.4,0.0
eliminated,0.5,-0.2,-0.8,-0.6,0.0,0.5
ellen,0.0,0.0,0.1,0.5,-0.2,0.2
embarrassed,0.4,0.0,-0.4,0.7,0.0,-0.5
exceptional,0.2,0.0,0.4,0.4,0.0,0.4
filing,0.1,0.3,-0.2,-0.3,0.2,-0.3
fled,-0.5,-0.4,0.4,0.3,0.4,0.6
foul,0.4,0.0,-0.6,0.3,0.3,0.6
frankly,0.1,0.0,0.1,0.0,0.0,0.3
freezing,0.3,0.0,0.3,-0.9,0.0,0.4
graph,-0.3,0.2,0.0,-0.4,0.0,-0.6
hack,0.3,-0.2,-0.3,0.0,-0.1,0.7
hannah,0.0,0.0,0.2,0.4,0.4,-0.2
hatred,0.7,0.0,-0.5,0.8,0.8,0.8
ignorant,0.4,0.0,-0.5,-0.2,0.1,0.4
influences,-0.2,0.2,0.2,0.2,0.1,-0.3
interact,0.0,0.0,0.5,0.3,-0.5,0.2
judging,0.6,0.0,-0.4,-0.4,0.5,0.4
knights,0.8,0.0,0.3,-0.1,0.8,0.6
lamp,0.2,0.0,0.1,0.7,0.3,-0.4
limitations,0.4,0.0,-0.6,-0.3,0.1,-0.2
majesty,0.7,0.2,0.1,0.5,0.7,0.2
measurement,0.1,0.0,0.0,-0.5,0.1,-0.5
measurements,0.2,0.0,0.0,-0.5,0.1,-0.5
median,0.2,0.0,-0.2,0.0,0.0,-0.6
medieval,0.7,0.0,-0.3,0.3,0.8,0.1
milan,0.4,0.1,0.1,0.4,0.6,0.3
mobility,-0.6,-0.3,0.6,0.3,-0.3,0.2
montana,0.6,0.1,-0.2,-0.2,0.3,0.0
murders,0.7,0.0,-0.6,0.2,0.2,0.8
nc,0.0,0.0,0.0,0.1,0.1,-0.1
ne,0.0,0.0,0.0,0.0,0.0,-0.1
nyc,0.7,0.0,0.1,0.3,0.1,0.7
omg,-0.5,-0.1,0.6,0.2,-0.8,0.6
orientation,0.1,0.2,0.0,0.0,-0.2,-0.1
oven,0.5,0.0,-0.2,0.8,0.2,0.2
owen,0.1,0.0,0.1,0.2,0.1,0.0
passport,-0.1,0.3,-0.1,-0.1,0.1,0.0
penis,0.1,0.0,0.3,0.4,0.0,0.2
pills,-0.4,-0.2,0.3,-0.2,-0.3,-0.2
planets,0.9,0.1,-0.3,-0.3,0.9,0.1
proceeds,0.1,0.0,-0.1,0.0,0.0,-0.1
rabbit,-0.2,-0.2,0.6,0.5,0.1,-0.1
raises,0.2,0.4,0.2,0.1,-0.1,0.3
ranges,0.7,0.0,-0.3,-0.2,0.5,0.1
rats,-0.3,-0.1,0.2,0.2,0.2,0.3
retire,0.1,0.3,-0.3,0.3,0.4,-0.4
rhythm,0.0,0.2,0.5,0.3,0.6,0.3
ruth,0.2,0.0,-0.1,0.2,0.5,-0.1
savage,0.5,-0.3,0.1,0.4,0.4,0.8
servers,0.4,0.0,-0.2,0.2,-0.6,0.2
shook,0.3,-0.2,0.2,0.0,0.1,0.5
shooter,0.3,-0.5,-0.1,0.1,-0.2,0.9
siblings,0.1,0.0,0.2,0.5,0.1,0.2
slim,-0.5,-0.4,0.1,-0.2,-0.2,-0.2
someday,-0.2,0.5,0.1,0.2,-0.1,-0.3
sophisticated,0.3,0.2,0.0,-0.3,0.2,-0.2
spam,-0.3,0.2,-0.4,0.0,-0.6,0.1
speeds,-0.2,-0.5,0.5,0.1,-0.4,0.6
stack,0.4,0.0,-0.2,-0.1,0.0,0.1
stance,0.3,0.0,-0.3,0.0,0.1,0.1
static,-0.4,0.3,0.1,-0.1,-0.3,0.4
subway,0.6,0.0,-0.3,0.1,-0.2,0.6
supportive,0.2,0.4,0.2,0.6,0.0,-0.1
surgical,0.1,-0.4,-0.2,-0.7,-0.2,-0.2
symbols,0.2,0.3,0.1,0.0,0.7,-0.1
tablet,0.2,-0.1,-0.4,-0.2,-0.3,-0.2
tent,-0.3,0.6,0.1,0.2,0.1,-0.2
thesis,0.4,0.3,-0.4,-0.3,0.3,-0.3
tide,0.8,0.2,0.0,-0.2,0.8,0.3
travels,-0.1,0.3,0.3,0.2,0.1,0.1
wallace,0.2,0.0,0.0,0.1,0.4,0.0
warfare,0.7,-0.2,-0.5,0.5,0.6,0.9
warming,0.3,0.5,-0.1,0.7,-0.2,0.2
weekends,-0.1,0.2,0.3,0.5,-0.2,-0.1
withdraw,0.2,0.1,-0.3,-0.3,0.0,-0.4
withdrawal,0.4,0.1,-0.4,-0.4,0.0,-0.3
youngest,-0.4,0.1,0.4,0.3,-0.9,0.2
aging,0.3,0.3,-0.4,-0.1,0.6,-0.2
airline,0.6,0.5,-0.1,-0.2,-0.3,0.4
alternatives,0.0,0.2,0.1,0.0,-0.2,0.0
anyways,-0.3,0.2,0.2,0.1,-0.4,-0.1
argues,0.2,-0.1,0.1,0.3,0.0,0.5
audit,0.4,0.0,-0.5,-0.5,0.1,0.1
authentic,0.3,0.0,-0.1,0.3,0.4,0.0
ave,-0.1,0.1,0.0,0.0,0.2,-0.1
backwards,0.1,-0.1,0.2,-0.1,0.1,0.0
bi,-0.2,0.0,0.3,0.1,-0.3,0.0
blonde,-0.2,0.3,0.1,0.4,-0.1,0.1
blows,0.1,0.4,0.3,0.0,0.0,0.6
bolt,0.5,-0.6,0.6,-0.1,0.0,0.5
brooks,0.1,0.1,0.2,0.1,0.3,-0.3
bugs,-0.5,0.2,0.4,0.0,0.2,0.1
bust,0.5,0.0,-0.2,0.1,0.3,0.4
clearing,-0.3,0.3,0.1,0.2,0.2,-0.5
clips,-0.2,-0.2,0.5,-0.2,-0.2,0.1
collar,0.1,0.1,0.0,0.2,0.1,0.0
columbus,0.4,0.0,-0.2,0.0,0.6,0.2
comply,0.3,0.0,-0.4,-0.3,0.1,-0.2
cope,0.4,0.0,-0.3,-0.1,0.1,-0.1
counted,0.1,0.0,0.0,0.0,0.0,0.0
crashed,0.6,-0.5,-0.4,0.2,-0.1,0.8
creepy,0.1,0.1,-0.3,-0.6,0.1,0.2
cum,-0.1,0.2,-0.5,0.5,0.0,0.3
denmark,0.3,0.0,-0.1,-0.3,0.5,-0.1
divorced,0.5,0.0,-0.5,-0.5,0.2,0.3
donate,0.1,0.0,0.1,0.5,0.1,0.1
drawings,-0.4,0.4,-0.1,0.2,0.1,-0.2
dried,-0.2,0.3,-0.4,0.1,0.3,-0.3
ebay,-0.4,0.1,0.2,-0.2,-0.6,0.1
echo,-0.6,0.6,0.7,-0.4,0.2,-0.2
editors,0.1,0.0,-0.1,-0.1,0.1,0.0
edwards,0.2,0.0,0.0,0.0,0.3,0.0
emotionally,0.3,0.2,-0.2,0.3,0.0,0.3
enhance,0.1,0.0,0.3,0.1,-0.3,0.2
experiencing,0.2,0.1,0.0,0.2,0.0,0.1
extending,0.2,0.1,0.2,0.0,-0.1,0.1
finale,0.5,0.0,0.1,0.2,0.1,0.6
flavor,0.0,0.1,0.2,0.4,-0.1,0.2
floors,0.5,0.0,-0.1,-0.1,0.1,-0.2
freaking,0.2,0.0,0.4,0.2,-0.5,0.7
gloves,-0.1,0.3,0.0,0.4,0.1,-0.3
harper,0.2,0.0,0.1,0.1,0.3,0.0
hart,0.2,-0.2,0.1,0.3,0.3,0.0
ignorance,0.4,0.1,-0.4,-0.4,0.3,0.1
ignoring,0.2,0.1,-0.3,-0.4,0.0,-0.4
immigrant,0.3,0.0,-0.1,0.2,0.2,0.2
induced,0.3,0.0,-0.3,-0.1,-0.2,0.2
inspiring,-0.4,0.5,0.5,0.6,-0.2,0.4
intermediate,0.0,0.0,0.1,0.0,0.0,0.0
invention,0.1,0.1,0.4,0.3,-0.5,0.3
ip,-0.3,0.0,0.0,-0.2,-0.7,-0.1
jesse,0.0,0.0,0.1,0.2,0.1,0.1
joins,0.1,0.0,0.2,0.1,0.0,0.1
joking,-0.3,0.2,0.6,0.4,-0.2,0.3
lgbt,0.1,0.1,0.3,0.4,-0.5,0.5
likewise,0.0,0.0,0.0,0.0,0.0,-0.2
lineup,0.2,-0.1,0.1,0.1,-0.3,0.2
logan,0.2,0.0,0.1,0.1,0.1,0.1
magnificent,0.6,0.3,0.2,0.4,0.3,0.6
mathematical,0.3,0.0,-0.2,-0.5,0.2,-0.1
meantime,0.0,0.1,0.0,0.0,0.0,-0.2
nails,0.3,-0.5,0.4,-0.2,0.1,0.3
nevada,0.4,0.2,-0.3,0.7,0.3,0.1
newest,-0.3,0.1,0.4,0.1,-0.9,0.3
nonetheless,0.1,0.0,0.0,0.0,0.1,-0.2
opposing,0.4,0.1,-0.2,-0.2,0.0,0.5
origins,0.5,0.0,-0.3,0.1,0.8,0.1
orlando,0.2,0.1,0.2,0.6,0.0,0.2
physicians,0.3,0.0,-0.1,0.2,0.3,0.1
pipeline,0.5,-0.3,-0.4,-0.2,-0.2,0.2
placement,0.2,0.0,-0.1,0.0,-0.1,-0.1
planted,0.4,0.0,-0.5,0.3,0.2,-0.2
pricing,0.1,0.0,-0.1,-0.3,-0.3,0.0
pt,0.0,0.0,0.0,0.0,0.0,-0.1
puerto,0.2,0.1,0.2,0.6,0.2,0.2
questioning,0.1,0.3,0.2,-0.1,0.0,0.2
recreation,-0.1,0.2,0.5,0.4,-0.2,0.2
renewed,-0.2,0.2,0.4,0.3,-0.5,0.2
resigned,0.3,-0.1,-0.6,-0.3,0.2,-0.4
rt,-0.4,-0.2,0.1,-0.1,-0.8,0.0
shallow,-0.3,0.1,0.3,-0.1,-0.1,-0.2
shanghai,0.5,0.1,0.1,0.3,0.5,0.4
shitty,0.2,0.0,-0.6,-0.1,-0.3,0.4
singh,0.2,0.0,0.1,0.2,0.3,0.1
sins,0.6,-0.1,-0.4,0.5,0.7,0.3
sketch,-0.4,0.4,0.2,0.0,-0.3,-0.2
smells,-0.2,0.6,-0.2,0.3,0.1,0.2
soda,-0.1,0.3,0.6,0.1,-0.3,0.3
spite,0.3,-0.2,-0.3,0.2,0.2,0.5
sponsor,0.2,0.0,0.1,0.1,-0.1,0.1
strengthen,0.5,0.0,0.2,0.3,0.1,0.5
strings,-0.3,0.4,0.5,0.1,0.1,0.0
sunset,0.2,0.5,-0.2,0.8,0.4,-0.3
taiwan,0.3,0.0,0.1,0.4,0.4,0.2
thanksgiving,0.4,0.1,-0.1,0.8,0.4,0.3
thee,0.2,0.2,0.0,0.3,0.9,-0.1
thermal,-0.4,0.7,-0.2,0.8,0.0,0.1
trades,0.2,0.0,0.0,0.1,0.3,0.2
transform,0.1,0.1,0.3,0.2,-0.1,0.4
witnessed,0.3,0.0,-0.3,-0.1,0.3,-0.2
workplace,0.3,0.0,-0.2,0.0,0.1,0.1
yelling,-0.1,0.3,0.4,0.3,-0.2,0.8
yorkshire,0.4,0.0,-0.2,0.2,0.5,0.0
achieving,0.2,0.1,0.2,0.3,-0.1,0.3
aliens,-0.1,0.3,0.2,-0.5,0.4,0.3
amsterdam,0.3,0.0,0.1,0.2,0.5,0.1
analyst,-0.1,0.0,0.0,-0.3,-0.2,-0.1
arabic,0.3,0.2,0.0,0.4,0.7,0.2
arctic,0.5,0.0,-0.3,-0.9,0.6,-0.2
assists,-0.2,-0.2,0.3,0.2,0.0,0.1
bennett,0.1,0.0,0.0,0.1,0.2,-0.1
bristol,0.4,0.0,-0.1,0.1,0.5,0.1
burnt,0.1,0.3,-0.6,0.7,0.2,0.3
buyer,0.0,0.0,0.1,0.0,0.0,0.0
calories,-0.3,0.1,0.1,0.4,0.0,0.1
cannabis,-0.2,0.5,-0.2,0.5,0.4,-0.3
cease,0.4,-0.2,-0.5,-0.3,0.2,-0.5
championships,0.5,0.0,0.4,0.3,0.2,0.6
chapel,0.5,0.0,-0.4,0.2,0.6,-0.6
cloth,-0.4,0.6,-0.3,0.3,0.3,-0.4
conferences,0.3,0.0,-0.1,0.0,0.1,0.2
considers,0.1,0.2,0.0,-0.1,0.1,-0.4
container,0.6,0.0,-0.2,-0.2,0.0,-0.1
cowboys,0.3,-0.1,0.2,0.4,0.3,0.4
crushed,0.7,-0.2,-0.8,0.1,0.1,0.5
deployed,0.4,0.3,-0.3,-0.3,-0.1,0.3
differ,-0.1,0.0,0.2,-0.1,0.0,0.0
dimensional,0.0,0.1,0.1,-0.4,-0.2,-0.1
eager,-0.2,-0.3,0.5,0.4,-0.4,0.4
elect,0.2,0.0,0.1,0.1,0.2,0.2
elevated,-0.2,0.3,0.2,0.0,0.1,0.1
essence,-0.6,0.7,-0.1,0.2,0.5,-0.5
executives,0.3,0.0,-0.1,-0.2,0.1,0.2
flames,-0.3,0.6,0.3,0.9,0.3,0.6
fork,0.1,-0.3,0.1,-0.2,0.2,0.1
fur,-0.3,0.5,-0.2,0.7,0.3,-0.4
gps,-0.4,0.1,0.2,-0.4,-0.8,-0.2
harold,0.2,0.0,0.0,0.2,0.5,-0.1
harvest,0.4,0.1,-0.3,0.6,0.6,0.1
headline,0.1,0.3,0.2,0.1,-0.2,0.5
hudson,0.5,0.1,-0.2,-0.1,0.4,0.0
hype,-0.5,0.6,0.7,0.3,-0.7,0.6
identifying,-0.1,0.0,0.0,-0.2,-0.2,-0.2
impacts,0.6,-0.4,0.1,0.0,0.0,0.6
insist,0.2,-0.2,0.1,0.2,0.0,0.5
jo,-0.3,0.0,0.2,0.2,0.1,0.0
junk,0.1,0.1,-0.4,-0.1,0.1,0.2
kenny,-0.1,0.0,0.2,0.2,-0.3,0.1
kidney,0.0,0.0,0.1,0.4,0.0,0.0
ladder,0.3,0.1,0.1,0.0,0.2,0.1
lloyd,0.1,0.0,-0.1,0.1,0.3,0.0
lobby,0.2,0.1,-0.2,0.1,0.1,0.1
marc,0.0,0.0,0.1,0.1,-0.2,0.0
mechanisms,0.5,0.0,0.3,-0.3,0.2,0.4
mineral,0.5,0.0,-0.3,-0.2,0.7,-0.2
mob,0.6,0.0,-0.1,0.3,0.1,0.8
modest,-0.2,0.0,-0.1,0.1,0.0,-0.5
motors,0.6,0.0,0.2,0.3,0.1,0.6
mph,-0.4,-0.4,0.5,0.0,-0.5,0.4
navigation,0.1,0.1,0.1,-0.1,0.4,0.0
nicholas,0.1,0.0,0.0,0.2,0.3,0.0
orbit,0.2,0.5,0.6,-0.5,0.8,0.1
paragraph,-0.1,0.2,-0.2,0.0,0.2,-0.2
passive,-0.3,0.3,-0.4,-0.2,0.0,-0.7
peninsula,0.8,0.0,-0.6,0.2,0.8,-0.3
phillips,0.0,0.0,0.1,0.0,0.1,0.0
pill,-0.5,-0.1,0.3,-0.1,-0.1,-0.3
pork,0.2,0.0,-0.3,0.5,0.1,0.1
portuguese,0.2,0.0,0.0,0.3,0.5,0.2
profitable,0.3,0.0,0.2,0.1,0.0,0.3
provinces,0.6,0.0,-0.3,0.0,0.6,0.0
ranch,0.4,0.0,-0.2,0.4,0.3,0.2
rays,-0.7,-0.3,0.4,0.7,0.5,0.3
reasonably,-0.1,0.0,0.0,0.1,0.0,-0.3
reject,0.2,-0.2,-0.5,-0.4,-0.1,0.6
remainder,0.0,0.0,-0.2,-0.1,0.1,-0.3
schemes,0.1,0.0,0.1,-0.3,0.1,0.2
screens,-0.2,0.3,0.1,-0.4,-0.7,0.1
seized,0.4,-0.1,-0.5,0.1,0.2,0.7
semester,0.1,0.0,0.0,0.0,-0.1,-0.1
sentiment,0.0,0.3,0.1,0.5,0.2,-0.2
servants,0.2,0.0,-0.3,0.1,0.6,-0.3
shipped,0.3,0.0,-0.1,-0.1,0.0,0.3
socks,-0.4,0.4,-0.5,0.4,-0.2,-0.4
sp,0.0,0.0,0.0,0.0,0.0,0.0
sr,0.0,0.0,0.0,0.0,0.0,0.0
suited,0.1,0.1,0.1,0.2,0.1,-0.1
supplement,0.0,0.0,0.1,-0.1,-0.2,0.0
surviving,0.3,0.1,0.2,0.2,0.4,0.4
thereby,0.0,0.0,0.0,0.0,0.0,0.0
threshold,0.4,0.0,-0.2,0.1,0.5,0.1
til,0.0,0.0,0.0,0.0,0.0,0.0
tin,0.1,0.0,0.3,-0.3,0.3,0.2
tires,0.4,0.0,0.8,0.1,-0.2,0.3
tribal,0.4,0.0,-0.2,0.3,0.9,0.4
tribes,0.5,0.0,-0.2,0.3,0.9,0.4
trunk,0.6,0.0,0.1,0.2,0.2,0.0
uncertainty,0.1,0.4,-0.4,-0.3,0.0,-0.2
vampire,0.3,0.4,0.2,-0.7,0.6,0.4
varied,-0.1,0.0,0.3,0.0,-0.1,0.1
verdict,0.7,-0.2,-0.6,-0.2,0.3,0.5
abandon,0.2,0.1,-0.5,-0.5,0.2,0.3
accommodate,0.1,0.2,0.1,0.3,0.0,-0.2
accordingly,0.0,0.1,0.0,0.0,0.0,-0.1
aesthetic,-0.2,0.4,0.1,0.1,0.1,-0.2
algorithm,0.2,-0.1,0.0,-0.6,-0.7,-0.3
altered,0.0,0.0,0.2,0.0,-0.2,0.1
anchor,0.8,0.0,-0.6,-0.3,0.4,-0.1
angela,0.0,0.1,0.1,0.3,0.1,0.0
apr,-0.3,0.0,0.1,0.1,-0.5,-0.3
arch,0.6,0.0,-0.3,0.0,0.7,-0.1
associations,0.2,0.2,-0.1,0.0,0.1,-0.2
au,0.4,-0.2,-0.2,0.4,0.8,-0.2
audiences,0.4,0.1,-0.1,0.3,0.1,0.4
axis,0.3,-0.3,0.2,-0.4,0.3,0.0
badge,0.2,0.2,0.1,-0.1,0.1,0.1
bernard,0.2,0.0,0.0,0.2,0.3,-0.1
bizarre,-0.1,0.3,0.6,0.1,-0.1,0.4
bounce,-0.3,0.3,0.9,0.2,-0.4,0.3
broadcasting,0.1,0.5,0.2,0.1,-0.4,0.6
bs,-0.2,0.1,0.3,-0.1,-0.6,0.2
bullets,0.4,-0.9,-0.2,-0.2,-0.1,0.8
buses,0.7,0.0,-0.3,0.1,-0.2,0.5
cannon,0.8,0.0,-0.5,0.3,0.6,0.9
carol,-0.2,0.3,0.3,0.7,0.3,0.4
carriers,0.6,0.0,-0.3,0.0,0.1,0.2
chairs,0.3,0.2,0.1,0.3,0.1,-0.2
cleaned,-0.3,0.1,0.2,-0.2,-0.5,-0.1
complexity,0.4,0.3,-0.2,-0.3,0.1,0.1
confusing,0.1,0.3,-0.3,-0.2,-0.1,0.1
consultation,0.2,0.2,-0.2,0.1,0.1,-0.3
continental,0.7,0.0,-0.4,0.0,0.3,0.0
convenience,-0.2,0.1,0.2,0.2,-0.4,-0.3
deliberately,0.3,0.4,-0.4,-0.1,0.1,0.1
diamonds,0.5,-0.2,0.3,-0.5,0.5,0.2
diana,0.0,0.1,0.2,0.4,0.2,0.1
dictionary,0.6,0.1,-0.4,-0.1,0.5,-0.4
dignity,0.5,0.3,-0.5,0.2,0.5,-0.3
dimension,0.3,0.2,0.1,-0.4,0.2,0.0
disappointing,0.3,0.4,-0.7,-0.4,0.0,-0.2
diving,0.1,-0.6,0.4,-0.2,-0.2,0.2
doug,0.1,0.0,0.1,0.3,0.0,0.0
duncan,0.2,0.0,0.0,0.2,0.2,0.0
ego,0.4,0.7,0.4,0.2,0.1,0.5
enthusiasm,-0.2,0.5,0.7,0.8,-0.3,0.7
environments,0.5,0.2,-0.2,0.0,0.2,-0.2
equation,0.1,0.2,0.1,-0.3,0.2,-0.2
extract,-0.1,-0.2,0.3,0.1,0.0,0.2
favorites,-0.2,0.2,0.4,0.4,-0.2,0.1
ferry,0.7,0.0,-0.3,0.1,0.3,0.2
fisher,0.2,0.0,-0.2,0.2,0.4,-0.1
flexibility,-0.4,0.5,0.8,0.1,-0.3,0.0
flowing,-0.2,0.3,0.2,0.2,0.1,-0.2
fm,-0.5,0.2,0.3,-0.2,-0.1,0.3
fridge,0.6,0.0,-0.4,-0.7,-0.1,0.1
functioning,0.1,0.0,0.2,0.1,-0.2,0.1
fusion,0.3,0.0,0.1,0.9,-0.4,0.7
gauge,0.3,0.0,-0.1,-0.2,0.1,0.1
goat,0.2,0.0,0.3,0.3,0.5,0.2
graduates,0.1,0.1,0.4,0.3,-0.5,0.4
gut,0.3,-0.1,-0.4,0.4,0.2,0.3
heck,-0.3,0.0,0.5,0.2,-0.2,0.3
helmet,0.4,0.0,0.2,-0.1,0.1,0.0
holders,0.2,0.0,-0.1,0.0,0.0,-0.2
ideology,0.5,0.0,-0.5,-0.1,0.5,0.3
idiots,0.1,0.0,0.3,0.1,-0.1,0.5
inclusion,0.0,0.1,0.2,0.4,-0.4,-0.1
initiatives,0.1,0.0,0.2,0.1,-0.5,0.2
innings,0.2,0.0,0.1,0.2,0.2,0.1
insects,-0.6,0.5,0.1,-0.1,0.6,0.1
instructor,0.2,0.0,0.0,0.2,0.1,0.2
isolation,0.4,0.2,-0.6,-0.8,0.2,-0.7
ive,-0.1,0.0,0.0,0.0,-0.1,0.0
justified,0.3,0.0,-0.2,0.1,0.1,0.2
keeper,0.3,0.0,0.1,0.3,0.3,-0.1
lamb,-0.2,0.3,0.2,0.6,0.1,-0.3
liar,0.1,-0.1,-0.2,-0.3,0.1,0.4
machinery,0.8,0.0,-0.3,-0.1,0.2,0.6
mansion,0.8,0.0,-0.4,0.1,0.6,-0.1
mega,0.4,0.0,0.6,0.2,-0.6,0.7
mercury,0.6,-0.2,-0.3,-0.4,0.4,0.1
namely,-0.2,0.0,0.0,-0.1,0.1,-0.3
nbc,0.1,0.0,0.1,0.0,-0.3,0.2
needing,0.1,0.1,-0.1,0.2,-0.2,0.2
nerves,-0.3,-0.1,0.6,0.1,0.0,0.5
nhl,0.3,-0.2,0.4,-0.5,-0.2,0.5
observations,0.2,0.1,-0.2,-0.2,0.1,-0.4
ordering,0.1,0.0,0.0,-0.1,-0.2,0.1
palmer,0.2,0.1,0.0,0.2,0.3,0.0
paths,0.3,0.0,-0.1,0.1,0.5,-0.4
peers,0.1,0.0,0.2,0.3,-0.2,0.1
pending,0.2,0.4,-0.1,-0.2,-0.3,-0.1
platinum,0.7,0.0,0.1,-0.5,0.2,0.3
possess,0.4,0.0,-0.3,0.2,0.3,0.3
praised,0.1,0.2,0.3,0.5,0.2,0.4
premises,0.5,0.0,-0.4,-0.2,0.2,-0.1
probability,0.0,0.2,0.2,-0.2,0.1,-0.2
ps,-0.5,0.1,0.1,0.0,0.0,-0.4
questioned,0.1,0.0,0.1,-0.1,0.0,0.2
refuses,0.3,0.0,-0.2,-0.3,0.0,0.4
resignation,0.5,0.1,-0.6,-0.3,0.2,-0.4
rider,0.1,-0.1,0.3,0.2,0.1,0.1
ritual,0.4,0.1,-0.3,0.3,0.8,0.1
ruins,0.7,0.0,-0.5,-0.2,0.8,-0.2
shelf,0.2,0.2,0.0,0.1,0.1,-0.3
slam,0.5,-0.3,0.4,0.2,-0.1,0.9
stakes,0.3,-0.2,0.1,0.1,0.2,0.3
starter,-0.1,0.0,0.4,0.1,-0.5,0.2
sticking,0.1,0.2,-0.7,0.1,-0.1,0.0
subscribe,-0.2,0.0,0.1,0.0,-0.6,-0.1
superman,0.6,0.5,0.5,0.2,-0.2,0.6
surfaces,0.1,0.3,0.1,-0.1,0.0,-0.3
ta,-0.5,0.0,0.2,0.1,0.0,-0.3
territories,0.5,0.0,-0.2,0.0,0.4,0.1
tire,0.3,0.0,0.8,0.1,0.1,0.0
tl,-0.6,0.0,0.0,-0.2,-0.7,-0.5
towers,0.8,0.0,-0.3,-0.1,0.5,0.2
transfers,0.0,0.1,0.3,-0.1,-0.1,0.0
utterly,0.4,0.0,-0.2,-0.1,0.1,0.6
voltage,0.1,-0.4,0.5,0.4,-0.3,0.7
warn,0.2,-0.1,-0.1,0.1,0.1,0.6
width,0.2,0.3,-0.1,0.0,0.0,-0.3
workout,0.4,0.0,0.3,0.6,-0.4,0.5
aa,-0.3,0.0,0.0,0.0,-0.2,-0.4
abu,0.1,0.0,0.0,0.2,0.3,0.0
activated,0.1,-0.2,0.4,0.2,-0.5,0.5
adaptation,0.2,0.1,0.2,0.1,0.3,-0.1
advisor,0.1,0.0,-0.1,0.2,0.2,-0.2
aluminum,0.0,0.3,0.3,-0.4,-0.2,-0.1
apartments,0.6,0.0,-0.3,0.2,-0.1,0.0
attitudes,0.1,0.1,0.2,0.1,0.0,0.2
attorneys,0.3,0.0,-0.2,-0.3,0.2,0.1
bail,0.3,0.2,0.2,-0.2,0.1,0.2
barriers,0.6,0.0,-0.4,-0.3,0.2,0.1
belonged,0.3,0.0,-0.3,0.4,0.3,-0.3
bradley,0.1,0.0,0.1,0.1,0.0,0.0
brandon,0.1,0.0,0.1,0.1,-0.2,0.0
broader,0.3,0.2,0.0,0.0,0.1,0.1
buck,0.2,-0.2,0.6,0.2,0.1,0.3
cal,0.0,0.0,0.1,0.2,0.0,0.0
caroline,0.1,0.0,0.2,0.3,0.2,-0.1
characterized,0.2,0.0,-0.2,-0.2,0.1,-0.2
civilization,0.8,0.0,-0.4,0.2,0.8,0.2
congrats,-0.2,0.4,0.6,0.6,-0.5,0.5
contractors,0.4,0.0,-0.3,-0.1,0.0,0.2
creativity,-0.1,0.5,0.5,0.5,0.1,0.3
dealers,0.2,0.1,0.1,0.0,0.0,0.2
delicate,-0.6,0.6,0.2,0.1,0.0,-0.5
den,0.3,0.0,-0.2,0.6,0.3,-0.3
derek,0.1,0.0,0.0,0.2,0.1,0.0
desires,0.3,0.3,0.2,0.7,0.2,0.5
disappointment,0.6,-0.1,-0.6,-0.4,0.1,-0.2
disk,-0.1,0.2,0.3,-0.2,-0.2,-0.1
enters,0.1,-0.1,0.1,0.0,0.0,0.1
evaluate,0.2,0.0,0.0,-0.3,0.1,0.0
formally,0.3,0.0,-0.2,-0.4,0.3,0.0
frames,0.2,0.1,0.1,0.0,0.1,-0.1
goddess,0.5,0.3,0.2,0.5,0.8,0.4
gov,0.3,0.0,-0.3,-0.3,-0.3,0.1
hampshire,0.4,0.0,0.0,0.1,0.5,-0.2
harassment,0.5,-0.2,-0.4,0.3,0.1,0.7
hats,-0.3,0.3,0.2,0.3,0.1,-0.2
hugh,0.1,0.0,0.0,0.2,0.2,-0.1
insert,-0.1,-0.3,0.0,-0.1,-0.2,0.1
joan,0.1,0.0,0.0,0.3,0.4,0.0
lebanon,0.5,0.0,-0.1,0.5,0.7,0.2
leeds,0.4,0.0,-0.1,0.0,0.5,0.1
legit,-0.2,-0.1,0.4,0.1,-0.6,0.3
leonard,0.2,0.0,0.0,0.2,0.4,-0.1
liquor,0.1,0.0,-0.3,0.6,0.2,0.3
loser,0.2,0.0,-0.5,-0.3,0.0,0.4
malcolm,0.3,0.0,0.0,0.2,0.4,0.1
massage,-0.2,0.3,-0.4,0.7,0.1,-0.6
matched,0.1,0.0,0.2,0.2,-0.1,0.1
messed,0.1,0.0,-0.3,0.1,-0.2,0.3
milwaukee,0.4,0.0,-0.1,0.1,0.3,0.1
musician,0.1,0.2,0.3,0.4,0.2,0.4
nato,0.5,-0.1,-0.2,-0.4,-0.1,0.3
nephew,-0.1,0.0,0.3,0.4,-0.5,0.1
notably,0.1,0.1,0.1,-0.1,0.1,0.1
orchestra,0.7,0.2,0.2,0.3,0.5,0.8
oz,-0.3,0.1,0.3,0.2,0.2,0.2
packages,0.3,0.0,-0.1,0.0,-0.2,0.0
pad,-0.3,0.2,-0.4,0.1,-0.1,-0.4
pakistani,0.3,0.0,0.0,0.4,0.5,0.2
participated,0.1,0.0,0.1,0.1,0.0,0.1
precision,0.2,-0.4,0.4,-0.5,0.0,-0.2
preservation,0.4,0.2,-0.2,-0.2,0.6,-0.3
priests,0.4,0.1,-0.3,0.1,0.8,-0.2
privately,-0.1,0.0,-0.1,-0.2,0.0,-0.6
prizes,0.1,0.3,0.5,0.4,0.1,0.5
pulls,0.3,-0.2,-0.2,0.1,0.0,0.3
qualifying,0.1,0.0,0.2,-0.2,-0.2,0.1
reasoning,0.3,0.0,0.1,-0.3,0.3,-0.3
relaxed,-0.3,0.4,-0.3,0.5,0.0,-0.7
reporters,0.2,0.0,0.2,-0.1,0.1,0.5
roses,0.0,0.4,-0.2,0.6,0.1,-0.1
rumors,-0.4,0.5,0.1,0.2,0.0,0.3
sail,0.1,0.7,0.3,0.2,0.3,0.1
salmon,0.2,-0.3,0.2,0.1,0.1,0.0
secretly,-0.3,-0.1,-0.2,-0.1,0.0,-0.6
seller,0.0,0.0,0.1,0.1,0.0,0.2
sen,-0.1,0.0,0.0,0.0,0.2,-0.1
seo,-0.5,0.2,0.2,-0.3,-0.8,0.1
sheer,-0.4,0.6,0.2,-0.2,0.0,0.2
shifts,0.1,-0.2,0.3,0.0,-0.1,0.1
simpson,0.1,0.0,0.2,0.2,-0.3,0.2
smallest,-0.7,0.1,0.1,0.0,-0.2,-0.4
specially,-0.1,0.0,0.1,0.1,-0.1,0.1
stark,0.3,-0.3,-0.4,-0.8,0.2,0.4
struggled,0.5,0.3,-0.3,0.3,0.1,0.6
sympathy,-0.2,0.3,-0.1,0.7,0.2,-0.3
tan,0.0,0.0,0.0,0.5,0.0,-0.1
teenagers,0.1,0.0,0.6,0.4,-0.7,0.5
theoretical,-0.2,0.4,-0.1,-0.5,0.1,-0.3
thumb,0.1,0.0,0.2,0.4,0.1,0.0
timber,0.6,0.0,0.1,0.3,0.4,-0.1
transparent,-0.6,0.3,0.1,-0.4,-0.1,-0.4
travis,0.1,0.0,0.2,0.2,-0.2,0.1
tweets,-0.7,0.5,0.5,0.0,-0.9,0.3
tx,0.0,0.0,0.1,0.1,-0.4,0.0
upside,-0.2,0.4,0.5,0.2,-0.2,0.2
urged,0.2,-0.3,-0.1,0.3,0.0,0.6
visitor,0.1,0.0,0.1,0.2,0.0,-0.1
vitamin,-0.3,-0.1,0.3,0.2,-0.4,0.0
void,-0.8,-0.5,-0.7,-0.9,0.8,-0.8
voluntary,-0.1,0.2,0.1,0.2,0.0,-0.2
wheat,-0.2,0.4,-0.3,0.6,0.5,-0.4
whip,0.0,-0.6,0.7,0.2,0.3,0.8
wipe,-0.2,0.2,-0.2,0.0,-0.1,-0.1
wolves,0.4,-0.1,0.2,0.1,0.6,0.7
wrist,0.0,0.0,0.2,0.4,0.1,-0.1
abused,0.6,0.0,-0.6,-0.4,0.1,0.7
acute,-0.2,-0.5,0.3,-0.1,0.1,0.5
admiral,0.5,0.0,-0.1,-0.1,0.5,0.4
amanda,0.0,0.0,0.2,0.3,-0.3,0.1
arnold,0.4,0.0,0.0,0.1,0.2,0.3
arrange,-0.1,0.0,0.1,0.0,0.0,-0.2
banana,0.1,0.2,-0.3,0.4,-0.1,0.1
behave,0.1,0.0,-0.2,-0.1,0.1,-0.2
betting,-0.1,0.1,0.4,0.3,-0.1,0.3
blair,0.1,0.0,0.1,0.0,0.1,0.0
bo,-0.2,0.0,0.3,0.1,-0.1,0.1
borrow,0.1,0.0,0.1,0.1,0.0,-0.1
camping,0.2,0.4,0.1,0.6,0.1,0.1
capitol,0.8,0.0,-0.4,-0.1,0.5,0.3
celtic,0.3,0.0,0.1,0.3,0.7,0.2
chan,-0.2,0.0,0.2,0.1,0.1,-0.1
chin,0.1,0.0,0.2,0.2,0.0,-0.1
civic,0.2,0.0,0.1,0.0,0.2,0.1
clerk,0.1,0.1,-0.1,0.0,0.2,-0.2
conclusions,0.5,0.0,-0.4,-0.1,0.1,0.1
considerably,0.3,0.1,0.0,0.0,0.0,0.2
contacted,-0.1,-0.2,0.1,0.1,-0.2,0.0
cottage,0.3,0.0,-0.2,0.7,0.4,-0.4
coup,0.6,-0.3,-0.3,0.2,0.1,0.7
criticized,0.3,-0.1,0.1,-0.4,0.0,0.5
crude,0.5,0.1,-0.5,0.3,0.5,0.3
dash,-0.4,-0.5,0.6,0.1,-0.3,0.4
decreased,-0.2,-0.2,-0.1,-0.3,0.0,-0.3
defended,0.4,0.0,0.1,0.2,0.1,0.3
demons,0.5,-0.2,0.2,0.6,0.8,0.7
deposits,0.4,0.0,-0.4,-0.2,0.3,-0.1
disclosure,0.1,0.2,0.1,0.0,0.0,0.3
disposal,0.2,-0.1,-0.5,-0.3,-0.1,-0.1
distinctive,0.1,0.0,0.3,0.1,0.0,0.3
documented,0.3,0.2,-0.3,-0.2,0.2,-0.2
donation,0.1,0.2,0.1,0.6,0.1,0.0
dragged,0.6,0.4,-0.7,0.1,0.1,0.3
drone,0.2,0.4,-0.2,-0.2,-0.5,0.2
encounters,0.1,0.0,0.2,0.2,0.1,0.2
ensuring,0.2,0.0,0.0,0.2,0.0,0.1
enterprises,0.4,0.0,0.1,0.0,0.1,0.2
escort,0.2,0.0,0.1,0.1,0.1,0.1
exams,0.3,0.1,-0.3,-0.5,0.0,0.3
firmly,0.5,-0.2,-0.3,0.0,0.1,0.3
flour,-0.3,0.6,-0.8,0.3,0.3,-0.5
gdp,0.4,0.0,-0.2,-0.5,-0.4,-0.1
geneva,0.3,0.0,0.0,-0.2,0.4,-0.1
hindu,0.3,0.0,0.1,0.5,0.8,0.1
holdings,0.5,0.0,-0.3,-0.2,0.2,-0.2
indie,-0.3,0.2,0.5,0.3,-0.5,0.2
indirect,-0.1,0.3,0.2,-0.1,0.0,-0.3
inspire,-0.2,0.5,0.5,0.7,0.1,0.5
institutional,0.6,0.1,-0.5,-0.6,0.3,-0.1
interim,-0.1,0.0,0.2,-0.1,-0.2,-0.1
interviewed,0.1,0.0,0.0,0.1,0.0,0.2
java,0.1,0.0,0.3,0.6,0.2,0.2
jefferson,0.3,0.0,0.0,0.1,0.5,0.1
jerk,0.1,-0.4,0.7,-0.1,-0.1,0.6
karl,0.3,0.0,0.0,0.0,0.4,0.1
kindly,-0.2,0.3,0.2,0.7,0.2,-0.3
kindness,-0.2,0.4,0.2,0.8,0.3,-0.2
leaked,-0.3,-0.2,-0.4,0.1,-0.3,0.2
locals,0.1,0.0,0.1,0.4,0.1,0.0
lottery,-0.2,0.3,0.6,0.2,-0.1,0.4
louise,0.0,0.0,0.1,0.3,0.2,-0.2
magnitude,0.6,-0.1,-0.2,-0.1,0.1,0.5
minus,-0.3,-0.1,0.0,-0.4,0.0,-0.2
nhs,0.2,0.0,-0.1,0.2,-0.2,0.1
noting,-0.4,0.2,0.1,0.0,0.0,-0.5
nude,0.1,0.1,0.2,0.6,0.3,0.1
organs,0.3,-0.1,-0.3,0.5,0.5,0.2
outlet,0.1,0.0,0.1,0.1,-0.2,0.1
outlets,0.1,0.0,0.1,0.1,-0.2,0.1
parameters,0.2,0.0,-0.2,-0.3,-0.1,-0.2
pause,-0.2,0.4,0.3,0.0,0.0,-0.7
pledge,0.4,0.0,-0.4,0.2,0.4,0.3
portal,0.5,0.2,-0.1,-0.1,0.6,0.2
prescription,-0.3,0.3,0.1,-0.1,-0.1,-0.1
protesters,0.4,0.0,0.2,0.4,-0.1,0.8
proving,0.1,0.0,-0.1,-0.1,0.1,0.1
publicity,-0.2,0.3,0.4,0.1,-0.4,0.5
punished,0.5,-0.2,-0.5,-0.4,0.3,0.4
puppy,-0.4,0.2,0.6,0.8,-0.8,0.3
recruitment,0.1,0.0,-0.2,-0.2,-0.3,0.1
screwed,0.2,-0.3,0.1,-0.2,-0.3,0.5
shades,-0.3,0.4,0.2,-0.4,0.1,-0.4
shakespeare,0.7,0.0,-0.3,0.2,0.7,0.3
silicon,0.2,-0.1,0.1,-0.5,-0.5,-0.2
slice,-0.3,-0.3,0.2,0.0,0.0,0.2
spelling,-0.1,0.0,0.1,0.0,0.2,-0.3
spurs,0.3,-0.2,0.4,0.1,0.5,0.3
subscribers,-0.1,0.0,0.1,0.0,-0.6,-0.1
surveys,-0.2,0.2,-0.1,-0.2,-0.2,-0.3
survivor,0.5,0.0,0.3,0.3,0.2,0.4
telegraph,0.4,0.0,-0.2,0.1,0.6,0.2
tits,0.0,0.2,0.5,0.5,-0.1,0.3
vaccine,-0.2,-0.4,0.1,-0.3,-0.4,0.1
vinyl,0.1,0.3,0.3,0.4,0.3,0.1
westminster,0.6,0.0,-0.4,-0.1,0.6,0.1
wished,-0.4,0.5,0.2,0.3,0.1,-0.5
wonders,0.1,0.3,0.3,0.4,0.5,0.2
accurately,-0.1,-0.3,0.0,-0.4,0.0,-0.2
adelaide,0.2,0.0,0.1,0.3,0.2,-0.1
affiliate,0.0,0.0,0.0,-0.3,-0.3,-0.2
alfred,0.2,0.0,-0.1,0.2,0.5,-0.1
asylum,0.6,0.0,-0.5,-0.5,0.6,0.1
barn,0.5,0.0,-0.2,0.4,0.4,-0.1
bent,0.1,0.1,0.2,-0.1,0.1,0.1
bernie,0.0,0.0,0.1,0.4,0.3,0.2
brussels,0.4,0.0,-0.2,0.0,0.4,0.0
cathedral,0.8,0.0,-0.6,-0.1,0.8,-0.3
centered,0.1,0.0,0.0,0.1,0.0,-0.3
clause,0.1,0.0,-0.2,-0.4,0.3,-0.3
cluster,0.2,0.1,-0.1,0.1,0.0,0.1
complained,0.1,0.1,-0.3,0.2,0.0,0.4
compounds,0.4,0.0,-0.2,-0.1,0.1,0.0
consistency,0.3,0.2,-0.4,0.1,0.1,-0.1
cr,-0.5,0.0,0.1,-0.2,-0.4,-0.3
cracked,0.2,-0.1,-0.5,-0.2,0.2,0.5
cylinder,0.5,-0.2,0.3,-0.3,0.0,0.1
dancer,-0.4,0.4,0.7,0.4,0.1,0.3
deaf,0.2,0.0,-0.6,-0.2,0.2,-0.8
debts,0.6,0.0,-0.7,-0.4,0.2,0.2
denial,0.3,0.1,-0.5,-0.5,0.1,0.3
digging,0.4,-0.1,-0.6,0.3,0.3,0.3
dock,0.6,0.0,0.0,-0.1,0.3,0.1
entrepreneur,0.1,0.1,0.4,0.2,-0.5,0.4
evident,0.0,0.0,0.1,0.0,0.0,0.1
expectation,0.2,0.2,0.2,0.1,-0.1,0.2
expedition,0.5,0.0,0.1,0.2,0.4,0.4
expressing,0.0,0.1,0.2,0.3,-0.1,0.3
extends,0.2,-0.1,0.3,0.0,0.0,0.1
facilitate,-0.1,-0.3,0.3,0.1,-0.2,-0.1
failures,0.5,0.0,-0.7,-0.3,0.1,0.4
feat,0.4,0.0,0.4,0.3,0.2,0.6
fossil,0.7,0.0,-0.5,-0.4,0.9,-0.4
founding,0.6,0.0,-0.2,0.2,0.6,0.3
freight,0.8,0.0,-0.4,-0.2,0.2,0.5
generating,0.2,0.0,0.3,0.4,-0.3,0.4
goddamn,0.3,-0.2,0.1,0.6,0.1,0.8
guides,0.1,0.1,0.2,0.3,0.2,-0.1
honesty,0.3,0.1,0.1,0.5,0.3,0.1
inappropriate,0.1,0.0,-0.2,0.1,-0.2,0.3
infant,-0.3,0.3,0.1,0.7,-0.9,0.6
initiated,0.2,-0.2,0.2,0.1,0.0,0.3
injection,0.1,-0.6,0.2,-0.3,-0.2,0.4
instrumental,0.3,0.0,0.2,-0.1,0.1,0.2
insult,0.2,-0.3,-0.3,0.4,0.1,0.6
interference,0.2,0.2,0.0,0.1,-0.1,0.4
interstate,0.6,-0.2,0.1,-0.2,-0.3,0.5
julian,0.1,0.0,0.2,0.2,0.3,0.0
launching,0.5,-0.4,0.5,0.5,-0.4,0.8
liking,-0.2,0.2,0.3,0.5,-0.2,0.1
linux,-0.1,-0.2,0.1,-0.4,-0.6,-0.2
luis,0.0,0.0,0.2,0.3,0.1,0.0
mates,0.1,0.1,0.3,0.6,0.1,0.2
mediterranean,0.5,0.2,0.0,0.7,0.7,0.1
neat,-0.3,-0.2,0.4,0.0,-0.1,-0.1
negotiate,0.2,0.1,0.1,0.1,0.1,0.2
neo,-0.4,-0.4,0.5,-0.2,-0.8,0.3
nicole,-0.1,0.0,0.3,0.3,-0.1,0.0
obligations,0.6,0.0,-0.6,-0.3,0.3,0.2
offset,0.0,0.0,0.2,-0.1,-0.2,0.0
outbreak,0.5,-0.3,0.2,0.5,-0.2,0.8
pal,0.0,0.1,0.3,0.5,0.1,0.2
palestine,0.6,0.0,-0.4,0.4,0.8,0.5
perfection,0.3,0.1,0.2,0.1,0.2,0.3
pigs,0.4,0.0,0.1,0.3,0.2,0.4
pirates,0.3,-0.1,0.2,0.2,0.5,0.6
posters,-0.4,0.4,-0.2,0.0,-0.2,0.1
practicing,0.1,0.0,0.1,0.1,0.0,0.2
praying,-0.1,0.3,-0.2,0.3,0.6,-0.4
probe,0.2,-0.4,0.1,-0.4,-0.3,0.1
prohibited,0.5,0.0,-0.5,-0.3,0.2,0.4
projected,-0.2,-0.3,0.2,-0.2,-0.5,0.0
propose,0.1,0.0,0.1,0.2,0.1,0.2
quarterly,0.1,0.0,-0.1,-0.2,-0.1,-0.1
recipes,-0.1,0.2,0.1,0.5,0.3,-0.1
recruiting,0.2,0.0,0.1,0.0,-0.1,0.3
refusing,0.4,0.0,-0.3,-0.2,0.0,0.5
rehabilitation,0.3,0.1,0.1,0.2,0.1,-0.1
reid,0.0,0.0,0.0,0.0,0.2,0.0
remix,-0.2,-0.1,0.6,0.1,-0.7,0.5
resistant,0.6,0.0,-0.2,-0.2,0.1,0.2
reynolds,0.1,0.0,0.0,0.1,0.3,0.0
riders,0.3,-0.2,0.3,0.2,0.2,0.4
robots,0.5,0.0,-0.1,-0.6,-0.5,0.2
rockets,0.7,-0.6,0.2,0.7,-0.4,0.9
roller,0.4,0.0,0.4,0.1,0.0,0.3
sailing,-0.2,0.6,0.1,0.2,0.4,-0.3
shapes,-0.1,0.2,0.2,-0.1,0.1,-0.1
skinny,-0.6,-0.3,0.1,-0.2,-0.2,0.1
slipped,-0.3,-0.4,0.3,-0.1,-0.1,0.1
sneak,-0.4,-0.3,0.2,-0.1,0.0,-0.7
solving,0.1,0.0,0.1,0.1,-0.1,0.0
sore,0.2,0.0,-0.4,0.4,0.0,0.3
spark,-0.7,-0.3,0.5,0.8,-0.2,0.4
speculation,-0.1,0.4,0.1,0.0,0.1,0.1
steep,0.5,-0.4,-0.3,-0.3,0.2,0.2
stevens,0.0,0.0,0.0,0.0,0.2,0.0
straw,-0.7,0.4,-0.2,0.3,0.3,-0.4
successor,0.2,0.0,0.0,0.0,0.1,0.1
targeting,0.3,-0.4,-0.1,-0.2,-0.3,0.4
triggered,0.2,-0.4,0.4,0.3,-0.5,0.7
troubles,0.5,0.0,-0.4,0.1,0.2,0.3
uncertain,-0.2,0.3,-0.2,-0.2,0.0,-0.3
upload,-0.5,0.2,0.3,-0.4,-0.8,0.0
vector,0.1,-0.4,0.2,-0.5,-0.4,0.2
violations,0.4,0.0,-0.4,-0.3,0.1,0.6
weigh,0.4,0.0,-0.2,0.0,0.1,0.0
whatsoever,0.0,0.2,0.0,0.0,0.2,0.3
wicked,0.3,-0.2,0.2,0.1,0.4,0.5
abraham,0.5,0.0,-0.2,0.3,0.9,0.2
absent,-0.4,0.4,-0.3,-0.6,0.1,-0.6
acoustic,-0.2,0.3,0.3,0.4,0.1,0.3
adapt,0.0,0.1,0.5,0.1,-0.1,0.1
ancestors,0.6,0.0,-0.4,0.3,0.8,-0.1
archive,0.5,0.1,-0.3,-0.2,0.7,-0.4
atomic,0.7,-0.3,0.2,0.6,-0.2,0.8
bean,-0.3,-0.1,0.1,0.3,0.2,-0.5
bicycle,0.2,0.0,0.4,0.1,0.1,0.1
bryan,0.0,0.0,0.0,0.1,0.0,0.0
bump,0.1,-0.2,0.6,0.0,-0.2,0.4
buttons,-0.2,0.2,0.3,0.1,0.0,0.1
cart,0.3,0.0,-0.1,0.2,0.3,0.2
circus,0.4,0.3,0.6,0.5,0.3,0.7
claire,-0.2,0.1,0.1,0.2,-0.1,-0.1
cocaine,-0.4,0.6,-0.5,0.3,-0.1,0.6
cohen,0.1,0.0,0.0,0.0,0.2,0.0
colleague,0.1,0.0,0.0,0.2,0.0,0.0
compelling,0.4,-0.2,0.2,0.3,0.0,0.5
compiled,0.3,0.1,-0.2,-0.3,-0.3,-0.2
complications,0.4,0.3,-0.4,-0.1,0.0,0.3
construct,0.5,0.0,0.1,-0.1,0.0,0.2
cord,-0.1,0.3,0.2,0.1,0.1,-0.1
crowded,0.5,0.2,-0.3,0.4,-0.1,0.6
cyber,-0.3,-0.4,0.5,-0.6,-0.8,0.3
dale,0.2,0.0,-0.1,0.3,0.4,-0.3
debates,0.3,0.2,0.2,0.2,0.3,0.6
defendant,0.4,0.0,-0.2,-0.2,0.2,0.1
delays,0.3,0.6,-0.5,-0.2,0.0,-0.2
dense,0.8,-0.1,-0.5,0.0,0.1,0.1
desperately,0.3,0.3,-0.1,0.4,-0.1,0.8
doctrine,0.7,0.1,-0.6,-0.3,0.7,0.2
expose,0.1,-0.2,0.1,0.1,0.0,0.6
financially,0.1,0.0,-0.1,-0.4,-0.1,-0.1
freshman,-0.2,0.0,0.4,0.2,-0.8,0.2
furious,0.5,-0.4,0.3,0.8,-0.1,0.9
gameplay,-0.2,-0.1,0.6,0.0,-0.7,0.3
geography,0.6,0.2,-0.3,0.1,0.6,-0.2
gig,-0.1,-0.1,0.5,0.4,-0.4,0.7
habitat,0.3,0.1,-0.1,0.4,0.5,-0.2
harbour,0.7,0.0,-0.3,0.2,0.5,-0.3
hazard,0.4,-0.1,0.1,0.3,0.0,0.7
hydrogen,-0.8,0.9,0.3,-0.1,0.2,0.4
implies,0.0,0.2,0.0,-0.1,0.0,-0.4
intact,0.3,0.0,0.2,0.0,0.2,-0.2
intake,0.2,-0.3,0.0,-0.1,-0.2,0.1
irrelevant,-0.3,0.4,-0.2,-0.3,-0.1,-0.3
jaw,0.3,-0.3,0.1,0.2,0.4,0.3
jin,0.1,0.4,0.2,0.2,0.5,0.1
kitty,-0.5,0.3,0.7,0.7,-0.7,0.2
lauren,-0.1,0.1,0.1,0.3,-0.2,-0.1
lawn,0.1,0.2,-0.2,0.3,0.1,-0.4
manufacture,0.4,0.0,-0.1,-0.3,-0.2,0.3
martha,0.0,0.0,0.0,0.3,0.4,0.0
medals,0.2,-0.1,0.2,-0.1,0.3,0.3
mercedes,0.6,-0.3,0.2,-0.1,-0.1,0.4
mistaken,0.1,0.2,-0.2,-0.2,-0.1,0.2
moses,0.6,0.0,-0.4,0.5,0.9,0.6
nashville,0.3,0.0,0.0,0.4,0.1,0.4
nebraska,0.3,0.1,-0.2,0.1,0.2,-0.3
needle,-0.5,-0.7,0.1,-0.5,0.2,0.2
ol,-0.1,0.0,0.0,0.3,0.5,-0.2
olds,0.5,0.0,0.2,0.0,0.5,0.2
organize,0.1,0.0,0.1,-0.2,-0.2,0.0
ottawa,0.3,0.0,-0.1,-0.5,0.1,-0.1
oval,-0.2,-0.2,0.4,0.0,0.3,-0.3
pity,0.4,0.1,-0.5,0.3,0.3,-0.4
pond,0.3,0.0,-0.4,-0.2,0.4,-0.5
porter,0.3,0.0,-0.2,0.4,0.4,0.0
portions,0.0,0.0,-0.1,0.0,0.0,-0.1
prey,0.0,-0.2,-0.4,0.3,0.8,0.3
prophet,0.5,0.3,-0.2,0.5,0.9,0.5
raymond,0.0,0.0,0.0,0.1,0.2,0.0
recalled,0.1,0.0,0.2,0.1,0.3,-0.3
reduces,-0.2,-0.1,-0.2,-0.2,-0.1,-0.3
referendum,0.5,0.1,-0.2,0.3,0.2,0.4
refugee,0.2,0.3,-0.5,0.1,0.6,0.2
regulated,0.2,0.0,-0.3,-0.4,-0.2,-0.2
rounded,0.0,-0.1,0.5,0.1,0.1,-0.3
ruby,0.4,0.0,0.2,0.6,0.7,0.3
rushed,-0.1,-0.4,0.3,0.4,-0.6,0.6
sanders,0.2,0.0,-0.4,0.3,0.1,0.5
satisfy,0.3,0.0,-0.1,0.5,0.2,-0.2
scales,0.3,0.2,0.1,-0.4,0.6,0.1
seasonal,0.0,0.2,0.3,0.1,0.5,-0.2
segments,-0.1,0.0,-0.1,-0.1,-0.2,-0.3
sensible,0.2,0.0,0.0,-0.1,0.2,-0.3
sequel,0.1,0.0,0.2,0.0,-0.3,0.2
shifted,0.2,-0.1,0.0,0.1,0.0,0.1
shifting,0.1,0.2,0.1,0.1,-0.3,0.1
shining,-0.7,-0.3,0.3,0.6,0.2,0.4
slower,0.3,0.5,-0.5,-0.2,0.2,-0.4
spinning,0.0,0.4,0.5,0.3,0.1,0.3
stanford,0.4,0.0,-0.2,0.2,0.2,-0.1
stepping,0.1,-0.1,0.2,0.0,0.2,-0.2
teammates,0.3,0.0,0.4,0.6,-0.1,0.5
touches,-0.5,0.5,-0.2,0.5,0.1,-0.5
township,0.4,0.0,-0.3,0.3,0.4,-0.2
travelled,0.2,0.0,0.2,0.2,0.4,0.0
twisted,0.2,0.2,0.4,0.1,0.3,0.3
usb,-0.4,-0.1,0.1,-0.5,-0.8,-0.6
vienna,0.4,0.2,-0.1,0.3,0.6,0.3
wade,0.3,0.2,-0.4,0.1,0.0,-0.1
whale,0.9,0.0,-0.2,0.2,0.5,0.3
writings,0.1,0.4,-0.3,0.1,0.4,-0.3
admire,-0.1,0.1,0.2,0.5,0.0,0.2
af,-0.5,0.0,0.3,0.0,-0.8,0.4
amber,0.2,0.1,-0.1,0.6,0.6,-0.2
ankle,0.1,0.0,0.1,0.2,0.0,0.0
armor,0.7,0.0,-0.3,-0.2,0.6,0.4
autism,0.2,0.1,-0.2,0.0,0.0,-0.1
bachelor,0.1,0.0,0.2,0.1,-0.1,0.1
berry,-0.3,0.0,0.2,0.3,-0.2,-0.1
billions,0.8,0.3,0.1,0.0,0.2,0.5
brady,0.0,0.0,0.1,0.1,-0.2,0.1
brisbane,0.2,0.0,0.0,0.4,0.1,0.0
bulls,0.6,-0.2,0.2,0.3,0.2,0.6
bullying,0.4,-0.1,-0.4,-0.5,0.1,0.6
capitalism,0.6,0.0,-0.2,-0.3,0.2,0.3
caution,0.1,0.3,-0.2,-0.1,0.1,-0.4
certification,0.2,0.2,-0.3,-0.2,0.1,-0.2
characteristic,0.0,0.0,0.0,0.0,0.0,0.0
clan,0.4,0.0,-0.1,0.4,0.7,0.3
clash,0.3,-0.3,0.4,0.2,0.1,0.8
columns,0.7,0.0,-0.4,-0.1,0.7,-0.1
compatible,-0.1,0.1,0.3,0.2,-0.1,-0.1
concerts,0.3,0.2,0.4,0.5,-0.1,0.8
condemned,0.6,-0.3,-0.6,-0.6,0.3,0.4
configuration,0.1,0.1,-0.1,-0.3,-0.2,-0.2
continuously,0.0,0.1,0.1,0.0,0.0,0.1
convincing,0.2,0.0,0.0,0.2,0.0,0.3
coupled,0.2,0.0,0.1,0.3,0.0,0.0
curiosity,-0.2,0.4,0.5,0.3,0.0,0.2
delight,-0.3,0.5,0.6,0.6,-0.1,0.4
determining,0.2,-0.1,-0.1,-0.1,0.0,0.1
entities,0.1,0.2,-0.2,-0.4,0.2,-0.2
exceptions,-0.1,0.2,0.2,-0.1,0.0,0.1
explosive,0.4,-0.4,0.5,0.7,-0.2,0.9
flooding,0.7,-0.1,-0.5,-0.2,0.3,0.6
fortunate,-0.1,0.3,0.3,0.5,0.1,0.1
fortunately,-0.1,0.3,0.3,0.4,0.0,0.0
foundations,0.8,0.0,-0.5,0.1,0.6,-0.1
frontier,0.4,0.2,0.1,0.2,0.4,0.3
frustrating,0.3,0.1,-0.3,0.3,-0.1,0.5
frustration,0.4,0.1,-0.4,0.3,0.0,0.5
geographic,0.3,0.1,-0.2,-0.2,0.3,-0.2
glenn,0.0,0.0,0.0,0.1,0.1,0.0
grande,0.4,0.1,0.2,0.2,0.1,0.4
grasp,0.3,-0.2,-0.2,0.2,0.1,0.2
handy,-0.2,0.0,0.3,0.3,-0.2,0.0
hardcore,0.5,-0.3,0.2,0.3,-0.3,0.8
harmful,0.4,-0.2,-0.3,-0.4,0.1,0.4
headache,0.6,0.0,-0.5,0.4,0.0,0.5
hers,-0.1,0.0,0.0,0.1,0.0,-0.2
hispanic,0.1,0.0,0.1,0.4,0.2,0.1
incentive,0.1,0.2,0.4,0.1,-0.1,0.2
inclusive,0.2,0.2,0.2,0.3,-0.2,0.0
infections,0.3,0.4,-0.4,0.6,0.0,0.5
jackie,-0.1,0.0,0.2,0.2,-0.1,0.1
joel,0.0,0.0,0.1,0.1,0.0,0.0
kissing,-0.2,0.3,0.3,0.8,-0.1,0.2
lanes,0.4,-0.1,-0.2,-0.1,0.1,0.0
licence,0.1,0.2,-0.3,-0.3,0.1,-0.1
lungs,-0.2,0.4,0.4,0.5,0.2,0.2
madness,0.5,0.1,-0.1,0.3,0.3,0.7
mandate,0.5,0.0,-0.4,-0.2,0.2,0.4
manga,-0.2,0.2,0.3,0.2,-0.5,0.3
memorable,0.2,0.2,0.2,0.4,0.1,0.2
merger,0.6,0.0,-0.5,-0.3,0.0,0.1
minorities,0.2,0.0,0.0,0.1,0.1,0.1
nj,0.0,0.0,0.0,0.0,-0.2,0.0
occurring,0.0,0.0,0.1,0.0,-0.1,-0.1
organizing,0.1,0.0,0.2,0.1,-0.1,0.1
performs,0.1,0.0,0.3,0.3,0.0,0.4
ph,-0.2,0.0,0.0,-0.2,-0.2,-0.2
po,-0.2,0.0,0.0,0.0,0.0,-0.3
poker,0.1,0.0,0.3,0.2,0.2,0.2
portable,-0.4,0.1,0.4,0.0,-0.4,-0.1
priced,0.0,0.1,-0.1,-0.2,-0.2,-0.1
quebec,0.3,0.0,-0.2,-0.4,0.3,0.0
randomly,-0.3,0.3,0.6,0.0,-0.3,0.1
rankings,0.1,0.1,0.1,-0.3,-0.1,0.0
realizing,0.1,0.2,0.2,0.3,-0.1,0.2
resign,0.4,-0.1,-0.6,-0.4,0.1,-0.3
revealing,-0.1,0.3,0.2,0.3,0.0,0.2
rico,0.0,0.0,0.2,0.5,0.0,0.2
robbery,0.5,-0.2,-0.2,0.2,0.1,0.7
rub,-0.1,0.1,-0.2,0.5,0.0,-0.2
runners,0.0,-0.3,0.6,0.4,-0.2,0.3
sally,-0.1,0.0,0.3,0.3,0.1,0.1
scattered,-0.3,0.5,0.1,-0.1,0.0,-0.2
scout,0.0,-0.2,0.4,0.2,0.1,0.1
searched,0.2,0.0,-0.1,0.0,0.1,0.1
sexuality,0.2,0.2,0.2,0.7,0.2,0.4
shouting,0.2,0.1,0.3,0.4,0.0,0.9
slap,0.1,-0.3,0.5,0.3,0.0,0.7
steak,0.4,0.0,-0.5,0.7,0.1,0.1
succession,0.5,0.0,-0.3,-0.1,0.5,0.1
superintendent,0.6,0.0,-0.4,-0.2,0.3,0.3
suspicion,0.3,0.4,-0.3,-0.4,0.1,-0.2
sweep,0.1,-0.2,0.1,0.0,0.0,0.2
tactical,0.3,-0.3,-0.1,-0.5,-0.3,0.3
talents,0.1,0.1,0.2,0.2,0.1,0.2
therapist,0.1,0.0,-0.1,0.4,0.1,-0.2
thereafter,-0.2,0.1,0.0,-0.1,0.2,-0.3
thorough,0.3,0.0,-0.2,0.1,0.1,-0.1
tuition,0.2,0.0,-0.3,-0.2,0.1,0.1
tumor,0.4,0.0,-0.6,0.3,0.0,0.4
usd,0.0,0.3,0.1,-0.3,-0.3,0.0
variables,-0.1,0.1,0.4,-0.2,-0.2,0.0
varying,-0.2,0.2,0.5,0.0,-0.2,0.0
wholesale,0.3,0.0,-0.2,-0.1,0.0,0.2
wwe,0.5,-0.1,0.6,0.3,-0.5,0.9
administered,0.2,0.0,-0.4,-0.2,0.1,0.1
affiliated,0.1,0.0,0.1,0.0,0.0,-0.1
apples,0.0,0.0,0.3,0.2,-0.1,-0.2
architectural,0.6,0.0,-0.3,-0.3,0.3,-0.2
artillery,0.8,-0.3,-0.4,0.6,0.3,0.9
assembled,0.3,0.0,-0.1,0.1,-0.1,0.1
bangladesh,0.2,0.0,0.0,0.5,0.1,0.2
barack,0.2,0.0,0.1,0.3,-0.3,0.3
beaches,0.2,0.2,0.1,0.5,0.4,-0.1
bees,-0.4,0.5,0.5,0.4,0.1,0.3
boarding,0.1,0.1,0.0,-0.1,-0.2,0.1
bothered,0.1,0.0,-0.2,0.2,-0.1,0.2
canvas,-0.1,0.4,-0.4,0.2,0.3,-0.4
canyon,0.9,0.0,-0.5,0.3,0.8,-0.3
casey,-0.1,0.0,0.2,0.2,-0.4,0.1
cheek,-0.2,0.0,0.2,0.5,-0.1,-0.4
chen,0.0,0.0,0.1,0.0,0.1,0.0
cincinnati,0.3,0.0,0.0,0.1,0.3,0.1
circular,-0.1,0.2,0.6,-0.1,0.0,-0.2
circulation,0.1,0.3,0.3,0.3,0.1,0.0
clearance,-0.2,-0.1,0.2,-0.2,-0.3,-0.1
closes,0.1,0.0,-0.3,-0.1,-0.1,-0.3
coincidence,-0.2,0.1,0.5,0.1,-0.2,0.2
comedian,0.0,0.1,0.4,0.4,0.0,0.6
commands,0.4,-0.2,-0.2,-0.2,0.2,0.7
commissioned,0.3,0.0,-0.3,-0.1,0.3,0.2
concentrated,0.5,0.0,-0.4,0.2,0.0,0.3
conscience,0.4,0.2,-0.2,0.3,0.5,-0.5
cooler,0.1,0.2,0.2,-0.6,-0.2,-0.2
countless,0.5,0.3,0.0,0.0,0.6,0.2
curry,-0.1,0.3,-0.2,0.8,0.2,0.3
dame,0.3,0.0,-0.2,0.2,0.7,0.1
deceased,0.3,-0.1,-0.7,-0.8,0.4,-0.8
dedication,0.3,0.0,-0.1,0.4,0.2,0.1
defining,0.2,-0.1,0.0,-0.1,0.0,0.1
detention,0.4,0.0,-0.5,-0.4,-0.1,-0.2
disputes,0.3,0.1,-0.1,0.3,0.1,0.6
drake,0.1,0.3,0.2,0.1,-0.3,0.3
employ,0.1,0.0,-0.1,0.1,0.0,0.1
enforce,0.5,-0.2,-0.2,-0.2,0.1,0.4
explicit,0.2,-0.1,0.1,-0.3,-0.1,0.5
explicitly,0.2,-0.1,0.1,-0.3,-0.1,0.4
eyed,0.0,0.1,0.0,0.2,0.0,-0.1
florence,0.3,0.0,0.0,0.3,0.6,0.0
flu,-0.1,0.4,-0.4,0.6,0.0,0.3
forbidden,0.6,0.0,-0.3,-0.2,0.4,0.3
fraction,-0.4,0.2,0.2,-0.2,0.1,-0.2
hes,0.0,0.0,0.0,0.0,0.0,0.0
infantry,0.6,0.0,-0.3,0.1,0.3,0.7
integral,0.3,0.0,0.0,-0.1,0.2,0.1
investor,0.2,0.0,0.1,-0.3,-0.1,0.2
janet,0.0,0.0,0.1,0.2,0.1,0.0
judged,0.5,-0.2,-0.4,-0.2,0.3,0.3
katie,-0.2,0.1,0.3,0.3,-0.3,0.1
kidnapped,0.5,-0.1,-0.5,-0.4,0.0,0.7
lectures,0.3,0.1,-0.2,-0.1,0.2,0.2
lightly,-0.7,0.5,0.5,0.1,-0.1,-0.5
linking,0.1,0.0,0.3,0.0,0.0,-0.1
maintains,0.2,0.0,0.0,0.0,0.1,0.0
marble,0.7,-0.1,0.3,-0.5,0.5,-0.2
maritime,0.4,0.2,0.1,-0.3,0.4,-0.1
melt,-0.3,0.2,-0.7,0.6,-0.2,-0.3
modes,0.0,0.0,0.1,-0.1,0.0,-0.1
monica,0.0,0.0,0.1,0.2,0.0,0.0
mumbai,0.4,0.0,0.1,0.7,0.3,0.6
nominee,0.1,0.0,0.1,0.0,-0.2,0.1
oath,0.6,0.0,-0.3,0.2,0.7,0.4
offence,0.3,-0.2,-0.2,-0.1,0.1,0.4
packaging,-0.2,0.4,-0.1,-0.2,-0.4,-0.1
patriots,0.4,0.0,0.1,0.3,0.4,0.5
pee,-0.4,0.1,-0.5,0.4,-0.2,-0.2
pillow,-0.4,0.6,0.4,0.6,0.0,-0.7
pirate,0.3,0.0,0.2,0.2,0.5,0.6
polar,0.5,0.0,0.1,-0.9,0.2,-0.1
prediction,0.1,0.1,0.2,-0.1,0.1,0.1
preview,-0.3,0.2,0.2,-0.1,-0.6,0.0
processed,0.2,0.0,-0.4,-0.5,-0.4,-0.2
pursuing,0.3,-0.3,0.2,0.1,0.0,0.4
puzzle,0.1,0.2,0.3,0.1,0.1,-0.2
rapper,0.1,0.0,0.4,0.2,-0.6,0.7
rebecca,0.0,0.0,0.1,0.2,0.2,0.0
reconstruction,0.6,0.0,-0.3,0.0,0.3,0.2
renowned,0.4,0.1,0.0,0.2,0.5,0.3
revelation,0.5,0.3,0.2,0.4,0.5,0.7
sara,-0.1,0.0,0.2,0.3,0.1,0.0
scholar,0.3,0.1,-0.2,0.1,0.6,-0.3
sharks,0.6,-0.4,0.1,-0.5,0.6,0.5
shoots,0.2,-0.5,0.3,-0.1,-0.1,0.7
skirt,-0.4,0.6,-0.1,0.2,0.1,-0.2
socially,-0.2,0.1,0.1,0.2,0.0,-0.2
spa,-0.1,0.3,-0.2,0.6,-0.1,-0.5
spike,0.3,-0.5,0.4,-0.3,0.0,0.6
sprint,0.1,-0.4,0.5,0.4,-0.3,0.6
stir,-0.1,0.2,0.1,0.3,0.0,-0.2
plots,0.2,0.0,-0.1,-0.2,0.2,0.2
polo,-0.1,0.1,0.4,0.1,0.1,0.1
presenter,0.1,0.0,0.1,0.2,-0.2,0.3
proclaimed,0.4,0.0,-0.2,0.1,0.4,0.7
prohibition,0.5,0.0,-0.5,-0.4,0.3,0.4
prop,0.0,-0.1,0.1,0.0,-0.1,0.0
recognizing,0.1,0.0,0.1,0.2,0.0,0.1
recommends,0.0,0.0,0.0,0.2,-0.1,0.1
registry,0.3,0.1,-0.3,-0.2,0.2,-0.2
relieve,-0.3,0.3,0.2,0.3,0.0,-0.3
remarkably,-0.1,0.1,0.2,0.1,-0.1,0.4
repaired,0.2,0.0,0.2,0.1,0.1,0.0
rotating,0.1,0.2,0.3,0.0,-0.1,0.2
sanchez,0.0,0.0,0.0,0.1,0.1,0.0
sandwiches,0.0,0.1,-0.3,0.3,-0.2,-0.2
satellites,0.6,0.2,0.0,-0.6,-0.4,0.1
scar,0.2,-0.3,-0.4,0.1,0.5,0.3
scouts,0.0,-0.1,0.2,0.3,0.1,0.2
scripture,0.6,0.1,-0.5,0.1,0.8,0.3
seating,0.3,0.0,-0.1,0.1,0.0,-0.3
seminar,0.2,0.0,-0.2,-0.1,-0.1,0.1
shores,0.4,0.0,-0.2,0.2,0.5,-0.1
silva,0.0,0.1,0.0,0.1,0.1,0.0
simplicity,-0.4,0.2,0.2,0.1,0.1,-0.4
slightest,-0.8,0.5,0.1,-0.2,-0.2,-0.7
softly,-0.6,0.6,-0.2,0.3,0.0,-0.8
specimens,0.2,-0.1,-0.3,-0.4,0.1,-0.2
starbucks,0.1,0.1,0.1,0.4,-0.8,0.1
stereo,0.3,0.0,0.1,0.1,-0.3,0.6
supplements,-0.1,-0.1,0.1,-0.2,-0.4,-0.1
surrey,0.1,0.0,0.0,0.1,0.3,-0.2
sustainability,0.1,0.2,0.1,0.2,-0.5,0.0
symphony,0.5,0.3,0.3,0.3,0.4,0.7
tesla,0.5,-0.2,0.2,-0.1,-0.8,0.3
textbook,0.4,0.0,-0.2,-0.2,-0.1,-0.2
theological,0.5,0.0,-0.4,0.0,0.7,0.1
trader,0.1,-0.1,0.1,0.1,0.2,0.2
undercover,0.1,-0.2,0.0,-0.2,-0.2,-0.3
valentine,-0.1,0.4,0.2,0.7,0.2,0.2
vegetation,0.2,0.3,-0.3,0.3,0.4,-0.2
vein,-0.2,-0.2,0.1,0.4,0.3,-0.1
velvet,0.1,0.4,-0.4,0.6,0.3,-0.3
vendors,0.2,0.0,0.1,0.2,0.2,0.3
viewer,0.0,0.0,0.0,-0.1,-0.3,-0.4
webb,0.0,0.5,0.0,0.0,0.0,0.0
welcoming,-0.2,0.2,0.3,0.7,-0.1,0.2
whales,0.9,0.0,-0.3,0.2,0.5,0.3
wheeler,0.3,-0.1,0.4,0.0,0.1,0.1
worm,-0.4,-0.1,-0.7,0.1,0.2,-0.5
zombies,0.4,0.2,-0.6,-0.8,0.3,0.4
accountant,0.1,0.0,-0.2,-0.2,0.1,-0.3
activate,0.0,-0.2,0.5,0.3,-0.6,0.6
admissions,0.2,0.1,0.0,-0.1,0.0,0.0
alison,-0.1,0.0,0.2,0.3,-0.1,-0.1
amusing,-0.3,0.3,0.6,0.4,-0.2,0.2
arabs,0.2,0.0,0.0,0.5,0.6,0.1
beams,0.6,0.0,0.2,0.3,0.1,0.3
behold,0.3,0.3,-0.2,0.2,0.7,0.5
betrayed,0.5,-0.3,-0.5,-0.6,0.2,0.5
biased,0.1,0.0,-0.3,-0.1,0.0,0.1
billionaire,0.4,0.0,0.3,-0.3,-0.2,0.3
bloggers,-0.4,0.2,0.3,-0.1,-0.8,0.1
brewing,0.2,0.3,-0.2,0.6,0.3,0.1
brooke,-0.2,0.0,0.4,0.2,-0.2,-0.2
bypass,0.1,-0.2,0.2,-0.2,-0.3,0.1
calculation,0.2,0.0,-0.1,-0.6,0.1,-0.2
cancellation,0.3,0.1,-0.4,-0.5,-0.4,0.2
cane,0.1,-0.1,0.3,0.3,0.5,-0.1
capturing,0.2,-0.1,0.1,0.1,-0.1,0.4
catalyst,-0.1,-0.3,0.7,0.4,0.0,0.5
cedar,0.3,0.1,0.2,0.5,0.5,-0.3
celebrates,-0.2,0.5,0.7,0.7,-0.1,0.6
claude,0.1,0.0,0.1,0.2,0.3,-0.2
concentrations,0.4,-0.1,-0.2,-0.3,0.0,-0.1
concludes,0.3,-0.1,-0.3,-0.1,0.1,0.1
cons,0.0,-0.1,-0.1,-0.3,0.0,0.2
corpse,0.6,0.0,-0.8,-0.9,0.4,-0.8
crab,0.0,0.0,0.1,-0.1,0.4,0.0
cruelty,0.6,-0.2,-0.6,-0.8,0.5,0.5
darwin,0.3,0.0,0.0,0.1,0.5,0.0
dawson,0.1,0.0,0.1,0.1,0.2,-0.1
decorations,-0.4,0.6,0.4,0.5,-0.3,0.2
dementia,0.5,0.4,-0.7,-0.4,0.6,-0.4
demonstrating,0.1,0.0,0.1,0.0,-0.1,0.3
designation,0.2,0.0,-0.2,-0.5,0.1,-0.1
dev,-0.5,-0.2,0.5,-0.3,-0.8,0.1
dice,-0.2,-0.2,0.8,0.0,0.3,0.2
diploma,-0.3,0.4,-0.2,0.2,0.3,0.1
disasters,0.8,-0.3,-0.6,0.3,0.2,0.9
discharged,0.2,-0.4,0.3,-0.2,-0.1,0.5
dispatch,0.1,-0.3,0.4,-0.1,-0.2,0.4
disputed,0.2,0.2,0.1,0.2,0.1,0.4
dots,-0.7,-0.1,0.6,0.0,-0.2,-0.5
ds,-0.6,0.0,0.4,-0.2,-0.7,-0.3
duchess,0.4,0.2,0.0,0.2,0.6,0.2
dunno,-0.5,0.2,0.3,0.1,-0.6,-0.2
economists,0.3,0.0,-0.4,-0.3,0.1,0.0
eds,-0.2,0.0,0.1,-0.1,-0.2,-0.3
elders,0.4,0.2,-0.2,0.4,0.8,-0.2
exceeded,0.2,-0.3,0.2,0.0,0.0,0.4
explanations,0.2,0.3,-0.1,0.0,0.0,0.1
extinction,0.8,0.0,-0.8,-0.7,0.7,0.5
factions,0.3,-0.1,-0.1,0.3,0.3,0.4
fb,-0.6,-0.3,0.4,-0.2,-0.8,0.1
foil,-0.3,0.6,-0.5,-0.2,-0.1,0.2
formats,0.0,0.0,0.0,-0.3,-0.2,-0.2
freddie,-0.1,0.0,0.3,0.4,-0.1,0.2
gardner,0.1,0.0,0.0,0.2,0.2,-0.1
geology,0.7,0.0,-0.4,-0.1,0.9,-0.3
gerald,0.1,0.0,0.0,0.1,0.3,-0.1
graduating,0.2,0.3,0.4,0.3,-0.4,0.5
gram,-0.8,0.0,0.1,0.0,0.1,-0.4
greene,0.1,0.0,0.1,0.3,0.2,-0.2
heath,0.2,0.2,-0.2,0.2,0.5,-0.4
heavenly,-0.6,0.7,0.2,0.5,0.6,-0.2
hormones,0.1,0.0,0.3,0.6,0.0,0.4
horrific,0.6,0.0,-0.3,-0.5,0.1,0.8
hugo,0.2,0.0,0.1,0.2,0.2,0.1
infants,-0.4,0.2,0.2,0.7,-0.9,0.4
insect,-0.7,0.4,0.1,-0.2,0.4,-0.3
iris,-0.5,0.5,0.1,0.1,0.2,-0.5
issuing,0.1,0.3,-0.1,-0.1,-0.1,0.1
lifts,-0.2,0.2,0.4,0.1,-0.1,0.1
locking,0.3,-0.2,-0.2,-0.3,0.0,0.3
logging,0.6,0.0,-0.5,0.1,0.1,0.5
lookin,-0.3,0.1,0.2,0.1,-0.5,-0.1
maurice,0.1,0.0,0.0,0.2,0.3,-0.1
medications,-0.2,0.0,0.1,-0.1,-0.2,-0.2
mentality,0.2,0.0,-0.1,-0.1,0.1,0.1
metre,0.0,0.0,0.1,-0.2,0.1,-0.3
minecraft,0.2,-0.2,0.2,0.1,-0.8,0.1
miracles,-0.4,0.6,0.5,0.7,0.6,0.5
nascar,0.5,-0.5,0.2,0.5,-0.5,0.9
neural,-0.4,-0.2,0.3,0.1,-0.4,0.1
newsletter,-0.5,0.6,-0.2,-0.1,-0.3,-0.4
nineteenth,0.2,0.0,-0.1,0.0,0.5,-0.1
nitrogen,-0.7,0.7,0.0,-0.8,0.5,-0.3
norms,0.3,0.0,-0.4,-0.1,0.3,-0.2
oceans,0.9,0.0,-0.3,-0.3,0.8,0.4
ooh,-0.7,0.6,0.4,0.3,-0.4,0.1
patricia,0.0,0.0,0.1,0.2,0.2,0.0
paulo,0.0,0.0,0.1,0.4,0.1,0.0
payroll,0.1,0.2,-0.2,-0.2,-0.1,-0.1
phenomenal,0.3,0.3,0.5,0.4,-0.2,0.7
philippine,0.1,0.0,0.1,0.6,0.2,0.0
photographic,-0.2,0.4,-0.3,-0.2,-0.2,-0.2
pinch,-0.4,-0.3,0.1,0.2,-0.1,0.2
ping,-0.7,-0.6,0.7,-0.1,-0.5,0.4
polished,0.1,-0.3,0.3,-0.3,0.0,-0.1
pots,0.3,0.0,-0.2,0.3,0.5,0.1
predictable,0.1,0.0,-0.4,-0.1,0.0,-0.4
privileges,0.2,0.1,-0.1,0.1,0.2,0.0
prix,-0.1,-0.2,0.2,0.1,0.1,0.3
professionally,0.2,0.1,-0.3,-0.3,-0.1,-0.1
protesting,0.3,0.2,0.2,0.4,0.0,0.7
protocols,0.2,0.1,-0.5,-0.5,0.1,-0.2
pushes,0.1,-0.1,0.2,0.1,-0.1,0.3
queer,-0.1,0.1,0.3,0.3,-0.2,0.2
rebounds,0.0,-0.2,0.9,0.0,-0.1,0.3
reckon,0.2,0.0,-0.2,0.2,0.3,-0.2
recycling,0.0,0.3,0.2,0.0,-0.5,-0.1
restriction,0.4,0.1,-0.6,-0.4,0.1,-0.1
resumed,0.0,0.0,0.3,0.1,-0.1,0.1
resurrection,0.5,0.4,0.4,0.5,0.7,0.6
rover,0.3,0.0,0.1,-0.1,-0.4,0.1
scars,0.2,0.0,-0.5,0.1,0.4,0.2
scholarships,0.1,0.2,-0.1,0.2,0.2,-0.1
shannon,-0.1,0.0,0.1,0.1,0.0,-0.1
shelves,0.4,0.1,-0.2,0.1,0.2,-0.3
shipment,0.5,0.0,-0.3,-0.1,0.1,0.1
slut,0.1,-0.1,0.1,0.3,0.1,0.6
sparks,-0.7,0.4,0.4,0.8,-0.2,0.5
spatial,-0.2,0.3,0.0,-0.3,-0.2,-0.3
stainless,0.4,-0.2,0.2,-0.6,-0.3,-0.1
statutory,0.3,0.1,-0.5,-0.5,0.2,-0.2
stellar,0.2,0.4,0.1,0.4,0.8,0.3
stockholm,0.3,0.0,-0.1,-0.4,0.4,-0.1
stripes,-0.2,0.1,0.1,0.0,-0.1,0.1
stubborn,0.5,0.0,-0.6,0.2,0.1,0.2
summoned,0.3,-0.1,-0.2,0.1,0.5,0.4
sussex,0.2,0.0,-0.2,0.1,0.5,-0.2
swords,0.5,-0.5,0.1,-0.2,0.7,0.6
syrup,0.3,0.6,-0.8,0.4,0.1,-0.4
tackles,0.6,-0.2,-0.4,0.2,-0.1,0.7
tamil,0.2,0.0,0.0,0.5,0.8,0.1
tapping,-0.4,-0.3,0.5,0.1,-0.2,0.1
teachings,0.3,0.2,-0.2,0.3,0.6,-0.2
tightly,0.2,-0.2,-0.4,0.1,-0.1,0.1
tina,-0.1,0.0,0.1,0.2,-0.2,0.0
tones,-0.2,0.2,0.2,0.1,0.0,0.1
tories,0.3,0.0,-0.3,-0.2,0.4,0.2
transplant,0.2,0.0,-0.3,0.2,-0.5,0.2
traps,0.2,-0.3,-0.2,-0.2,0.3,0.3
tu,-0.4,0.0,0.0,0.1,0.1,-0.4
turf,0.2,0.1,-0.5,0.2,0.3,-0.2
twitch,-0.6,-0.5,0.6,0.1,-0.2,0.4
unlocked,-0.1,-0.2,0.3,0.0,-0.2,0.1
unusually,0.0,0.1,0.0,0.0,0.0,0.1
unveiled,-0.3,0.5,-0.4,0.1,0.1,0.2
username,-0.8,-0.1,0.2,-0.4,-0.8,-0.3
enacted,0.4,0.0,-0.3,-0.2,0.2,0.3
endorsement,0.1,0.1,0.1,0.1,-0.1,0.1
enlisted,0.3,0.0,-0.1,0.0,0.1,0.4
eyebrows,-0.4,0.1,0.2,0.2,0.0,0.0
fcc,0.1,0.0,-0.2,-0.5,-0.4,0.0
finite,0.2,0.0,-0.4,-0.4,0.3,-0.2
flagship,0.7,0.0,-0.2,0.1,0.2,0.4
forensic,0.2,0.0,-0.3,-0.7,-0.1,0.1
forthcoming,0.0,0.1,0.2,0.2,-0.3,-0.1
gallon,0.5,0.0,0.1,0.0,0.1,0.0
gems,0.3,-0.1,0.4,0.4,0.6,0.3
glowing,-0.3,0.4,0.2,0.8,-0.1,0.2
glucose,-0.1,0.0,-0.2,0.3,-0.2,0.0
gore,0.4,-0.1,-0.7,0.4,0.1,0.6
govt,0.4,0.0,-0.4,-0.4,0.2,0.1
gown,-0.2,0.5,0.1,0.3,0.3,-0.2
greedy,0.3,0.0,-0.1,0.1,0.2,0.4
halo,-0.7,0.7,0.3,0.5,0.7,-0.3
hilton,0.4,0.0,0.0,-0.1,-0.3,0.1
ideally,-0.5,0.3,0.4,0.1,-0.2,-0.3
identifies,0.0,0.0,0.0,-0.1,-0.2,0.0
improves,-0.1,0.1,0.3,0.3,-0.3,0.2
infamous,0.4,0.0,-0.2,-0.1,0.3,0.6
inspirational,-0.2,0.4,0.4,0.6,-0.2,0.4
internally,0.0,0.0,-0.2,0.1,0.0,-0.4
kashmir,0.3,0.2,0.1,0.2,0.5,0.2
knox,0.6,-0.2,-0.2,-0.2,0.3,0.2
lateral,0.0,-0.2,0.2,-0.2,0.0,0.0
leigh,-0.3,0.1,0.2,0.1,0.1,-0.2
lent,-0.1,0.0,0.1,-0.1,0.4,-0.3
lib,-0.4,0.1,0.5,0.1,-0.4,0.2
lifelong,0.3,0.0,-0.1,0.4,0.6,-0.2
limestone,0.7,-0.1,0.1,0.0,0.8,-0.2
liner,0.6,-0.1,0.0,-0.1,-0.1,0.2
majors,0.4,0.0,0.0,0.0,0.1,0.3
marched,0.5,0.0,-0.3,0.2,0.2,0.6
marrying,0.2,0.1,0.2,0.7,0.4,0.3
maths,0.2,0.0,0.1,-0.6,0.5,-0.2
memes,-0.6,0.3,0.7,0.1,-0.8,0.3
mentioning,-0.3,0.1,0.1,0.0,-0.2,-0.3
merge,0.3,-0.1,-0.4,0.2,-0.1,0.1
mesh,-0.4,0.3,0.3,0.0,-0.2,-0.2
migrant,0.2,0.1,0.0,0.1,0.1,0.1
mohammed,0.3,0.0,0.0,0.4,0.7,0.2
monitored,0.3,0.0,-0.3,-0.5,-0.3,-0.3
moron,0.1,0.0,-0.4,-0.1,-0.1,0.4
mortar,0.6,-0.3,-0.5,0.1,0.4,0.5
myths,-0.2,0.3,0.1,0.2,0.8,0.1
naive,-0.4,0.2,0.3,0.3,-0.7,-0.2
nat,-0.3,0.0,0.1,0.0,0.1,0.0
noises,-0.2,0.3,0.4,0.0,-0.2,0.7
norton,0.2,0.0,0.1,0.0,0.2,0.0
noticeable,0.1,0.0,0.1,0.0,-0.1,0.3
nt,-0.5,-0.1,0.0,-0.2,-0.5,-0.3
observing,-0.1,0.1,-0.1,-0.2,0.0,-0.5
omar,0.1,0.0,0.0,0.3,0.3,0.1
opted,-0.1,-0.1,0.1,0.0,-0.1,-0.1
palestinians,0.3,0.0,-0.2,0.3,0.5,0.4
paula,0.0,0.0,0.2,0.4,0.1,0.1
paypal,-0.3,-0.2,0.3,-0.3,-0.7,0.1
pedro,0.1,0.0,0.2,0.5,0.2,0.2
pens,-0.2,-0.2,0.3,0.0,0.0,-0.1
perfume,-0.4,0.6,0.1,0.4,0.2,0.1
pitching,0.1,-0.3,0.5,0.1,-0.1,0.4
pleasing,-0.3,0.2,0.3,0.6,-0.2,-0.2
premiums,0.2,0.0,-0.1,-0.2,0.0,0.1
prestige,0.4,0.0,-0.2,0.1,0.4,0.2
protects,0.3,0.0,-0.1,0.5,0.1,0.1
pyramid,0.9,0.0,-0.7,0.3,0.9,0.1
realizes,-0.1,-0.1,0.2,0.1,-0.2,0.2
relevance,0.1,0.0,0.0,0.0,-0.1,0.0
remotely,-0.4,0.1,0.1,-0.5,-0.4,-0.4
resorts,0.2,0.0,0.2,0.6,-0.2,0.1
retailer,0.1,0.0,-0.1,-0.2,-0.3,0.1
rica,-0.1,0.0,0.2,0.6,0.1,0.2
rigid,0.5,-0.2,-0.6,-0.5,0.2,0.2
rita,-0.1,0.0,0.3,0.4,0.2,0.2
rm,-0.5,-0.3,-0.2,-0.4,-0.6,-0.4
rom,-0.3,-0.1,-0.3,-0.3,-0.5,-0.2
ronaldo,0.2,-0.1,0.6,0.4,-0.3,0.6
sailors,0.3,0.3,0.1,0.2,0.5,0.3
samantha,-0.1,0.0,0.2,0.3,-0.2,0.1
sampling,-0.2,0.0,0.2,-0.1,-0.4,-0.1
screenshot,-0.6,0.2,-0.2,-0.5,-0.8,0.1
selfie,-0.5,0.1,0.4,0.2,-0.9,0.3
settlers,0.4,0.0,-0.3,0.2,0.6,0.2
shattered,-0.1,-0.4,-0.7,-0.3,0.1,0.8
signatures,-0.2,0.1,0.1,0.1,0.3,-0.1
spacecraft,0.7,-0.2,-0.2,-0.4,-0.5,0.7
specification,0.1,0.0,-0.4,-0.6,-0.3,-0.3
spiders,-0.4,0.4,0.3,-0.2,0.3,0.1
splendid,0.1,0.2,0.4,0.5,0.3,0.4
strokes,0.1,0.1,0.3,0.2,0.0,0.3
successes,0.3,0.1,0.5,0.5,-0.1,0.5
summers,-0.2,0.3,0.2,0.8,0.1,0.1
sundays,0.0,0.3,0.1,0.4,0.1,-0.4
supplying,0.1,0.0,-0.1,0.0,-0.1,0.0
telescope,0.3,-0.1,0.1,-0.3,0.3,-0.2
temp,-0.4,-0.1,0.3,0.1,-0.6,0.1
tended,0.1,0.1,-0.2,0.5,0.2,-0.3
terminated,0.5,-0.4,-0.6,-0.5,0.0,0.5
textile,-0.2,0.4,-0.4,0.3,0.2,-0.2
thickness,0.4,0.0,-0.3,0.1,0.0,0.0
threatens,0.4,-0.2,-0.2,-0.2,0.0,0.6
tossed,-0.2,0.3,0.5,0.1,-0.1,0.2
tray,0.1,0.4,0.2,0.0,0.0,-0.1
uae,0.2,0.0,0.0,0.6,-0.2,0.1
ucla,0.1,0.0,0.1,0.2,-0.3,0.1
unreasonable,0.3,0.0,-0.3,0.1,-0.1,0.4
unsure,-0.3,0.3,-0.2,-0.1,-0.2,-0.5
upwards,-0.4,0.6,0.4,0.1,-0.2,0.2
utilize,0.0,0.0,0.0,-0.2,-0.2,0.0
valuation,0.2,0.0,-0.2,-0.3,0.1,-0.2
veterinary,0.1,0.0,0.0,0.2,0.1,-0.1
villagers,0.2,0.0,-0.1,0.4,0.4,0.1
violate,0.4,-0.3,-0.4,-0.3,0.0,0.7
vivid,-0.2,0.2,0.4,0.5,-0.4,0.6
waving,-0.4,0.5,0.3,0.3,-0.2,0.1
accusing,0.3,-0.3,-0.3,-0.4,0.0,0.6
aided,-0.1,0.1,0.1,0.4,0.1,-0.2
alexis,-0.2,0.0,0.2,0.2,-0.4,0.1
allocation,0.2,0.0,-0.3,-0.3,0.1,-0.3
americas,0.7,0.0,0.0,0.2,0.5,0.1
amusement,-0.3,0.4,0.6,0.4,-0.3,0.4
antibiotics,-0.2,0.0,0.1,-0.4,-0.5,0.0
anticipation,-0.2,0.5,0.4,0.3,-0.2,0.3
appropriately,0.0,0.0,-0.1,-0.1,0.0,-0.2
arrests,0.5,-0.2,-0.5,-0.4,0.1,0.6
arrogant,0.3,0.3,-0.2,-0.3,0.1,0.5
assessing,0.1,0.0,-0.2,-0.2,0.0,-0.3
authorization,0.4,0.2,-0.4,-0.4,0.2,0.2
auxiliary,0.1,0.0,0.1,-0.1,0.1,-0.2
baggage,0.5,0.0,-0.4,0.0,0.2,-0.1
beacon,0.3,0.2,0.1,0.6,0.4,0.5
bella,-0.3,0.2,0.3,0.4,-0.3,0.0
belts,0.2,0.1,0.1,0.1,0.1,0.1
bounty,0.3,0.0,0.2,0.4,0.3,0.3
boxer,0.5,-0.2,0.3,0.3,0.1,0.6
briefing,0.1,0.2,-0.2,-0.2,-0.2,0.1
brook,-0.2,0.2,0.2,-0.2,0.3,-0.4
budgets,0.3,0.0,-0.3,-0.3,0.0,-0.1
canterbury,0.5,0.0,-0.2,0.2,0.7,-0.1
cartoons,-0.4,0.6,0.7,0.4,-0.4,0.5
ceramic,0.2,-0.1,0.3,-0.3,0.4,-0.3
cereal,-0.3,0.4,-0.1,0.1,-0.2,-0.3
challenger,0.3,0.1,0.2,0.2,-0.2,0.5
chased,0.1,-0.3,0.4,0.1,-0.1,0.6
clergy,0.4,0.3,-0.3,0.1,0.6,0.1
coats,0.2,0.3,-0.2,0.6,0.1,-0.1
cola,0.0,0.3,0.5,-0.2,-0.3,0.3
coma,0.6,0.0,-0.8,-0.5,0.1,-0.8
comfortably,-0.1,0.3,0.1,0.5,0.0,-0.4
commanders,0.5,0.0,-0.1,0.1,0.2,0.6
compass,0.2,0.0,0.1,-0.2,0.4,-0.2
considerations,0.2,0.2,-0.2,-0.1,0.1,-0.3
consultants,0.1,0.1,0.0,-0.1,-0.2,0.1
contempt,0.3,-0.3,-0.5,-0.6,0.2,0.4
contributes,0.0,0.0,0.1,0.2,0.0,0.1
credentials,0.2,0.3,-0.1,-0.1,0.2,0.0
croatia,0.3,0.0,0.0,0.3,0.5,0.1
cured,0.1,0.1,0.1,0.4,0.3,0.1
descended,0.3,0.0,-0.2,-0.2,0.2,-0.1
disappearance,-0.4,0.5,-0.4,-0.3,0.1,-0.5
doyle,0.1,0.0,0.0,0.1,0.3,0.0
drowned,0.6,-0.1,-0.7,-0.7,0.1,-0.2
drying,-0.2,0.4,-0.3,0.3,-0.1,-0.3
dwelling,0.4,0.0,-0.2,0.4,0.4,-0.3
dwight,0.1,0.0,0.0,0.0,0.2,0.0
ecology,0.2,0.2,0.1,0.2,0.3,-0.1
einstein,0.4,0.0,0.2,0.2,0.4,0.3
eli,-0.1,0.0,0.1,0.2,0.5,0.0
elliot,0.0,0.0,0.1,0.1,0.1,0.0
emergence,-0.1,0.4,0.3,0.2,-0.2,0.3
enclosed,0.3,0.0,-0.4,0.1,0.1,-0.4
endurance,0.5,0.0,-0.1,0.2,0.4,0.2
equals,0.0,0.0,0.1,0.0,0.2,-0.1
erotic,0.1,0.3,0.2,0.8,0.1,0.4
evacuation,0.4,0.2,0.1,-0.2,-0.1,0.7
exceptionally,0.1,0.2,0.3,0.1,0.0,0.3
exchanged,0.1,0.1,0.3,0.1,0.0,0.1
expenditure,0.3,0.1,-0.2,-0.1,0.1,0.1
falcon,-0.1,-0.6,0.4,0.3,0.3,0.4
favors,0.0,0.2,0.2,0.4,0.1,0.1
fernando,0.1,0.0,0.1,0.4,0.2,0.1
folder,0.0,0.3,-0.1,-0.1,0.0,-0.2
frequencies,-0.2,0.2,0.5,-0.2,-0.2,0.3
frightened,0.1,0.3,0.2,-0.4,0.0,0.6
gavin,0.0,0.0,0.1,0.1,0.0,0.1
groove,0.2,-0.2,0.3,0.3,0.1,0.1
hbo,-0.1,0.0,0.2,0.0,-0.6,0.2
hedge,0.2,0.3,-0.2,0.2,0.2,-0.2
homosexuality,0.2,0.0,0.1,0.4,0.2,0.3
icons,0.3,0.1,0.1,0.1,0.6,0.2
ingredient,0.0,0.0,0.1,0.2,0.1,0.0
initiate,0.2,-0.1,0.3,0.1,-0.2,0.4
inserted,0.1,-0.3,-0.2,-0.1,-0.1,0.0
interventions,0.4,0.0,-0.3,-0.2,0.1,0.3
invaded,0.6,-0.2,-0.4,0.3,0.2,0.7
ironically,-0.2,0.2,0.3,-0.1,-0.1,0.0
istanbul,0.5,0.0,-0.2,0.5,0.8,0.2
jacobs,0.1,0.0,0.1,0.1,0.2,0.0
jealousy,0.3,0.1,-0.2,0.6,0.3,0.5
jewellery,0.2,0.0,0.1,0.3,0.4,0.1
joker,-0.1,0.2,0.7,0.2,0.0,0.5
jonas,0.0,0.0,0.1,0.1,0.1,0.0
kingston,0.3,0.0,-0.1,0.2,0.3,0.1
kisses,-0.3,0.3,0.2,0.8,0.1,0.1
laden,0.8,0.0,-0.6,0.1,0.4,-0.2
learns,0.0,0.0,0.2,0.2,-0.2,-0.2
limbs,0.3,0.0,0.2,0.3,0.2,0.1
lionel,0.1,0.0,0.1,0.2,0.2,0.0
liu,-0.2,0.0,0.2,0.0,0.1,-0.1
mccarthy,0.2,0.0,0.0,-0.2,0.2,0.2
medicaid,0.2,0.0,-0.3,-0.1,-0.3,-0.1
meta,-0.4,0.2,0.4,-0.4,-0.8,-0.2
mil,-0.1,-0.1,0.1,-0.1,-0.2,-0.1
mit,0.1,0.0,0.1,-0.3,-0.2,0.0
newark,0.3,0.0,-0.2,0.0,0.2,0.2
nod,-0.2,-0.2,0.3,0.1,0.0,-0.6
notebook,0.1,0.2,0.1,0.2,-0.1,-0.4
offline,-0.3,0.1,-0.2,-0.5,-0.7,-0.5
offs,-0.2,0.0,0.2,-0.2,-0.2,-0.1
overweight,0.7,0.0,-0.5,0.1,0.0,0.1
palette,-0.1,0.2,0.2,0.3,0.1,-0.2
payne,0.2,0.0,0.0,0.0,0.2,0.1
phenomena,0.4,0.3,0.1,-0.2,0.5,0.3
pneumonia,0.5,0.1,-0.7,0.6,0.3,0.2
policeman,0.4,0.0,-0.1,0.0,0.1,0.4
postponed,0.2,0.3,-0.4,-0.3,-0.1,-0.3
potent,0.5,-0.1,0.1,0.4,0.2,0.6
preceding,0.1,0.0,0.0,-0.1,0.1,-0.2
predators,0.5,-0.3,0.2,0.1,0.4,0.6
psycho,0.2,-0.2,0.5,0.2,-0.2,0.8
rainy,-0.2,0.1,-0.4,-0.5,0.1,-0.3
rams,0.6,-0.2,0.1,0.2,0.3,0.5
ranged,0.1,0.0,0.1,0.0,0.0,0.0
recognizes,0.1,0.0,0.1,0.1,0.0,0.1
renovation,0.4,0.0,0.2,0.3,-0.4,0.3
reverend,0.4,0.1,-0.2,0.3,0.6,0.2
rewarding,0.3,0.1,0.2,0.6,0.1,0.2
rust,0.3,0.0,-0.6,0.2,0.7,-0.3
salty,-0.1,0.0,0.1,0.2,0.1,0.2
scots,0.3,0.0,0.1,0.1,0.5,0.2
scrutiny,0.4,-0.1,-0.3,-0.4,0.2,0.1
seizure,0.5,-0.2,-0.4,0.5,0.2,0.8
serum,-0.2,0.1,-0.4,0.1,0.2,-0.2
singular,0.1,0.0,0.2,-0.2,0.0,0.3
skate,0.0,-0.3,0.5,-0.3,-0.1,0.2
sofia,0.0,0.0,0.1,0.4,0.3,0.0
storyline,-0.1,0.1,0.1,0.2,0.1,0.1
stray,-0.3,0.3,0.2,0.0,-0.1,0.0
stud,0.5,-0.2,-0.1,0.2,0.1,0.3
subsidies,0.2,0.2,-0.5,-0.3,0.1,-0.2
sunk,0.6,-0.3,-0.7,-0.4,0.3,-0.3
supper,0.2,0.0,-0.2,0.7,0.4,-0.2
sweetheart,-0.2,0.3,0.3,0.9,0.3,-0.1
systemic,0.4,0.0,-0.4,-0.5,0.1,-0.1
tempo,0.0,-0.1,0.6,0.1,0.2,0.4
thereof,0.0,0.0,0.0,-0.2,0.5,-0.3
thirsty,-0.2,0.0,-0.3,0.6,0.0,0.2
torch,0.3,-0.1,-0.2,0.9,0.5,0.4
transferring,0.1,0.0,0.2,-0.1,-0.2,0.1
tumblr,-0.4,0.3,0.4,0.2,-0.7,0.1
turbo,0.2,-0.5,0.6,0.5,-0.4,0.7
unchanged,0.3,0.0,-0.3,-0.2,0.4,-0.3
understandable,-0.1,0.1,0.1,0.3,0.0,-0.2
upright,0.3,-0.2,0.1,0.0,0.2,0.1
uprising,0.5,0.4,0.2,0.6,0.3,0.8
vain,-0.3,0.3,0.0,-0.2,0.2,0.1
vanity,0.2,0.1,-0.2,-0.1,0.3,0.1
violin,0.1,0.2,0.2,0.5,0.5,0.4
wh,-0.5,0.1,0.0,0.0,-0.3,-0.5
whereby,0.0,0.0,0.0,-0.2,0.4,-0.3
whisper,-0.6,0.6,-0.2,0.2,0.0,-0.6
worthwhile,0.1,0.0,0.2,0.4,0.1,0.0
acceleration,0.1,-0.6,0.7,0.3,-0.3,0.6
aerospace,0.4,0.5,0.3,-0.4,-0.5,0.3
ak,0.2,-0.5,0.1,0.0,-0.1,0.5
aluminium,-0.2,0.2,0.4,-0.4,-0.2,-0.1
analog,0.3,0.0,-0.1,0.4,0.5,-0.1
analytical,0.2,-0.2,-0.2,-0.7,0.1,-0.2
anticipate,-0.1,-0.2,0.4,0.2,-0.1,0.2
arcade,0.1,0.0,0.5,0.3,-0.4,0.5
arlington,0.3,0.0,-0.2,-0.1,0.3,-0.1
arose,0.0,0.3,0.3,0.2,0.3,0.2
asthma,0.1,0.2,-0.6,0.3,0.1,0.4
aurora,-0.5,0.7,0.1,-0.2,0.6,-0.2
averaging,0.0,0.0,-0.1,-0.2,-0.1,-0.3
bacterial,-0.4,0.4,-0.5,0.4,0.5,0.1
bankrupt,0.5,-0.3,-0.7,-0.6,0.2,0.4
blink,-0.7,-0.4,0.8,-0.1,-0.2,-0.3
brighter,-0.3,0.3,0.4,0.7,-0.3,0.4
carey,-0.1,0.0,0.1,0.2,0.1,0.0
castro,0.3,0.0,-0.1,0.5,0.3,0.4
ceremonies,0.4,0.2,-0.2,0.3,0.7,0.2
chang,0.1,0.0,0.1,0.1,0.2,0.1
childish,-0.4,0.2,0.6,0.3,-0.7,0.4
chili,-0.3,0.0,0.2,0.9,0.1,0.6
clayton,0.3,0.0,-0.3,0.1,0.2,0.0
clearer,-0.5,0.3,0.2,-0.3,-0.2,0.1
coil,0.2,0.1,0.8,-0.2,0.1,0.2
combines,0.6,0.0,-0.2,0.2,0.1,0.5
commodities,0.2,0.0,-0.4,-0.2,0.3,0.0
confessed,0.3,0.0,-0.3,0.2,0.2,0.3
constituents,0.1,0.0,-0.1,-0.2,0.1,0.0
contention,0.4,0.0,-0.2,0.4,0.2,0.6
converting,0.1,0.0,0.1,0.2,-0.1,0.2
covenant,0.7,0.0,-0.5,0.3,0.8,0.2
crafts,0.1,0.2,0.1,0.5,0.4,-0.1
das,0.0,0.0,0.0,0.0,0.0,0.0
denies,0.1,0.0,0.1,-0.5,0.0,0.4
devotion,0.5,0.0,-0.4,0.7,0.4,-0.2
dilemma,0.4,0.0,-0.5,-0.1,0.1,0.2
dis,-0.3,0.0,0.3,-0.3,-0.6,0.5
discoveries,-0.1,0.1,0.4,0.3,0.2,0.4
disgrace,0.6,0.0,-0.6,-0.5,0.3,0.5
dixon,0.2,0.0,0.0,0.0,0.2,0.1
emirates,0.4,0.0,-0.1,0.6,0.3,0.2
emmy,0.1,0.0,0.3,0.3,-0.3,0.4
employing,0.1,0.0,0.0,0.0,0.0,0.1
employs,0.1,0.0,0.0,0.0,0.0,0.1
escaping,-0.4,-0.3,0.5,0.2,-0.2,0.6
ethiopia,0.5,0.0,-0.3,0.7,0.8,0.2
ethnicity,0.3,0.0,-0.2,0.2,0.6,0.1
eventual,0.0,0.0,0.0,0.0,0.1,-0.2
excel,-0.2,-0.2,0.6,0.1,-0.2,0.5
exercising,0.2,0.0,0.4,0.6,-0.2,0.5
faded,-0.5,0.4,-0.3,-0.3,0.6,-0.7
firstly,0.0,0.0,0.0,0.0,0.0,0.0
flavour,0.0,0.3,0.2,0.5,0.1,0.3
flex,-0.2,-0.1,0.8,0.1,-0.4,0.3
fluids,-0.1,-0.1,-0.5,0.1,0.0,-0.2
franco,0.3,0.0,-0.2,-0.2,0.5,0.2
gangs,0.4,0.0,0.1,0.1,-0.1,0.7
gases,-0.8,0.8,-0.1,0.2,0.1,0.1
genus,0.2,0.0,-0.2,-0.3,0.7,-0.3
gloria,0.1,0.3,0.3,0.6,0.5,0.6
glove,-0.3,0.3,-0.2,0.4,0.1,-0.4
grabs,0.2,-0.2,0.2,0.2,-0.2,0.6
grammy,0.1,0.0,0.4,0.3,-0.4,0.5
grapes,-0.3,0.0,0.3,0.2,0.2,-0.3
greed,0.6,0.0,-0.5,0.3,0.5,0.5
greet,-0.1,0.0,0.3,0.6,0.1,0.2
hank,0.1,0.2,0.1,0.2,0.2,0.0
hose,0.1,0.0,0.4,-0.1,0.0,0.1
hq,0.3,0.0,0.1,-0.2,-0.3,0.3
impacted,0.6,-0.3,-0.6,0.2,0.1,0.6
imposing,0.7,0.0,-0.3,-0.3,0.3,0.2
inflammation,0.2,0.3,-0.4,0.8,-0.1,0.5
innovations,-0.3,0.2,0.4,0.1,-0.8,0.3
ko,0.5,-0.4,0.2,0.3,-0.2,0.8
lambert,0.1,0.0,0.1,0.2,0.2,-0.1
lamps,0.1,0.0,0.2,0.6,0.1,0.2
lava,0.8,0.3,-0.8,1.0,0.7,0.6
ln,-0.5,0.0,0.0,-0.5,-0.3,-0.6
longtime,0.2,0.3,0.1,0.4,0.5,-0.2
madonna,0.3,0.1,0.1,0.2,0.6,0.4
magnet,0.5,-0.3,0.1,-0.2,0.2,0.1
mann,0.3,0.0,0.0,0.1,0.3,0.1
metaphor,-0.2,0.4,0.3,0.1,0.5,-0.3
millionaire,0.4,0.0,0.3,0.3,-0.1,0.4
mn,-0.2,0.0,0.0,-0.2,-0.1,-0.4
motives,0.1,0.0,0.0,-0.1,0.2,-0.2
myers,0.1,0.0,0.0,0.0,0.2,-0.1
mysteries,0.3,0.3,-0.2,-0.2,0.7,-0.5
negro,0.3,0.0,-0.1,0.1,0.6,0.2
nightmares,0.5,-0.1,-0.4,-0.5,0.2,0.7
notify,-0.3,-0.3,0.4,0.0,-0.4,0.5
null,-0.8,0.2,-0.5,-0.8,-0.2,-0.9
ole,-0.2,0.3,0.6,0.7,0.4,0.8
oops,-0.5,-0.3,0.7,0.2,-0.6,0.4
oriental,0.2,0.2,0.0,0.3,0.6,-0.1
owing,0.4,0.2,-0.3,-0.2,0.1,-0.2
pact,0.5,0.0,-0.2,0.1,0.6,0.2
paramount,0.6,0.0,0.1,-0.1,0.3,0.4
paranoid,-0.1,-0.3,0.3,-0.4,-0.2,0.6
patriot,0.4,0.0,0.1,0.5,0.5,0.5
patron,0.3,0.0,0.0,0.3,0.4,0.0
pearson,0.2,0.0,0.1,0.0,0.2,-0.1
popcorn,-0.7,0.5,0.9,0.6,-0.3,0.2
positioning,0.1,0.0,0.0,-0.2,-0.4,-0.2
preserving,0.3,0.2,-0.2,0.3,0.5,-0.3
proxy,-0.2,0.0,0.2,-0.3,-0.2,-0.3
quantitative,0.2,0.0,-0.1,-0.7,-0.3,-0.2
regain,0.1,0.1,0.5,0.2,0.0,0.3
reminding,-0.1,0.2,0.2,0.3,0.1,-0.4
renew,-0.2,0.2,0.6,0.4,-0.7,0.2
resemble,0.0,0.0,0.1,0.0,0.1,-0.3
retarded,0.5,0.6,-0.5,-0.3,0.4,0.3
retro,-0.1,0.0,0.3,0.3,0.4,0.1
revolt,0.5,-0.3,0.2,0.6,0.4,0.8
rightly,0.1,0.0,0.1,0.2,0.2,0.0
roasted,0.1,0.0,-0.2,0.8,0.1,0.2
ruining,0.4,-0.2,-0.6,-0.2,0.3,0.6
rumor,-0.6,0.6,0.4,0.1,0.2,-0.4
sacked,0.3,-0.3,-0.4,-0.1,0.1,0.4
saddle,0.3,0.0,0.1,0.3,0.3,0.0
schmidt,0.1,0.0,0.0,0.0,0.1,0.0
schooling,0.1,0.1,0.0,0.1,0.1,0.2
sherlock,0.1,-0.3,0.2,-0.1,0.4,0.1
shirley,-0.1,0.0,0.2,0.2,0.2,-0.1
shrine,0.6,0.0,-0.3,0.2,0.7,-0.5
shrink,-0.3,-0.2,0.3,-0.2,0.0,-0.2
sniper,0.2,-0.5,-0.2,-0.5,0.1,0.6
solitary,0.2,0.2,-0.4,-0.4,0.2,-0.7
sorrow,0.7,0.0,-0.6,-0.3,0.3,-0.4
squares,0.2,0.0,0.2,-0.1,0.1,0.0
starters,0.0,-0.1,0.4,0.1,-0.4,0.3
stoke,0.2,0.1,-0.1,0.8,0.2,0.5
sutton,0.1,0.0,0.0,0.0,0.2,0.0
talkin,-0.1,0.1,0.3,0.2,-0.2,0.3
taller,0.1,0.1,0.1,0.0,-0.1,0.1
termination,0.5,-0.2,-0.5,-0.5,0.1,0.6
thames,0.5,0.0,-0.5,-0.2,0.7,-0.2
thigh,0.2,0.0,0.3,0.5,0.0,0.0
thrive,0.0,0.2,0.4,0.6,-0.1,0.4
tr,0.0,0.0,0.0,0.0,0.0,0.0
troll,0.4,0.0,-0.2,-0.2,0.5,0.3
ty,0.0,0.0,0.0,0.0,-0.5,0.0
uncovered,-0.2,0.2,0.1,0.1,-0.1,0.2
undertake,0.4,0.0,-0.2,0.0,0.2,0.2
unpaid,0.2,0.3,-0.3,-0.3,0.0,0.1
unsuccessful,0.4,-0.1,-0.5,-0.3,0.0,0.1
usc,0.0,0.0,0.0,0.0,0.1,0.0
vest,-0.2,0.4,-0.1,0.4,0.1,-0.2
vine,-0.1,0.3,0.2,0.2,0.4,-0.3
violating,0.3,-0.2,-0.3,-0.2,0.0,0.6
viruses,-0.4,0.6,0.1,0.2,0.1,0.3
warns,0.2,0.0,-0.1,0.1,0.0,0.5
warranty,0.1,0.3,-0.1,-0.2,0.0,-0.1
weakened,-0.4,0.3,-0.4,-0.2,0.2,-0.4
windsor,0.4,0.0,0.0,0.1,0.6,0.0
yen,-0.3,0.4,0.3,-0.1,0.2,-0.1
zimbabwe,0.3,0.0,0.1,0.6,0.3,0.1
admired,0.2,0.2,0.1,0.5,0.1,0.1
airways,-0.6,0.7,0.2,-0.3,-0.2,0.2
aisle,-0.1,0.1,0.0,-0.1,0.2,-0.4
almighty,0.9,0.2,-0.2,0.4,0.9,0.8
amino,-0.5,0.3,0.1,0.1,0.2,-0.2
ants,-0.7,0.5,0.2,0.1,0.3,-0.3
apparel,-0.1,0.4,-0.1,0.3,0.3,-0.2
arbitration,0.4,0.1,-0.4,-0.4,0.2,0.1
arising,-0.2,0.5,0.3,0.1,0.0,0.1
artifacts,0.5,0.0,-0.3,0.2,0.8,-0.4
ashton,0.1,0.0,0.0,0.0,0.2,0.0
atom,-0.9,0.7,0.5,0.1,0.8,0.1
auburn,0.1,0.3,-0.1,0.6,0.3,-0.2
awakening,-0.3,0.4,0.4,0.5,-0.4,0.3
bedrooms,0.2,0.0,-0.2,0.4,0.1,-0.5
bilateral,0.0,0.0,0.0,-0.4,0.1,-0.1
bleed,0.1,0.2,-0.6,0.7,-0.1,0.5
brace,0.5,0.0,-0.2,-0.2,0.1,0.2
burgers,0.2,0.1,0.1,0.5,-0.2,0.1
caption,-0.5,0.3,0.1,-0.1,0.0,-0.4
captures,0.2,0.0,0.1,0.0,-0.1,0.3
choke,0.4,-0.2,-0.7,0.3,-0.1,0.6
cholesterol,0.3,0.2,-0.8,0.2,0.0,-0.2
classy,-0.1,0.2,0.2,0.2,0.1,-0.1
clicks,-0.6,-0.3,0.6,-0.3,-0.6,0.2
clyde,0.1,0.0,0.0,0.1,0.3,0.0
compelled,0.4,-0.2,-0.3,0.1,0.1,0.4
concealed,0.1,0.1,-0.3,-0.2,0.1,-0.6
condemn,0.6,-0.2,-0.5,-0.4,0.4,0.6
confrontation,0.6,-0.1,0.2,0.5,0.1,0.7
constitutes,0.1,0.0,0.0,-0.3,0.1,-0.2
contributor,0.0,0.0,0.1,0.2,-0.1,-0.1
cpu,-0.4,-0.2,0.2,0.3,-0.7,-0.4
damon,0.1,0.0,0.0,0.1,0.2,0.0
deluxe,0.2,0.2,0.3,0.3,-0.2,0.3
devastated,0.7,0.0,-0.8,-0.5,0.1,0.5
dinosaurs,0.9,0.0,-0.4,0.2,0.9,0.4
disguise,-0.2,0.4,-0.1,-0.2,0.2,-0.5
dismissal,0.3,0.2,-0.4,-0.5,0.1,0.2
domains,0.3,0.0,0.1,-0.2,0.3,0.0
downstairs,0.3,0.0,-0.1,0.1,0.1,-0.2
empathy,-0.2,0.3,0.2,0.8,0.2,-0.4
ensemble,0.2,0.0,0.2,0.3,0.3,0.2
ernest,0.1,0.0,0.0,0.2,0.5,-0.1
feasible,-0.1,0.0,0.1,0.0,-0.1,-0.2
flawed,0.2,0.0,-0.5,0.1,0.2,0.1
forged,0.7,-0.1,-0.1,0.7,0.5,0.4
generals,0.6,0.0,-0.2,-0.1,0.4,0.5
genres,-0.2,0.1,0.1,0.0,0.3,-0.2
gettin,-0.2,-0.1,0.3,0.3,-0.5,0.2
gi,-0.1,0.3,0.2,0.1,-0.3,0.1
goats,0.2,0.0,0.4,0.4,0.4,0.3
grease,0.2,-0.2,-0.8,0.5,0.0,-0.3
greeks,0.4,0.0,-0.1,0.3,0.8,0.2
guessed,-0.3,0.1,0.2,0.0,-0.2,-0.3
haiti,0.1,0.0,0.1,0.8,0.3,0.1
hallway,0.2,-0.1,-0.1,-0.1,0.1,-0.4
harley,0.5,-0.1,0.3,0.5,-0.1,0.7
heavens,-0.5,0.7,0.2,0.4,0.9,0.3
helicopters,0.7,0.5,-0.1,0.1,-0.6,0.8
homosexual,0.0,0.0,0.1,0.3,-0.2,0.1
